route_no,stop_sequence,stop_name,latitude,longitude,stop_norm
111-C_REV,1,Kaval Byrasandra,13.01974,77.60769,kaval byrasandra
111-C_REV,2,P and T Quarters,13.0215,77.6046,p and t quarters
111-C_REV,3,Sultanpalya Cross Pushpanjali Talkies,13.02211,77.60242,sultanpalya cross pushpanjali talkies
111-C_REV,4,Dinnur Main Road,13.02395,77.5989,dinnur main road
111-C_REV,5,HMT Layout R T Nagara,13.02465,77.59481,hmt layout r t nagara
111-C_REV,6,RT Nagara Police Station,13.02424,77.59288,rt nagara police station
111-C_REV,7,RTN Post Office,13.022,77.59251,rtn post office
111-C_REV,8,Rahamathnagara,13.01755,77.5919,rahamathnagara
111-C_REV,9,Matadahalli,13.01366,77.59365,matadahalli
111-C_REV,10,C Q A L,13.01175,77.59331,c q a l
111-C_REV,11,TV Tower,13.00978,77.59078,tv tower
111-C_REV,12,Munireddy Palya J C Nagara,13.00676,77.59276,munireddy palya j c nagara
111-C_REV,13,Jayamahal,13.00189,77.59448,jayamahal
111-C_REV,14,Cantonment Railway Station,12.99384,77.59712,cantonment railway station
111-C_REV,15,CSI Hospital,12.98983,77.59938,csi hospital
111-C_REV,16,Cunningham Road,12.98787,77.59427,cunningham road
111-C_REV,17,High Ground Police Station,12.98885,77.59222,high ground police station
111-C_REV,18,Sophiya School,12.98573,77.58934,sophiya school
111-C_REV,19,Telephone Exchange AGO/VSD,12.98219,77.58869,telephone exchange ago/vsd
111-C_REV,20,Maharani College,12.97907,77.58511,maharani college
111-C_REV,21,Cauvery Bhavana,12.97372,77.58157,cauvery bhavana
111-C_REV,22,Kempegowda Bus Station,12.97749,77.57327,kempegowda bus station
114-C_REV,1,Kempegowda Bus Station,12.97749,77.57327,kempegowda bus station
114-C_REV,2,Cauvery Bhavana,12.97372,77.58157,cauvery bhavana
114-C_REV,3,Maharani College,12.97907,77.58511,maharani college
114-C_REV,4,Telephone Exchange AGO/VSD,12.98219,77.58869,telephone exchange ago/vsd
114-C_REV,5,Sophiya School,12.98573,77.58934,sophiya school
114-C_REV,6,High Ground Police Station,12.98885,77.59222,high ground police station
114-C_REV,7,Cunningham Road,12.98787,77.59427,cunningham road
114-C_REV,8,CSI Hospital,12.98983,77.59938,csi hospital
114-C_REV,9,Cantonment Railway Station,12.99384,77.59712,cantonment railway station
114-C_REV,10,Jayamahal,13.00189,77.59448,jayamahal
114-C_REV,11,Munireddy Palya J C Nagara,13.00676,77.59276,munireddy palya j c nagara
114-C_REV,12,TV Tower,13.00978,77.59078,tv tower
114-C_REV,13,C Q A L,13.01175,77.59331,c q a l
114-C_REV,14,Matadahalli,13.01366,77.59365,matadahalli
114-C_REV,15,Rahamathnagara,13.01755,77.5919,rahamathnagara
114-C_REV,16,RTN Post Office,13.022,77.59251,rtn post office
114-C_REV,17,RT Nagara Police Station,13.02424,77.59288,rt nagara police station
114-C_REV,18,HMT Layout R T Nagara,13.02465,77.59481,hmt layout r t nagara
114-C_REV,19,Dinnur Main Road,13.02395,77.5989,dinnur main road
114-C_REV,20,Sultanpalya Cross Pushpanjali Talkies,13.02211,77.60242,sultanpalya cross pushpanjali talkies
114-C_REV,21,Ashwathkatte Sultanpalya,13.02459,77.60346,ashwathkatte sultanpalya
114-C_REV,22,Sultan palya,13.02654,77.60409,sultan palya
13_REV,1,Banashankari Bus Station,12.91779,77.57272,banashankari bus station
13_REV,2,Sangam Circle,12.91763,77.57733,sangam circle
13_REV,3,Jayanagara 40th Cross,12.91991,77.58062,jayanagara 40th cross
13_REV,4,Jayanagara 38th Cross,12.92146,77.58365,jayanagara 38th cross
13_REV,5,Jayanagara Telephone Exchange,12.92374,77.58374,jayanagara telephone exchange
13_REV,6,Jayanagara Bus Station,12.92852,77.58418,jayanagara bus station
13_REV,7,3rd Block Jayanagara,12.9318,77.58392,3rd block jayanagara
13_REV,8,Madhavan Park,12.93651,77.58401,madhavan park
13_REV,9,Rani Saraladevi High School,12.93769,77.58506,rani saraladevi high school
13_REV,10,Ashoka Pillar,12.94249,77.58515,ashoka pillar
13_REV,11,Siddapura Ashoka Pillar,12.94633,77.58873,siddapura ashoka pillar
13_REV,12,Mallige Hospital,12.94764,77.59125,mallige hospital
13_REV,13,Wilson Garden 10th Cross,12.9467,77.59608,wilson garden 10th cross
13_REV,14,Wilson Garden Police Station,12.95064,77.59558,wilson garden police station
13_REV,15,Shanthinagara Bus Station,12.95483,77.59235,shanthinagara bus station
13_REV,16,KH Road,12.95815,77.59299,kh road
13_REV,17,Richmond Circle,12.96738,77.59946,richmond circle
13_REV,18,St Joseph College,12.97036,77.60368,st joseph college
13_REV,19,St Joseph Boys High School Musuem Road,12.97193,77.6044,st joseph boys high school musuem road
13_REV,20,State Bank India Garage,12.97435,77.6015,state bank india garage
13_REV,21,MG Road,12.97779,77.60204,mg road
13_REV,22,Shivajinagara Bus Station,12.98328,77.60304,shivajinagara bus station
141-E_REV,1,Ejipura,12.94669,77.62883,ejipura
141-E_REV,2,Fairland Shop,12.95041,77.62546,fairland shop
141-E_REV,3,Shine Bakery,12.95067,77.6239,shine bakery
141-E_REV,4,Ravi Tent,12.95166,77.62138,ravi tent
141-E_REV,5,Vannarapet,12.95625,77.62095,vannarapet
141-E_REV,6,ASC Centre,12.96224,77.61901,asc centre
141-E_REV,7,Austin Town,12.96153,77.61456,austin town
141-E_REV,8,Philomenas Hospital,12.96475,77.61011,philomenas hospital
141-E_REV,9,Shoolay Circle Brigade Road,12.96659,77.60666,shoolay circle brigade road
141-E_REV,10,St Patrick Church,12.97023,77.60517,st patrick church
141-E_REV,11,Mayohall,12.97336,77.6099,mayohall
141-E_REV,12,MG Road Metro Station,12.97541,77.60644,mg road metro station
141-E_REV,13,Shivajinagara Bus Station,12.98328,77.60304,shivajinagara bus station
143_REV,1,Neelasandra Bus Stand,12.95766,77.61429,neelasandra bus stand
143_REV,2,Austin Town,12.96153,77.61456,austin town
143_REV,3,Philomenas Hospital,12.96475,77.61011,philomenas hospital
143_REV,4,Richmond Circle,12.9658,77.60433,richmond circle
143_REV,5,Nanjappa Circle,12.9606,77.60084,nanjappa circle
143_REV,6,Akkithimmanahalli,12.96216,77.59674,akkithimmanahalli
143_REV,7,Subbaiah Circle,12.96258,77.59102,subbaiah circle
143_REV,8,Poornima Talkies,12.96101,77.58802,poornima talkies
143_REV,9,Town Hall,12.96355,77.58375,town hall
143_REV,10,KR Market,12.9641,77.57897,kr market
171-G_REV,1,Kempegowda Bus Station,12.97749,77.57327,kempegowda bus station
171-G_REV,2,Mysore Bank,12.97253,77.58199,mysore bank
171-G_REV,3,Corporation,12.96839,77.58675,corporation
171-G_REV,4,Pallavi Talkies,12.9679,77.59102,pallavi talkies
171-G_REV,5,KH Road,12.95815,77.59299,kh road
171-G_REV,6,Shanthinagara Bus Station,12.95483,77.59235,shanthinagara bus station
171-G_REV,7,Wilson Garden Police Station,12.95064,77.59558,wilson garden police station
171-G_REV,8,Wilson Garden 10th Cross,12.94752,77.59831,wilson garden 10th cross
171-G_REV,9,Wilson Garden 14th Main,12.94659,77.60052,wilson garden 14th main
171-G_REV,10,MICO Factory Junction,12.94453,77.60276,mico factory junction
171-G_REV,11,MICO Gate Adugodi,12.94399,77.60532,mico gate adugodi
171-G_REV,12,Adugodi,12.94397,77.60748,adugodi
171-G_REV,13,Adugodi Police Station,12.93897,77.60976,adugodi police station
171-G_REV,14,Koramangala Forum Mall,12.93486,77.61195,koramangala forum mall
171-G_REV,15,Jyothi Nivas College,12.93542,77.61453,jyothi nivas college
171-G_REV,16,Kalyana Mantapa Koramangala,12.93727,77.61845,kalyana mantapa koramangala
171-G_REV,17,Koramangala Police Station,12.94172,77.62179,koramangala police station
171-G_REV,18,Koramangala Bus Station,12.9405,77.62479,koramangala bus station
171-G_REV,19,Sony World 80ft Road Koramangala,12.93782,77.62639,sony world 80ft road koramangala
171-G_REV,20,Maharaja Signal,12.93427,77.62983,maharaja signal
171-G_REV,21,Wipro Park Koramangala,12.92897,77.63319,wipro park koramangala
171-G_REV,22,Koramangala 1st Block,12.9249,77.63458,koramangala 1st block
176_REV,1,Kaval Byrasandra,13.01974,77.60769,kaval byrasandra
176_REV,2,P and T Quarters,13.0215,77.6046,p and t quarters
176_REV,3,Sultanpalya Cross Pushpanjali Talkies,13.02211,77.60242,sultanpalya cross pushpanjali talkies
176_REV,4,Dinnur Main Road,13.02395,77.5989,dinnur main road
176_REV,5,HMT Layout R T Nagara,13.02465,77.59481,hmt layout r t nagara
176_REV,6,RT Nagara Police Station,13.02566,77.59301,rt nagara police station
176_REV,7,Vasanthappa Block,13.02628,77.58917,vasanthappa block
176_REV,8,CBI,13.02653,77.58565,cbi
176_REV,9,Gangenahalli,13.02256,77.58457,gangenahalli
176_REV,10,Mekhri Circle,13.0135,77.58411,mekhri circle
176_REV,11,Palace Ground,13.01061,77.58399,palace ground
176_REV,12,RM Guttahalli,13.00009,77.58425,rm guttahalli
176_REV,13,Bashyam Circle Sadashivanagara,13.0062,77.57905,bashyam circle sadashivanagara
176_REV,14,Vaiyalikaval Police Station,13.00207,77.57851,vaiyalikaval police station
176_REV,15,Vaiyali Kaval,12.99916,77.57769,vaiyali kaval
176_REV,16,Dattatreya Temple Malleshwara,12.99893,77.57479,dattatreya temple malleshwara
176_REV,17,Malleshwara Circle,12.99676,77.56877,malleshwara circle
176_REV,18,Devaiah Park,12.99628,77.56424,devaiah park
176_REV,19,Harishchandra Ghat,12.99695,77.56089,harishchandra ghat
176_REV,20,Mariyappanapalya,12.99858,77.55574,mariyappanapalya
176_REV,21,Navarang Theatre,12.99762,77.55113,navarang theatre
176_REV,22,Rajajinagara 2nd Block,12.99607,77.55144,rajajinagara 2nd block
176_REV,23,Basaveshwara College,12.99439,77.5528,basaveshwara college
176_REV,24,ESI Hospital Rajajinagara,12.99069,77.55258,esi hospital rajajinagara
176_REV,25,Rama Mandira Rajajinagara,12.98623,77.55636,rama mandira rajajinagara
176_REV,26,Bashyam Circle Rajajinagara,12.98391,77.55412,bashyam circle rajajinagara
176_REV,27,6th Block Rajajinagara,12.97953,77.55377,6th block rajajinagara
176_REV,28,Prasanna Theatre,12.97401,77.55122,prasanna theatre
176_REV,29,Magadi Road TollGate,12.97437,77.54902,magadi road tollgate
176_REV,30,Manuvana,12.97401,77.54656,manuvana
176_REV,31,Vijayanagara Vijaya Bank,12.97359,77.54155,vijayanagara vijaya bank
176_REV,32,Vijayanagara,12.97197,77.53786,vijayanagara
176_REV,33,Maruthi Mandira,12.96785,77.53637,maruthi mandira
176_REV,34,Vijayanagara Garage,12.966,77.53555,vijayanagara garage
176_REV,35,Hampi Nagara Post Office,12.96514,77.53814,hampi nagara post office
176_REV,36,Hampi Nagara 7th Main,12.96217,77.53757,hampi nagara 7th main
176_REV,37,Hampinagara RPC Layout,12.95872,77.53575,hampinagara rpc layout
201_REV,1,Dr BR Ambedkar Bus Terminal (Domlur),12.96163,77.63881,dr br ambedkar bus terminal (domlur)
201_REV,2,Dhoopanahalli,12.96354,77.64156,dhoopanahalli
201_REV,3,Indiranagara 100ft Road,12.96658,77.64141,indiranagara 100ft road
201_REV,4,New Horizon School,12.9689,77.64129,new horizon school
201_REV,5,Indiranagara 12th Main,12.97026,77.64122,indiranagara 12th main
201_REV,6,Indiranagara 6th Main,12.974,77.64103,indiranagara 6th main
201_REV,7,Indiranagara Police Station/KFC,12.97833,77.64065,indiranagara police station/kfc
201_REV,8,Indiranagara Metro Station,12.97826,77.6386,indiranagara metro station
201_REV,9,Double Road Indiranagara,12.97821,77.63645,double road indiranagara
201_REV,10,Lakshmipura,12.97816,77.63228,lakshmipura
201_REV,11,Halasuru,12.97793,77.6283,halasuru
201_REV,12,Halasuru Police Station,12.97515,77.62564,halasuru police station
201_REV,13,Lido Talkies,12.97277,77.62141,lido talkies
201_REV,14,Hosmat Hospital (DIG Office),12.96893,77.61529,hosmat hospital (dig office)
201_REV,15,Life Style (Sacred Heart School),12.96692,77.61018,life style (sacred heart school)
201_REV,16,Philomenas Hospital,12.96508,77.61011,philomenas hospital
201_REV,17,Austin Town,12.96156,77.61344,austin town
201_REV,18,ASC Centre,12.96245,77.61906,asc centre
201_REV,19,Vannarapet,12.95647,77.62115,vannarapet
201_REV,20,Vivek Nagara Cross,12.95469,77.62074,vivek nagara cross
201_REV,21,Ravi Tent,12.95169,77.62148,ravi tent
201_REV,22,National Games Village Gate,12.94928,77.62039,national games village gate
201_REV,23,Passport Office Koramangala,12.94545,77.61923,passport office koramangala
201_REV,24,Indoor Stadium,12.94279,77.6225,indoor stadium
201_REV,25,Koramangala Bus Station,12.94061,77.62482,koramangala bus station
201_REV,26,Sony World 100ft Road  Koramangala,12.93685,77.62659,sony world 100ft road  koramangala
201_REV,27,Canara Bank Koramangala,12.93407,77.62369,canara bank koramangala
201_REV,28,BDA Complex Koramangala,12.93109,77.62248,bda complex koramangala
201_REV,29,Koramangala Water Tank,12.92792,77.62121,koramangala water tank
201_REV,30,Kudure Mukha Colony,12.92572,77.6254,kudure mukha colony
201_REV,31,Krupanidhi College,12.92388,77.62852,krupanidhi college
201_REV,32,Madivala,12.92166,77.62146,madivala
201_REV,33,Central Silk Board,12.91689,77.62177,central silk board
201_REV,34,Kuvempunagara Bus Station(BTM Layout),12.91597,77.61623,kuvempunagara bus station(btm layout)
201_REV,35,BTM Layout 16th Main,12.9165,77.60932,btm layout 16th main
201_REV,36,BTM Layout Water Tank,12.91654,77.60711,btm layout water tank
201_REV,37,MICO Layout BTM,12.91657,77.60427,mico layout btm
201_REV,38,East End Jayanagara,12.91671,77.59629,east end jayanagara
201_REV,39,Ragigudda Temple,12.91678,77.59349,ragigudda temple
201_REV,40,Marenahalli (Marenahalli Metro Station),12.91688,77.58858,marenahalli (marenahalli metro station)
201_REV,41,Jayanagara 5th Block,12.91701,77.58413,jayanagara 5th block
201_REV,42,Sangam Circle,12.91704,77.57875,sangam circle
201_REV,43,Banashankari Bus Station,12.91736,77.5727,banashankari bus station
201_REV,44,Banashankari Hunasemara,12.92084,77.57414,banashankari hunasemara
201_REV,45,Monotype Corporation,12.92154,77.57104,monotype corporation
201_REV,46,Banashankari Post Office,12.92623,77.56995,banashankari post office
201_REV,47,Nagalakshmi Kalyana Mantapa,12.9274,77.56794,nagalakshmi kalyana mantapa
201_REV,48,Indira Nursing Home,12.92907,77.5646,indira nursing home
201_REV,49,KIMS College,12.92718,77.56176,kims college
201_REV,50,Devegowda Petrol Bunk,12.92194,77.55914,devegowda petrol bunk
201_REV,51,Kamakya Talkies,12.92409,77.55276,kamakya talkies
201_REV,52,Kathriguppe,12.92535,77.54989,kathriguppe
201_REV,53,Janatha Bazar Banashankari,12.92837,77.54577,janatha bazar banashankari
201_REV,54,Hosakerehalli  Junction,12.93067,77.54353,hosakerehalli  junction
201_REV,55,Hoskerehalli Cross,12.93293,77.5454,hoskerehalli cross
201_REV,56,Seetha Circle,12.93705,77.54882,seetha circle
201_REV,57,Bank Colony,12.93861,77.55326,bank colony
201_REV,58,Srinivasa Nagara,12.93816,77.55687,srinivasa nagara
201_REV,59,Apex Bank,12.94177,77.55602,apex bank
201_REV,60,Srinagara Bus Station,12.94425,77.55479,srinagara bus station
210-P_REV,1,Chikkallasandra,12.91507,77.55198,chikkallasandra
210-P_REV,2,Mahesh Medicals,12.91409,77.55,mahesh medicals
210-P_REV,3,Chikkallasandra Aralimara,12.91168,77.55226,chikkallasandra aralimara
210-P_REV,4,Gowdanapalya,12.91152,77.55591,gowdanapalya
210-P_REV,5,Prarthana School,12.91159,77.5581,prarthana school
210-P_REV,6,Padmanabha Nagara,12.91811,77.55964,padmanabha nagara
210-P_REV,7,Devegowda Petrol Bunk,12.9227,77.56033,devegowda petrol bunk
210-P_REV,8,KIMS College,12.92678,77.56133,kims college
210-P_REV,9,Indira Nursing Home,12.92921,77.56441,indira nursing home
210-P_REV,10,Thyagaraja Nagara,12.93203,77.56755,thyagaraja nagara
210-P_REV,11,Thyagaraja Nagara KEB Quarters,12.93504,77.56842,thyagaraja nagara keb quarters
210-P_REV,12,NR Colony,12.93789,77.5689,nr colony
210-P_REV,13,Nettakallappa Circle,12.93949,77.57214,nettakallappa circle
210-P_REV,14,Basavanagudi Police Station,12.94158,77.57374,basavanagudi police station
210-P_REV,15,Gandhi Bazaar,12.94622,77.57014,gandhi bazaar
210-P_REV,16,Ramakrishna Ashrama,12.94898,77.56765,ramakrishna ashrama
210-P_REV,17,Bengaluru High School,12.95209,77.56749,bengaluru high school
210-P_REV,18,Chamarajapet,12.95714,77.56801,chamarajapet
210-P_REV,19,Makkala Koota,12.95803,77.57385,makkala koota
210-P_REV,20,KR Market,12.96207,77.5756,kr market
210-P_REV,21,Town Hall,12.96384,77.58434,town hall
210-P_REV,22,Corporation,12.96839,77.58675,corporation
210-P_REV,23,Mysore Bank,12.97253,77.58199,mysore bank
210-P_REV,24,Kempegowda Bus Station,12.97749,77.57327,kempegowda bus station
211_REV,1,Somanahalli,12.77258,77.50358,somanahalli
211_REV,2,Somanahalli Gate,12.78052,77.49675,somanahalli gate
211_REV,3,APS College,12.78266,77.49952,aps college
211_REV,4,Gandhi Nagara,12.79003,77.50442,gandhi nagara
211_REV,5,Pattareddypalya,12.79444,77.50537,pattareddypalya
211_REV,6,Kaggalipura,12.80032,77.5084,kaggalipura
211_REV,7,Santekatte,12.80664,77.51056,santekatte
211_REV,8,Saluhunase,12.81079,77.51148,saluhunase
211_REV,9,Udipalya,12.82017,77.51331,udipalya
211_REV,10,Art Of Living,12.82261,77.5141,art of living
211_REV,11,Dayananda Sagar Vidya Samste,12.82479,77.51377,dayananda sagar vidya samste
211_REV,12,Art Of Living Ravishankar Ashram,12.82863,77.51255,art of living ravishankar ashram
211_REV,13,Saalu Doddy,12.8306,77.513,saalu doddy
211_REV,14,Lakshmipura,12.83307,77.51365,lakshmipura
211_REV,15,Shanimahathma Temple,12.83704,77.51601,shanimahathma temple
211_REV,16,Kuppareddy Kere,12.84267,77.5177,kuppareddy kere
211_REV,17,Agara Cross,12.84899,77.52207,agara cross
211_REV,18,Chinnayyanapalya Silk Farm,12.85375,77.52338,chinnayyanapalya silk farm
211_REV,19,NICE Road Kanakapura Road Junction,12.85691,77.52659,nice road kanakapura road junction
211_REV,20,Jyothi Farm,12.85983,77.52876,jyothi farm
211_REV,21,Silk Institute metro station,12.86182,77.52985,silk institute metro station
211_REV,22,Vajramuneshwara Gate,12.86483,77.53314,vajramuneshwara gate
211_REV,23,Thalagattapura,12.86958,77.53685,thalagattapura
211_REV,24,Thalaghattapura Metro Station,12.87143,77.53833,thalaghattapura metro station
211_REV,25,Bayyanapalya,12.87554,77.54355,bayyanapalya
211_REV,26,Vajarahalli Metro Station,12.8773,77.54459,vajarahalli metro station
211_REV,27,Raghuvanahalli Cross,12.88072,77.54602,raghuvanahalli cross
211_REV,28,Gubbalala Gate,12.88431,77.55134,gubbalala gate
211_REV,29,Doddakallasandra Metro Station,12.88469,77.55255,doddakallasandra metro station
211_REV,30,Doddakallasandra,12.88596,77.55671,doddakallasandra
211_REV,31,Konanakunte Cross  Metro Station,12.8889,77.56257,konanakunte cross  metro station
211_REV,32,Konanakunte Cross,12.89058,77.56442,konanakunte cross
211_REV,33,Metro,12.89312,77.56718,metro
211_REV,34,Yalachenahalli Metro Station,12.89609,77.5701,yalachenahalli metro station
211_REV,35,Yalachenahalli,12.89768,77.57145,yalachenahalli
211_REV,36,Jaraganahalli Cross,12.90142,77.57331,jaraganahalli cross
211_REV,37,JP Nagara Metro Station,12.90795,77.57299,jp nagara metro station
211_REV,38,Sarakki,12.90966,77.57288,sarakki
211_REV,39,Banashankari Bus Station,12.91779,77.57272,banashankari bus station
213-B_REV,1,Banashankari Bus Station,12.91736,77.5727,banashankari bus station
213-B_REV,2,Sarakki,12.90966,77.57288,sarakki
213-B_REV,3,Jaraganahalli Cross,12.90142,77.57331,jaraganahalli cross
213-B_REV,4,Yalachenahalli,12.89768,77.57145,yalachenahalli
213-B_REV,5,Metro,12.89312,77.56718,metro
213-B_REV,6,Konanakunte Cross,12.89058,77.56442,konanakunte cross
213-B_REV,7,Doddakallasandra,12.88596,77.55671,doddakallasandra
213-B_REV,8,Raghuvanahalli Cross,12.88072,77.54602,raghuvanahalli cross
213-B_REV,9,Bayyanapalya,12.87554,77.54355,bayyanapalya
213-B_REV,10,Thalagattapura,12.86958,77.53685,thalagattapura
213-B_REV,11,Vajramuneshwara Gate,12.86483,77.53314,vajramuneshwara gate
213-B_REV,12,Jyothi Farm,12.85983,77.52876,jyothi farm
213-B_REV,13,NICE Road Kanakapura Road Junction,12.85691,77.52659,nice road kanakapura road junction
213-B_REV,14,Chinnayyanapalya Silk Farm,12.85375,77.52338,chinnayyanapalya silk farm
213-B_REV,15,Agara Cross,12.84899,77.52207,agara cross
213-B_REV,16,Kuppareddy Kere,12.84267,77.5177,kuppareddy kere
213-B_REV,17,Shanimahathma Temple,12.83704,77.51601,shanimahathma temple
213-B_REV,18,Lakshmipura,12.83307,77.51365,lakshmipura
213-B_REV,19,Saalu Doddy,12.8306,77.513,saalu doddy
213-B_REV,20,Art Of Living Ravishankar Ashram,12.82863,77.51255,art of living ravishankar ashram
213-B_REV,21,Dayananda Sagar Vidya Samste,12.82479,77.51377,dayananda sagar vidya samste
213-B_REV,22,Art Of Living,12.82261,77.5141,art of living
213-B_REV,23,Udipalya,12.82017,77.51331,udipalya
213-B_REV,24,Udayapura,12.81303,77.51202,udayapura
213-B_REV,25,Saluhunase,12.81079,77.51148,saluhunase
213-B_REV,26,Santekatte,12.80664,77.51056,santekatte
213-B_REV,27,Kaggalipura,12.80032,77.5084,kaggalipura
213-B_REV,28,Pattareddypalya,12.79444,77.50537,pattareddypalya
213-B_REV,29,Gandhi Nagara,12.79003,77.50442,gandhi nagara
213-B_REV,30,APS College,12.78266,77.49952,aps college
213-B_REV,31,Somanahalli Gate,12.78052,77.49675,somanahalli gate
213-B_REV,32,Nelagulli Cross,12.77409,77.49217,nelagulli cross
213-B_REV,33,Hosa Doddy Gate,12.76459,77.48742,hosa doddy gate
213-B_REV,34,Sadhanapalya Gate,12.76801,77.48864,sadhanapalya gate
213-B_REV,35,Nettigere Cross,12.76129,77.48658,nettigere cross
213-B_REV,36,Bolare Gate,12.75414,77.48453,bolare gate
213-B_REV,37,Ravagodlu Gate,12.74895,77.48633,ravagodlu gate
213-B_REV,38,Ravagodlu,12.74814,77.50117,ravagodlu
213-B_REV,39,Gundanjaneya Swamy Temple Ravagodlu,12.74957,77.51291,gundanjaneya swamy temple ravagodlu
214-H_REV,1,Gullahatti Kaval,12.72968,77.547,gullahatti kaval
214-H_REV,2,Muni Nagara,12.74811,77.53654,muni nagara
214-H_REV,3,Yanasandra,12.75181,77.53479,yanasandra
214-H_REV,4,Mukkodlu,12.75649,77.52837,mukkodlu
214-H_REV,5,Gadipalya,12.76627,77.52846,gadipalya
214-H_REV,6,Tattaguppe,12.77363,77.52931,tattaguppe
214-H_REV,7,Richard Farm,12.77774,77.52522,richard farm
214-H_REV,8,Tharalu,12.78931,77.5224,tharalu
214-H_REV,9,Gulakamale,12.79762,77.52364,gulakamale
214-H_REV,10,Vasudevapura,12.79802,77.52037,vasudevapura
214-H_REV,11,Christ School,12.79915,77.51192,christ school
214-H_REV,12,Kaggalipura,12.80032,77.5084,kaggalipura
214-H_REV,13,Santekatte,12.80664,77.51056,santekatte
214-H_REV,14,Saluhunase,12.81079,77.51148,saluhunase
214-H_REV,15,Udayapura,12.81303,77.51202,udayapura
214-H_REV,16,Udipalya,12.82017,77.51331,udipalya
214-H_REV,17,Art Of Living,12.82261,77.5141,art of living
214-H_REV,18,Dayananda Sagar Vidya Samste,12.82479,77.51377,dayananda sagar vidya samste
214-H_REV,19,Art Of Living Ravishankar Ashram,12.82863,77.51255,art of living ravishankar ashram
214-H_REV,20,Saalu Doddy,12.8306,77.513,saalu doddy
214-H_REV,21,Lakshmipura,12.83307,77.51365,lakshmipura
214-H_REV,22,Shanimahathma Temple,12.83704,77.51601,shanimahathma temple
214-H_REV,23,Kuppareddy Kere,12.84267,77.5177,kuppareddy kere
214-H_REV,24,Agara Cross,12.84899,77.52207,agara cross
214-H_REV,25,Chinnayyanapalya Silk Farm,12.85375,77.52338,chinnayyanapalya silk farm
214-H_REV,26,NICE Road Kanakapura Road Junction,12.85691,77.52659,nice road kanakapura road junction
214-H_REV,27,Jyothi Farm,12.85983,77.52876,jyothi farm
214-H_REV,28,Silk Institute metro station,12.86182,77.52985,silk institute metro station
214-H_REV,29,Vajramuneshwara Gate,12.86483,77.53314,vajramuneshwara gate
214-H_REV,30,Thalagattapura,12.86958,77.53685,thalagattapura
214-H_REV,31,Thalaghattapura Metro Station,12.87143,77.53833,thalaghattapura metro station
214-H_REV,32,Bayyanapalya,12.87554,77.54355,bayyanapalya
214-H_REV,33,Vajarahalli Metro Station,12.8773,77.54459,vajarahalli metro station
214-H_REV,34,Raghuvanahalli Cross,12.88072,77.54602,raghuvanahalli cross
214-H_REV,35,Gubbalala Gate,12.88431,77.55134,gubbalala gate
214-H_REV,36,Doddakallasandra Metro Station,12.88469,77.55255,doddakallasandra metro station
214-H_REV,37,Doddakallasandra,12.88596,77.55671,doddakallasandra
214-H_REV,38,Konanakunte Cross  Metro Station,12.8889,77.56257,konanakunte cross  metro station
214-H_REV,39,Konanakunte Cross,12.89058,77.56442,konanakunte cross
214-H_REV,40,Metro,12.89312,77.56718,metro
214-H_REV,41,Yalachenahalli Metro Station,12.89609,77.5701,yalachenahalli metro station
214-H_REV,42,Yalachenahalli,12.89768,77.57145,yalachenahalli
214-H_REV,43,Jaraganahalli Cross,12.90142,77.57331,jaraganahalli cross
214-H_REV,44,JP Nagara Metro Station,12.90795,77.57299,jp nagara metro station
214-H_REV,45,Sarakki,12.90966,77.57288,sarakki
214-H_REV,46,Banashankari Bus Station,12.91779,77.57272,banashankari bus station
215-H_REV,1,Jambu Savari Dinne,12.86577,77.5809,jambu savari dinne
215-H_REV,2,Surabhi Layout,12.86762,77.58187,surabhi layout
215-H_REV,3,BK Circle,12.87067,77.58316,bk circle
215-H_REV,4,Water Tank Kothanur Dinne,12.87444,77.58413,water tank kothanur dinne
215-H_REV,5,Kothanuru Dinne Ganesha Temple,12.87705,77.58395,kothanuru dinne ganesha temple
215-H_REV,6,Navodaya Nagara,12.88129,77.58376,navodaya nagara
215-H_REV,7,Gowrava Nagara,12.88469,77.58264,gowrava nagara
215-H_REV,8,RBI Layout,12.88801,77.5819,rbi layout
215-H_REV,9,Brigade Millenium,12.89224,77.58172,brigade millenium
215-H_REV,10,Puttenahallipalya,12.89562,77.58173,puttenahallipalya
215-H_REV,11,Puttenahalli,12.898,77.58264,puttenahalli
215-H_REV,12,Inchara Hotel JP Nagar,12.90252,77.5832,inchara hotel jp nagar
215-H_REV,13,JP Nagara 15th Cross,12.90707,77.58567,jp nagara 15th cross
215-H_REV,14,RV Dental College,12.91137,77.5857,rv dental college
215-H_REV,15,Marenahalli,12.91552,77.58575,marenahalli
215-H_REV,16,5th Block Jayanagara,12.91722,77.58356,5th block jayanagara
215-H_REV,17,Jayanagara 38th Cross,12.92146,77.58365,jayanagara 38th cross
215-H_REV,18,Jayanagara Telephone Exchange,12.92374,77.58374,jayanagara telephone exchange
215-H_REV,19,Jayanagara Bus Station,12.92852,77.58418,jayanagara bus station
215-H_REV,20,3rd Block Jayanagara,12.9318,77.58392,3rd block jayanagara
215-H_REV,21,Madhavan Park,12.93651,77.58401,madhavan park
215-H_REV,22,Vijaya College,12.94001,77.58002,vijaya college
215-H_REV,23,R V Teachers College,12.94486,77.57999,r v teachers college
215-H_REV,24,Lalbagh Metro Station,12.94705,77.57999,lalbagh metro station
215-H_REV,25,Lalbagh West Gate,12.94963,77.57993,lalbagh west gate
215-H_REV,26,Minerva Circle,12.95387,77.57992,minerva circle
215-H_REV,27,Town Hall,12.96361,77.58515,town hall
215-H_REV,28,Corporation,12.96839,77.58675,corporation
215-H_REV,29,Mysore Bank,12.97253,77.58199,mysore bank
215-H_REV,30,Kempegowda Bus Station,12.97749,77.57327,kempegowda bus station
215-K_REV,1,Anjanapura,12.862,77.56385,anjanapura
215-K_REV,2,Nandi Garden Kothanur,12.86745,77.56561,nandi garden kothanur
215-K_REV,3,Avalahalli,12.87276,77.56657,avalahalli
215-K_REV,4,Glass Factory,12.8765,77.5669,glass factory
215-K_REV,5,Hari Nagara Cross,12.87916,77.56726,hari nagara cross
215-K_REV,6,Konanakunte Reliance Fresh,12.88295,77.56613,konanakunte reliance fresh
215-K_REV,7,Sowdamini Kalyana Mantapa,12.88386,77.56663,sowdamini kalyana mantapa
215-K_REV,8,Konanakunte,12.88607,77.56662,konanakunte
215-K_REV,9,Konanakunte Cross,12.89058,77.56442,konanakunte cross
215-K_REV,10,Metro,12.89312,77.56718,metro
215-K_REV,11,Yalachenahalli Metro Station,12.89609,77.5701,yalachenahalli metro station
215-K_REV,12,Yalachenahalli,12.89768,77.57145,yalachenahalli
215-K_REV,13,Jaraganahalli Cross,12.90142,77.57331,jaraganahalli cross
215-K_REV,14,JP Nagara Metro Station,12.90795,77.57299,jp nagara metro station
215-K_REV,15,Sarakki,12.90966,77.57288,sarakki
215-K_REV,16,Banashankari Bus Station,12.91779,77.57272,banashankari bus station
215-K_REV,17,Banashankari Hunasemara,12.91966,77.57413,banashankari hunasemara
215-K_REV,18,Deepak Nursing Home,12.92518,77.57699,deepak nursing home
215-K_REV,19,Yadiyuru,12.93067,77.57623,yadiyuru
215-K_REV,20,Nanda Talkies,12.93327,77.58007,nanda talkies
215-K_REV,21,South End Circle,12.93717,77.57965,south end circle
215-K_REV,22,MN Krishna Rao Park,12.94405,77.57689,mn krishna rao park
215-K_REV,23,Sajjan Rao Circle,12.95262,77.57653,sajjan rao circle
215-K_REV,24,Basappa Circle,12.95624,77.57721,basappa circle
215-K_REV,25,Makkala Koota,12.95803,77.57385,makkala koota
215-K_REV,26,KR Market (Kalasipalya),12.96154,77.57736,kr market (kalasipalya)
223-D_REV,1,Dodda Basti,12.93956,77.47289,dodda basti
223-D_REV,2,Chikka Basti Masjid,12.94178,77.47403,chikka basti masjid
223-D_REV,3,Shivaji Hotel,12.94311,77.47649,shivaji hotel
223-D_REV,4,Sonnenahalli,12.94215,77.4792,sonnenahalli
223-D_REV,5,Sonnenahalli Bridge,12.94208,77.48285,sonnenahalli bridge
223-D_REV,6,Bhuvaneshwari Nagara 2nd Stage,12.94259,77.48713,bhuvaneshwari nagara 2nd stage
223-D_REV,7,Bhuvaneshwari Nagara 1st Stage,12.94227,77.4903,bhuvaneshwari nagara 1st stage
223-D_REV,8,Kenchanapura Cross,12.94151,77.49343,kenchanapura cross
223-D_REV,9,Mariyappanapalya,12.94527,77.4954,mariyappanapalya
223-D_REV,10,PVP School,12.94882,77.49715,pvp school
223-D_REV,11,Bengaluru University Quarters,12.95195,77.50025,bengaluru university quarters
223-D_REV,12,BUC ADM Block,12.95005,77.50086,buc adm block
223-D_REV,13,BUC Library,12.94439,77.50435,buc library
223-D_REV,14,BUC Ladies Hostel,12.94187,77.50602,buc ladies hostel
223-D_REV,15,Bengaluru University Gate,12.93573,77.51332,bengaluru university gate
223-D_REV,16,Rajarajeshwari nagara Gate,12.93649,77.51861,rajarajeshwari nagara gate
223-D_REV,17,BWSSB Quarters Nayandahalli,12.93987,77.5236,bwssb quarters nayandahalli
223-D_REV,18,Nayandahalli,12.94288,77.52576,nayandahalli
223-D_REV,19,Mysore Road Metro Station,12.94633,77.52972,mysore road metro station
223-D_REV,20,BHEL,12.94874,77.53559,bhel
223-D_REV,21,Deepanjalinagara,12.9514,77.53724,deepanjalinagara
223-D_REV,22,Bapujinagara,12.95321,77.54182,bapujinagara
223-D_REV,23,New Guddadahalli,12.95587,77.54596,new guddadahalli
223-D_REV,24,Mysore Road TollGate,12.95738,77.55178,mysore road tollgate
223-D_REV,25,Sirsi Circle,12.96038,77.55686,sirsi circle
223-D_REV,26,Vinayaka Talkies,12.96381,77.56838,vinayaka talkies
223-D_REV,27,Rayan Circle,12.96136,77.56889,rayan circle
223-D_REV,28,KR Market (Kalasipalya),12.96154,77.57736,kr market (kalasipalya)
223-E SBS-RMS_REV,1,Ramasandra,12.9455,77.46797,ramasandra
223-E SBS-RMS_REV,2,Chikka Basti,12.94466,77.47504,chikka basti
223-E SBS-RMS_REV,3,Shivaji Hotel,12.94311,77.47649,shivaji hotel
223-E SBS-RMS_REV,4,Sonnenahalli,12.94215,77.4792,sonnenahalli
223-E SBS-RMS_REV,5,Sonnenahalli Bridge,12.94208,77.48285,sonnenahalli bridge
223-E SBS-RMS_REV,6,Bhuvaneshwari Nagara 2nd Stage,12.94259,77.48713,bhuvaneshwari nagara 2nd stage
223-E SBS-RMS_REV,7,Bhuvaneshwari Nagara 1st Stage,12.94227,77.4903,bhuvaneshwari nagara 1st stage
223-E SBS-RMS_REV,8,Kenchanapura Cross,12.94151,77.49343,kenchanapura cross
223-E SBS-RMS_REV,9,Mariyappanapalya,12.94527,77.4954,mariyappanapalya
223-E SBS-RMS_REV,10,PVP School,12.94882,77.49715,pvp school
223-E SBS-RMS_REV,11,Bengaluru University Quarters,12.95195,77.50025,bengaluru university quarters
223-E SBS-RMS_REV,12,BUC ADM Block,12.95005,77.50086,buc adm block
223-E SBS-RMS_REV,13,BUC Library,12.94439,77.50435,buc library
223-E SBS-RMS_REV,14,BUC Ladies Hostel,12.94187,77.50602,buc ladies hostel
223-E SBS-RMS_REV,15,Bengaluru University Gate,12.93573,77.51332,bengaluru university gate
223-E SBS-RMS_REV,16,Rajarajeshwari nagara Gate,12.93649,77.51861,rajarajeshwari nagara gate
223-E SBS-RMS_REV,17,BWSSB Quarters Nayandahalli,12.93987,77.5236,bwssb quarters nayandahalli
223-E SBS-RMS_REV,18,Nayandahalli,12.94288,77.52576,nayandahalli
223-E SBS-RMS_REV,19,Mysore Road Metro Station,12.94633,77.52972,mysore road metro station
223-E SBS-RMS_REV,20,BHEL,12.94874,77.53559,bhel
223-E SBS-RMS_REV,21,Deepanjalinagara,12.9514,77.53724,deepanjalinagara
223-E SBS-RMS_REV,22,Bapujinagara,12.95321,77.54182,bapujinagara
234-A_REV,1,KR Market (Kalasipalya),12.96154,77.57736,kr market (kalasipalya)
234-A_REV,2,Rayan Circle,12.96136,77.56889,rayan circle
234-A_REV,3,Vinayaka Talkies,12.96381,77.56838,vinayaka talkies
234-A_REV,4,Sirsi Circle,12.96038,77.55686,sirsi circle
234-A_REV,5,Mysore Road TollGate,12.95738,77.55178,mysore road tollgate
234-A_REV,6,New Guddadahalli,12.95587,77.54596,new guddadahalli
234-A_REV,7,Bapujinagara,12.95321,77.54182,bapujinagara
234-A_REV,8,Deepanjalinagara,12.9514,77.53724,deepanjalinagara
234-A_REV,9,BHEL,12.94874,77.53559,bhel
234-A_REV,10,Mysore Road Metro Station,12.94633,77.52972,mysore road metro station
234-A_REV,11,Nayandahalli,12.94288,77.52576,nayandahalli
234-A_REV,12,BWSSB Quarters Nayandahalli,12.93987,77.5236,bwssb quarters nayandahalli
234-A_REV,13,Rajarajeshwari nagara Gate,12.93649,77.51861,rajarajeshwari nagara gate
234-A_REV,14,Bengaluru University Gate,12.93573,77.51332,bengaluru university gate
234-A_REV,15,BUC Ladies Hostel,12.94187,77.50602,buc ladies hostel
234-A_REV,16,BUC Library,12.94439,77.50435,buc library
234-A_REV,17,BUC ADM Block,12.95005,77.50086,buc adm block
234-A_REV,18,Bengaluru University Quarters,12.95195,77.50025,bengaluru university quarters
234-A_REV,19,Muneshwara Layout,12.95129,77.49417,muneshwara layout
234-A_REV,20,Press Layout,12.9509,77.4918,press layout
234-A_REV,21,Amma Ashrama Cross,12.94958,77.48867,amma ashrama cross
234-A_REV,22,Vidyaniketan Public School,12.95118,77.48631,vidyaniketan public school
234-A_REV,23,Manganahalli Cross,12.95265,77.48418,manganahalli cross
234-A_REV,24,Ullalu Village,12.95591,77.48012,ullalu village
234-A_REV,25,Ullala Lake,12.95874,77.47942,ullala lake
234-A_REV,26,Ullala Satellite Town Cross,12.96215,77.47858,ullala satellite town cross
234-A_REV,27,Ullala Satelite Town,12.96283,77.47502,ullala satelite town
238-U_REV,1,Kempegowda Bus Station,12.97749,77.57327,kempegowda bus station
238-U_REV,2,Okalipura,12.98267,77.56837,okalipura
238-U_REV,3,Minerva Mill,12.97945,77.56435,minerva mill
238-U_REV,4,1st Cross Magadi Road,12.97569,77.5628,1st cross magadi road
238-U_REV,5,5th Cross Magadi Road,12.97578,77.56071,5th cross magadi road
238-U_REV,6,10th Cross Magadi Road,12.97574,77.55706,10th cross magadi road
238-U_REV,7,Magadi Road Metro Station,12.97562,77.55479,magadi road metro station
238-U_REV,8,Prasanna Theatre,12.97542,77.55288,prasanna theatre
238-U_REV,9,Magadi Road TollGate,12.97459,77.54897,magadi road tollgate
238-U_REV,10,Manuvana,12.97431,77.54454,manuvana
238-U_REV,11,Vijayanagara,12.97433,77.53843,vijayanagara
238-U_REV,12,Govindarajanagara,12.97561,77.53646,govindarajanagara
238-U_REV,13,Prashanth Nagara,12.97551,77.53118,prashanth nagara
238-U_REV,14,Saraswathi Nagara,12.9738,77.53041,saraswathi nagara
238-U_REV,15,Priyadarshini Layout,12.97112,77.52676,priyadarshini layout
238-U_REV,16,Moodalapalya,12.97054,77.5249,moodalapalya
238-U_REV,17,Kalyananagara,12.96736,77.52379,kalyananagara
238-U_REV,18,Byraveshwaranagara,12.96501,77.52338,byraveshwaranagara
238-U_REV,19,Maruthi Nagara,12.96178,77.5217,maruthi nagara
238-U_REV,20,Nagarabhavi Circle,12.9601,77.51982,nagarabhavi circle
238-U_REV,21,Manasa Nagara,12.95925,77.51674,manasa nagara
238-U_REV,22,12th Block Nagarabhavi,12.96076,77.51351,12th block nagarabhavi
238-U_REV,23,NGEF Layout Nagarabhavi,12.96104,77.50972,ngef layout nagarabhavi
238-U_REV,24,Vinayaka Layout Nagarabhavi,12.96076,77.50745,vinayaka layout nagarabhavi
238-U_REV,25,Kengunte Circle,12.96045,77.50473,kengunte circle
238-U_REV,26,Ambedkar Institute of Technology,12.96338,77.50515,ambedkar institute of technology
238-U_REV,27,Deepa Complex,12.96636,77.50508,deepa complex
238-U_REV,28,ITI Layout,12.9679,77.50217,iti layout
238-U_REV,29,Nagarabhavi Vishweshwaraiah Sports Club,12.96913,77.49957,nagarabhavi vishweshwaraiah sports club
238-U_REV,30,Annapoorneshwarinagara Cross,12.97002,77.49658,annapoorneshwarinagara cross
238-U_REV,31,Muddayanapalya Junction,12.97138,77.48809,muddayanapalya junction
238-US_REV,1,Kempegowda Bus Station,12.97749,77.57327,kempegowda bus station
238-US_REV,2,Okalipura,12.98267,77.56837,okalipura
238-US_REV,3,Minerva Mill,12.97945,77.56435,minerva mill
238-US_REV,4,1st Cross Magadi Road,12.97569,77.5628,1st cross magadi road
238-US_REV,5,5th Cross Magadi Road,12.97578,77.56071,5th cross magadi road
238-US_REV,6,10th Cross Magadi Road,12.97574,77.55706,10th cross magadi road
238-US_REV,7,Magadi Road Metro Station,12.97562,77.55479,magadi road metro station
238-US_REV,8,Prasanna Theatre,12.97542,77.55288,prasanna theatre
238-US_REV,9,Magadi Road TollGate,12.97459,77.54897,magadi road tollgate
238-US_REV,10,Manuvana,12.97431,77.54454,manuvana
238-US_REV,11,Vijayanagara,12.97433,77.53843,vijayanagara
238-US_REV,12,Govindarajanagara,12.97561,77.53646,govindarajanagara
238-US_REV,13,Prashanth Nagara,12.97551,77.53118,prashanth nagara
238-US_REV,14,Saraswathi Nagara,12.9738,77.53041,saraswathi nagara
238-US_REV,15,Priyadarshini Layout,12.97112,77.52676,priyadarshini layout
238-US_REV,16,Moodalapalya,12.97054,77.5249,moodalapalya
238-US_REV,17,Kalyananagara,12.96736,77.52379,kalyananagara
238-US_REV,18,Byraveshwaranagara,12.96501,77.52338,byraveshwaranagara
238-US_REV,19,Maruthi Nagara,12.96178,77.5217,maruthi nagara
238-US_REV,20,Nagarabhavi Circle,12.9601,77.51982,nagarabhavi circle
238-US_REV,21,Manasa Nagara,12.95925,77.51674,manasa nagara
238-US_REV,22,12th Block Nagarabhavi,12.96076,77.51351,12th block nagarabhavi
238-US_REV,23,NGEF Layout Nagarabhavi,12.96104,77.50972,ngef layout nagarabhavi
238-US_REV,24,Vinayaka Layout Nagarabhavi,12.96076,77.50745,vinayaka layout nagarabhavi
238-US_REV,25,Kengunte Circle,12.96045,77.50473,kengunte circle
238-US_REV,26,Ambedkar Institute of Technology,12.96338,77.50515,ambedkar institute of technology
238-US_REV,27,Deepa Complex,12.96636,77.50508,deepa complex
238-US_REV,28,ITI Layout,12.9679,77.50217,iti layout
238-US_REV,29,Nagarabhavi Vishweshwaraiah Sports Club,12.96913,77.49957,nagarabhavi vishweshwaraiah sports club
238-US_REV,30,Annapoorneshwarinagara Cross,12.97002,77.49658,annapoorneshwarinagara cross
238-US_REV,31,Annapoorneshwarinagara Water Tank,12.97196,77.49702,annapoorneshwarinagara water tank
238-US_REV,32,D Group Employees Layout Srigandhada Kaval,12.97808,77.49874,d group employees layout srigandhada kaval
238-US_REV,33,Srigandhada Kaval,12.97868,77.50174,srigandhada kaval
240-J_REV,1,Tavarekere,12.9658,77.40008,tavarekere
240-J_REV,2,Ganesha Temple Tavarekere,12.96708,77.40326,ganesha temple tavarekere
240-J_REV,3,Lakkuppe,12.97004,77.40989,lakkuppe
240-J_REV,4,Channadasipalya,12.97091,77.4147,channadasipalya
240-J_REV,5,Honaganahatti,12.97421,77.42097,honaganahatti
240-J_REV,6,Channenahalli,12.97791,77.43037,channenahalli
240-J_REV,7,Channenahalli Arch,12.97987,77.43545,channenahalli arch
240-J_REV,8,Hamsa Farm,12.98175,77.43952,hamsa farm
240-J_REV,9,Seegehalli Gate,12.98408,77.44376,seegehalli gate
240-J_REV,10,Kadabagere Cross,12.98912,77.44947,kadabagere cross
240-J_REV,11,Machohalli Gate,12.99088,77.45429,machohalli gate
240-J_REV,12,Forest Gate,12.99185,77.45952,forest gate
240-J_REV,13,Chikka Gollarahatti,12.99147,77.46559,chikka gollarahatti
240-J_REV,14,Kachohalli Gate,12.99056,77.46871,kachohalli gate
240-J_REV,15,Gollarahatti,12.98862,77.47274,gollarahatti
240-J_REV,16,College Cross Byadarahalli,12.98569,77.47952,college cross byadarahalli
240-J_REV,17,Byadarahalli,12.9852,77.48196,byadarahalli
240-J_REV,18,East West College Cross,12.98568,77.48629,east west college cross
240-J_REV,19,Anjananagara,12.98617,77.48817,anjananagara
240-J_REV,20,Herohalli Cross1,12.98736,77.4924,herohalli cross1
240-J_REV,21,Janapriya Apartment,12.98895,77.49938,janapriya apartment
240-J_REV,22,Sunkadakatte,12.98946,77.50638,sunkadakatte
240-J_REV,23,Kottigepalya,12.98786,77.51405,kottigepalya
240-J_REV,24,Summanahalli,12.98682,77.52077,summanahalli
240-J_REV,25,Kamakshipalya,12.98385,77.52924,kamakshipalya
240-J_REV,26,KHB Colony,12.98142,77.53525,khb colony
240-J_REV,27,Agrahara Dasarahalli,12.97853,77.54293,agrahara dasarahalli
240-J_REV,28,Magadi Road TollGate,12.97459,77.54897,magadi road tollgate
240-J_REV,29,Prasanna Theatre,12.97542,77.55288,prasanna theatre
240-J_REV,30,10th Cross Magadi Road,12.97574,77.55706,10th cross magadi road
240-J_REV,31,5th Cross Magadi Road,12.97578,77.56071,5th cross magadi road
240-J_REV,32,1st Cross Magadi Road,12.97569,77.5628,1st cross magadi road
240-J_REV,33,Hunasemara,12.97532,77.56521,hunasemara
240-J_REV,34,Binny Mill,12.97036,77.56621,binny mill
240-J_REV,35,Binnypet,12.96448,77.56171,binnypet
240-J_REV,36,Sirsi Circle,12.96223,77.55995,sirsi circle
240-J_REV,37,Vinayaka Talkies,12.96381,77.56838,vinayaka talkies
240-J_REV,38,Rayan Circle,12.96136,77.56889,rayan circle
240-J_REV,39,KR Market (Kalasipalya),12.96154,77.57736,kr market (kalasipalya)
240-MA_REV,1,KR Market (Kalasipalya),12.96154,77.57736,kr market (kalasipalya)
240-MA_REV,2,Rayan Circle,12.96136,77.56889,rayan circle
240-MA_REV,3,Vinayaka Talkies,12.96381,77.56838,vinayaka talkies
240-MA_REV,4,Sirsi Circle,12.96223,77.55995,sirsi circle
240-MA_REV,5,Binnypet,12.96448,77.56171,binnypet
240-MA_REV,6,Binny Mill,12.97036,77.56621,binny mill
240-MA_REV,7,Hunasemara,12.97532,77.56521,hunasemara
240-MA_REV,8,1st Cross Magadi Road,12.97569,77.5628,1st cross magadi road
240-MA_REV,9,5th Cross Magadi Road,12.97578,77.56071,5th cross magadi road
240-MA_REV,10,10th Cross Magadi Road,12.97574,77.55706,10th cross magadi road
240-MA_REV,11,Magadi Road Metro Station,12.97562,77.55479,magadi road metro station
240-MA_REV,12,Prasanna Theatre,12.97542,77.55288,prasanna theatre
240-MA_REV,13,Magadi Road TollGate,12.97459,77.54897,magadi road tollgate
240-MA_REV,14,Agrahara Dasarahalli,12.97853,77.54293,agrahara dasarahalli
240-MA_REV,15,KHB Colony,12.98142,77.53525,khb colony
240-MA_REV,16,Kamakshipalya,12.98385,77.52924,kamakshipalya
240-MA_REV,17,Summanahalli,12.98682,77.52077,summanahalli
240-MA_REV,18,Kottigepalya,12.98786,77.51405,kottigepalya
240-MA_REV,19,Sunkadakatte,12.98946,77.50638,sunkadakatte
240-MA_REV,20,Janapriya Apartment,12.98895,77.49938,janapriya apartment
240-MA_REV,21,Herohalli Cross1,12.98736,77.4924,herohalli cross1
240-MA_REV,22,Anjananagara,12.98617,77.48817,anjananagara
240-MA_REV,23,East West College Cross,12.98568,77.48629,east west college cross
240-MA_REV,24,Byadarahalli,12.9852,77.48196,byadarahalli
240-MA_REV,25,College Cross Byadarahalli,12.98569,77.47952,college cross byadarahalli
240-MA_REV,26,Gollarahatti,12.98862,77.47274,gollarahatti
240-MA_REV,27,Kachohalli Gate,12.99056,77.46871,kachohalli gate
240-MA_REV,28,Chikka Gollarahatti,12.99147,77.46559,chikka gollarahatti
240-MA_REV,29,Forest Gate,12.99185,77.45952,forest gate
240-MA_REV,30,Machohalli Gate,12.99088,77.45429,machohalli gate
240-MA_REV,31,Kadabagere Cross,12.98912,77.44947,kadabagere cross
240-MA_REV,32,Seegehalli Gate,12.98408,77.44376,seegehalli gate
240-MA_REV,33,Hamsa Farm,12.98175,77.43952,hamsa farm
240-MA_REV,34,Channenahalli Arch,12.97987,77.43545,channenahalli arch
240-MA_REV,35,Channenahalli,12.97791,77.43037,channenahalli
240-MA_REV,36,Honaganahatti,12.97421,77.42097,honaganahatti
240-MA_REV,37,Channadasipalya,12.97091,77.4147,channadasipalya
240-MA_REV,38,Lakkuppe,12.97004,77.40989,lakkuppe
240-MA_REV,39,Ganesha Temple Tavarekere,12.96708,77.40326,ganesha temple tavarekere
240-MA_REV,40,Tavarekere,12.9658,77.40008,tavarekere
240-MA_REV,41,Peddanapalya Cross,12.96762,77.38862,peddanapalya cross
240-MA_REV,42,Deva Machohalli Cross,12.96552,77.3811,deva machohalli cross
240-MA_REV,43,Karekal Cross,12.97391,77.37388,karekal cross
240-MA_REV,44,RINAC Factory Marenahalli,12.97478,77.36582,rinac factory marenahalli
240-MA_REV,45,Marenahalli,12.97325,77.36164,marenahalli
240-MA_REV,46,Cholanayakanahalli,12.96021,77.35949,cholanayakanahalli
240-MA_REV,47,Gangappanahalli,12.95872,77.35111,gangappanahalli
240-MA_REV,48,TB Gate Thippagondanahalli,12.96245,77.34291,tb gate thippagondanahalli
240-MA_REV,49,TG Halli Quarters,12.95244,77.33529,tg halli quarters
240-MA_REV,50,Shanubhoganahalli,12.96136,77.32491,shanubhoganahalli
240-MA_REV,51,Varadenahalli Handpost,12.95539,77.31192,varadenahalli handpost
240-MA_REV,52,Adakamaranahalli Cross (Magadi Road),12.95436,77.30902,adakamaranahalli cross (magadi road)
240-MA_REV,53,Bachenahatti,12.955,77.30395,bachenahatti
240-MA_REV,54,Dudapanahalli,12.96021,77.29614,dudapanahalli
240-MA_REV,55,Thagachaguppe,12.95987,77.29018,thagachaguppe
240-MA_REV,56,Chikka Thogurupalya,12.9562,77.28287,chikka thogurupalya
240-MA_REV,57,Maralugondla Cross,12.94737,77.27127,maralugondla cross
240-MA_REV,58,Thandya,12.9459,77.26576,thandya
240-MA_REV,59,Jyothipura,12.94389,77.25141,jyothipura
240-MA_REV,60,Ranganathpura,12.95115,77.24165,ranganathpura
240-MA_REV,61,Thirumala Gate,12.95118,77.2404,thirumala gate
240-MA_REV,62,Hosapete Gate,12.95118,77.23744,hosapete gate
240-MA_REV,63,Hombalamma Kere,12.95205,77.22752,hombalamma kere
240-MA_REV,64,Magadi,12.95484,77.22693,magadi
241-H_REV,1,Kempegowda Bus Station,12.97749,77.57327,kempegowda bus station
241-H_REV,2,Okalipura,12.98267,77.56837,okalipura
241-H_REV,3,Minerva Mill,12.97945,77.56435,minerva mill
241-H_REV,4,1st Cross Magadi Road,12.97569,77.5628,1st cross magadi road
241-H_REV,5,5th Cross Magadi Road,12.97578,77.56071,5th cross magadi road
241-H_REV,6,10th Cross Magadi Road,12.97574,77.55706,10th cross magadi road
241-H_REV,7,Magadi Road Metro Station,12.97562,77.55479,magadi road metro station
241-H_REV,8,Prasanna Theatre,12.97542,77.55288,prasanna theatre
241-H_REV,9,Magadi Road TollGate,12.97459,77.54897,magadi road tollgate
241-H_REV,10,Agrahara Dasarahalli,12.97853,77.54293,agrahara dasarahalli
241-H_REV,11,KHB Colony,12.98142,77.53525,khb colony
241-H_REV,12,Kamakshipalya,12.98385,77.52924,kamakshipalya
241-H_REV,13,Summanahalli,12.98682,77.52077,summanahalli
241-H_REV,14,Kottigepalya,12.98786,77.51405,kottigepalya
241-H_REV,15,Sunkadakatte,12.98946,77.50638,sunkadakatte
241-H_REV,16,Janapriya Apartment,12.98895,77.49938,janapriya apartment
241-H_REV,17,Herohalli Cross,12.98803,77.49388,herohalli cross
241-H_REV,18,Maruthi Nagara,12.98967,77.49398,maruthi nagara
241-H_REV,19,Mahadeshwara Nagara,12.9921,77.49432,mahadeshwara nagara
243-L_REV,1,Kempegowda Bus Station,12.97749,77.57327,kempegowda bus station
243-L_REV,2,Okalipura,12.98267,77.56837,okalipura
243-L_REV,3,Minerva Mill,12.97945,77.56435,minerva mill
243-L_REV,4,1st Cross Magadi Road,12.97569,77.5628,1st cross magadi road
243-L_REV,5,5th Cross Magadi Road,12.97578,77.56071,5th cross magadi road
243-L_REV,6,10th Cross Magadi Road,12.97574,77.55706,10th cross magadi road
243-L_REV,7,Magadi Road Metro Station,12.97562,77.55479,magadi road metro station
243-L_REV,8,Prasanna Theatre,12.97542,77.55288,prasanna theatre
243-L_REV,9,Magadi Road TollGate,12.97459,77.54897,magadi road tollgate
243-L_REV,10,Agrahara Dasarahalli,12.97853,77.54293,agrahara dasarahalli
243-L_REV,11,KHB Colony,12.98142,77.53525,khb colony
243-L_REV,12,Kamakshipalya,12.98385,77.52924,kamakshipalya
243-L_REV,13,Summanahalli,12.98682,77.52077,summanahalli
243-L_REV,14,Kottigepalya,12.98786,77.51405,kottigepalya
243-L_REV,15,Sunkadakatte,12.98946,77.50638,sunkadakatte
243-L_REV,16,Janapriya Apartment,12.98895,77.49938,janapriya apartment
243-L_REV,17,Herohalli Cross,12.98749,77.49262,herohalli cross
243-L_REV,18,Herohalli Sunkadakatte,12.99053,77.48753,herohalli sunkadakatte
243-L_REV,19,Venkateshwara Layout,12.99335,77.4886,venkateshwara layout
243-L_REV,20,Syndicate Bank Layout,12.99796,77.48947,syndicate bank layout
243-L_REV,21,Arch Lingadeeranahalli,12.99961,77.48872,arch lingadeeranahalli
243-L_REV,22,Lingadeeranahalli,12.99903,77.47898,lingadeeranahalli
248-N_REV,1,Jalahalli Cross,13.03949,77.51843,jalahalli cross
248-N_REV,2,Systems Peenya,13.03506,77.51806,systems peenya
248-N_REV,3,TVS Cross Peenya,13.02835,77.51953,tvs cross peenya
248-N_REV,4,Rolling Mill,13.02648,77.51486,rolling mill
248-N_REV,5,NTTF Peenya,13.02443,77.51092,nttf peenya
248-N_REV,6,Brundavana Peenya,13.02038,77.50815,brundavana peenya
248-N_REV,7,Peenya 14th cross,13.01646,77.50566,peenya 14th cross
248-N_REV,8,Rajagopalanagara,13.01368,77.50881,rajagopalanagara
248-N_REV,9,Peenya 2nd stage,13.01094,77.50694,peenya 2nd stage
248-N_REV,10,Milk Dairy Hegganahalli,13.00745,77.50553,milk dairy hegganahalli
248-N_REV,11,Hegganahalli,13.0037,77.5046,hegganahalli
248-N_REV,12,Hegganahalli Cross,12.99974,77.50404,hegganahalli cross
248-N_REV,13,Neelagiri Thopu,12.99578,77.50253,neelagiri thopu
248-N_REV,14,Vigneshwara Nagara,12.99255,77.4993,vigneshwara nagara
248-N_REV,15,Janapriya Apartment,12.98895,77.49938,janapriya apartment
248-N_REV,16,Sunkadakatte,12.98946,77.50638,sunkadakatte
248-N_REV,17,Kottigepalya,12.98786,77.51405,kottigepalya
248-N_REV,18,Summanahalli,12.98682,77.52077,summanahalli
248-N_REV,19,Kamakshipalya,12.98385,77.52924,kamakshipalya
248-N_REV,20,KHB Colony,12.98142,77.53525,khb colony
248-N_REV,21,Agrahara Dasarahalli,12.97853,77.54293,agrahara dasarahalli
248-N_REV,22,Vijayanagara Vijaya Bank,12.97359,77.54155,vijayanagara vijaya bank
248-N_REV,23,Vijayanagara,12.97197,77.53786,vijayanagara
248-N_REV,24,Maruthi Mandira,12.96785,77.53637,maruthi mandira
248-N_REV,25,Vijayanagara Garage,12.966,77.53555,vijayanagara garage
248-N_REV,26,Attiguppe,12.95809,77.53395,attiguppe
248-N_REV,27,Deepanjalinagara,12.95375,77.53624,deepanjalinagara
248-N_REV,28,Mysore Road Bus Station,12.95357,77.54374,mysore road bus station
25-A_REV,1,Kuvempunagara Bus station (BTM Layout),12.91608,77.61575,kuvempunagara bus station (btm layout)
25-A_REV,2,BTM Layout 16th Main,12.9165,77.60932,btm layout 16th main
25-A_REV,3,BTM Layout Water Tank,12.91654,77.60711,btm layout water tank
25-A_REV,4,MICO Layout BTM,12.91657,77.60427,mico layout btm
25-A_REV,5,East End Jayanagara,12.91709,77.59683,east end jayanagara
25-A_REV,6,Jayanagara Pump House,12.92161,77.59699,jayanagara pump house
25-A_REV,7,Carmel Convent Jayanagara,12.9268,77.59713,carmel convent jayanagara
25-A_REV,8,Sanjay Gandhi Hospital,12.927,77.59299,sanjay gandhi hospital
25-A_REV,9,Jayanagara Church,12.92828,77.58741,jayanagara church
25-A_REV,10,Jayanagara Bus Station,12.92852,77.58418,jayanagara bus station
25-A_REV,11,3rd Block Jayanagara,12.9318,77.58392,3rd block jayanagara
25-A_REV,12,Madhavan Park,12.93651,77.58401,madhavan park
25-A_REV,13,Rani Saraladevi High School,12.93769,77.58506,rani saraladevi high school
25-A_REV,14,Ashoka Pillar,12.94367,77.58496,ashoka pillar
25-A_REV,15,R V Teachers College,12.94486,77.57999,r v teachers college
25-A_REV,16,Lalbagh West Gate,12.94963,77.57993,lalbagh west gate
25-A_REV,17,Minerva Circle,12.95387,77.57992,minerva circle
25-A_REV,18,Town Hall,12.96361,77.58515,town hall
25-A_REV,19,Corporation,12.96839,77.58675,corporation
25-A_REV,20,Mysore Bank,12.97253,77.58199,mysore bank
25-A_REV,21,Kempegowda Bus Station,12.97749,77.57327,kempegowda bus station
258_REV,1,Nelamangala Bus Station,13.09796,77.39438,nelamangala bus station
258_REV,2,Anjaneya Temple Nelamangala,13.09737,77.39777,anjaneya temple nelamangala
258_REV,3,TB Nelamangala,13.09718,77.40144,tb nelamangala
258_REV,4,Weavers Colony Nelamangala,13.09416,77.40559,weavers colony nelamangala
258_REV,5,Nursery Nelamangala,13.09008,77.40945,nursery nelamangala
258_REV,6,Binnamangala,13.08745,77.41256,binnamangala
258_REV,7,Vishwa Shanti Ashrama,13.08378,77.41777,vishwa shanti ashrama
258_REV,8,Arishinakunte,13.08026,77.42417,arishinakunte
258_REV,9,Devannanapalya,13.07769,77.43139,devannanapalya
258_REV,10,Dasanapura,13.07542,77.43636,dasanapura
258_REV,11,Ravuthanahalli Cross,13.07362,77.43959,ravuthanahalli cross
258_REV,12,Adakimaranahalli,13.07065,77.4449,adakimaranahalli
258_REV,13,Makali,13.0658,77.45363,makali
258_REV,14,Madanayakanahalli,13.06146,77.46102,madanayakanahalli
258_REV,15,TCI,13.05924,77.46527,tci
258_REV,16,Madavara NICE Road,13.05684,77.4741,madavara nice road
258_REV,17,Anchepalya,13.05529,77.47983,anchepalya
258_REV,18,Jindal,13.05399,77.48328,jindal
258_REV,19,Chikkabidarakallu,13.05235,77.48774,chikkabidarakallu
258_REV,20,Marison Factory,13.05049,77.49285,marison factory
258_REV,21,Widia Factory,13.04907,77.497,widia factory
258_REV,22,Deepak Factory,13.04749,77.50135,deepak factory
258_REV,23,8th Mile Dasarahalli,13.04541,77.50795,8th mile dasarahalli
258_REV,24,T Dasarahalli,13.04309,77.51288,t dasarahalli
258_REV,25,Jalahalli Cross,13.0399,77.51879,jalahalli cross
258_REV,26,Peenya Industry Metro Station,13.03599,77.52579,peenya industry metro station
258_REV,27,SRS Peenya,13.03471,77.52987,srs peenya
258_REV,28,Peenya Metro Station,13.03299,77.53297,peenya metro station
258_REV,29,CMTI,13.03143,77.53561,cmti
258_REV,30,Goraguntepalya,13.02835,77.54123,goraguntepalya
258_REV,31,MEI Factory,13.02652,77.54439,mei factory
258_REV,32,RMC Yard (Yeshawanthapura New Railway Station),13.02462,77.54776,rmc yard (yeshawanthapura new railway station)
258_REV,33,Govardhan Talkies,13.01853,77.55339,govardhan talkies
258_REV,34,Yeshawanthapura Bus Station,13.01771,77.55657,yeshawanthapura bus station
258_REV,35,Tata Institute,13.01313,77.56755,tata institute
258_REV,36,Malleshwara 18th Cross,13.00894,77.56918,malleshwara 18th cross
258_REV,37,Malleshwara 13th Cross,13.00408,77.56923,malleshwara 13th cross
258_REV,38,Malleshwara 11th Cross,13.00238,77.5693,malleshwara 11th cross
258_REV,39,Malleshwara 8th Cross,12.99969,77.56933,malleshwara 8th cross
258_REV,40,Malleshwara Circle,12.99727,77.56945,malleshwara circle
258_REV,41,Link Road,12.99426,77.57388,link road
258_REV,42,Swastik Sheshadripuram College,12.98851,77.57414,swastik sheshadripuram college
258_REV,43,Ananda Rao Circle,12.98074,77.57503,ananda rao circle
258_REV,44,Maharani College,12.97703,77.5858,maharani college
258_REV,45,KR Circle,12.97386,77.58661,kr circle
258_REV,46,St Marthas Hospital,12.96945,77.58716,st marthas hospital
258_REV,47,Corporation,12.96701,77.58822,corporation
258_REV,48,Town Hall,12.96355,77.58375,town hall
258_REV,49,KR Market,12.96437,77.57736,kr market
258-C_REV,1,Kempegowda Bus Station,12.97749,77.57327,kempegowda bus station
258-C_REV,2,Central,12.9898,77.57204,central
258-C_REV,3,Link Road,12.99426,77.57388,link road
258-C_REV,4,Malleshwara Circle,12.99727,77.56945,malleshwara circle
258-C_REV,5,Malleshwara 8th Cross,12.99969,77.56933,malleshwara 8th cross
258-C_REV,6,Malleshwara 11th Cross,13.00238,77.5693,malleshwara 11th cross
258-C_REV,7,Malleshwara 13th Cross,13.00408,77.56923,malleshwara 13th cross
258-C_REV,8,Malleshwara 18th Cross,13.00894,77.56918,malleshwara 18th cross
258-C_REV,9,Tata Institute,13.01313,77.56755,tata institute
258-C_REV,10,Yeshawanthapura Bus Station,13.01771,77.55657,yeshawanthapura bus station
258-C_REV,11,Govardhan Talkies,13.01853,77.55339,govardhan talkies
258-C_REV,12,RMC Yard (Yeshawanthapura New Railway Station),13.02462,77.54776,rmc yard (yeshawanthapura new railway station)
258-C_REV,13,MEI Factory,13.02652,77.54439,mei factory
258-C_REV,14,Goraguntepalya,13.02835,77.54123,goraguntepalya
258-C_REV,15,CMTI,13.03143,77.53561,cmti
258-C_REV,16,Peenya Metro Station,13.03299,77.53297,peenya metro station
258-C_REV,17,SRS Peenya,13.03471,77.52987,srs peenya
258-C_REV,18,Peenya Industry Metro Station,13.03599,77.52579,peenya industry metro station
258-C_REV,19,Jalahalli Cross,13.0399,77.51879,jalahalli cross
258-C_REV,20,T Dasarahalli,13.04309,77.51288,t dasarahalli
258-C_REV,21,8th Mile Dasarahalli,13.04541,77.50795,8th mile dasarahalli
258-C_REV,22,Deepak Factory,13.04749,77.50135,deepak factory
258-C_REV,23,Widia Factory,13.04907,77.497,widia factory
258-C_REV,24,Marison Factory,13.05049,77.49285,marison factory
258-C_REV,25,Chikkabidarakallu,13.05235,77.48774,chikkabidarakallu
258-C_REV,26,Jindal,13.05399,77.48328,jindal
258-C_REV,27,Anchepalya,13.05529,77.47983,anchepalya
258-C_REV,28,Madavara NICE Road,13.05684,77.4741,madavara nice road
258-C_REV,29,TCI,13.05924,77.46527,tci
258-C_REV,30,Madanayakanahalli,13.06146,77.46102,madanayakanahalli
258-C_REV,31,Makali,13.0658,77.45363,makali
258-C_REV,32,Adakimaranahalli,13.07065,77.4449,adakimaranahalli
258-C_REV,33,Ravuthanahalli Cross,13.07362,77.43959,ravuthanahalli cross
258-C_REV,34,Dasanapura,13.07542,77.43636,dasanapura
258-C_REV,35,Devannanapalya,13.07769,77.43139,devannanapalya
258-C_REV,36,Arishinakunte,13.08026,77.42417,arishinakunte
258-C_REV,37,Vishwa Shanti Ashrama,13.08378,77.41777,vishwa shanti ashrama
258-C_REV,38,Binnamangala,13.08745,77.41256,binnamangala
258-C_REV,39,Nursery Nelamangala,13.09008,77.40945,nursery nelamangala
258-C_REV,40,Weavers Colony Nelamangala,13.09416,77.40559,weavers colony nelamangala
258-C_REV,41,TB Nelamangala,13.09718,77.40144,tb nelamangala
258-C_REV,42,Anjaneya Temple Nelamangala,13.09737,77.39777,anjaneya temple nelamangala
258-C_REV,43,Nelamangala Bus Station,13.09796,77.39438,nelamangala bus station
258-MD_REV,1,Thyamagondlu,13.21567,77.30226,thyamagondlu
258-MD_REV,2,Kerekodi Thyamagondlu,13.21465,77.30956,kerekodi thyamagondlu
258-MD_REV,3,Subramanyanagara Thyamagondlu,13.21181,77.31258,subramanyanagara thyamagondlu
258-MD_REV,4,HG Palya,13.20808,77.31528,hg palya
258-MD_REV,5,Gundenahalli Cross,13.20657,77.31597,gundenahalli cross
258-MD_REV,6,Kalalughatta,13.19558,77.32108,kalalughatta
258-MD_REV,7,Arivesandra,13.18506,77.32518,arivesandra
258-MD_REV,8,Alanayakanahalli Gate,13.18069,77.32407,alanayakanahalli gate
258-MD_REV,9,Kirloskar Factory,13.17776,77.32278,kirloskar factory
258-MD_REV,10,Minnapura,13.16787,77.33232,minnapura
258-MD_REV,11,Jakkanahalli Cross,13.16542,77.33451,jakkanahalli cross
258-MD_REV,12,Hosuru,13.16047,77.33484,hosuru
258-MD_REV,13,Ambika School,13.15775,77.33719,ambika school
258-MD_REV,14,Byranahalli Cross,13.15387,77.33824,byranahalli cross
258-MD_REV,15,Thyamagondlu Cross,13.15178,77.33772,thyamagondlu cross
258-MD_REV,16,T Begur,13.15005,77.33952,t begur
258-MD_REV,17,Pepsi Factory,13.14395,77.34502,pepsi factory
258-MD_REV,18,Thonachinakuppe,13.14218,77.34763,thonachinakuppe
258-MD_REV,19,Bhuvaneshwari Petrol Bunk,13.1392,77.35126,bhuvaneshwari petrol bunk
258-MD_REV,20,Budihal Gate,13.13119,77.35895,budihal gate
258-MD_REV,21,Bommanahalli,13.12141,77.3683,bommanahalli
258-MD_REV,22,KBD Factory,13.11733,77.3722,kbd factory
258-MD_REV,23,Nelamangala Jass Toll,13.11541,77.37417,nelamangala jass toll
258-MD_REV,24,Tumkur Road Junction,13.09816,77.38615,tumkur road junction
258-MD_REV,25,Nelamangala Hunasemara 1,13.09991,77.39085,nelamangala hunasemara 1
258-MD_REV,26,Nelamangala Bus Station,13.09803,77.39387,nelamangala bus station
273_REV,1,Peenya 2nd Stage,13.01098,77.5068,peenya 2nd stage
273_REV,2,Peenya 14th Cross,13.01662,77.50559,peenya 14th cross
273_REV,3,Brundavana Peenya,13.02024,77.50803,brundavana peenya
273_REV,4,NTTF Peenya,13.02514,77.51135,nttf peenya
273_REV,5,Rolling Mill,13.02653,77.51474,rolling mill
273_REV,6,TVS Cross Peenya,13.02868,77.51957,tvs cross peenya
273_REV,7,Systems Peenya,13.03497,77.51794,systems peenya
273_REV,8,Jalahalli Cross,13.04066,77.51872,jalahalli cross
273_REV,9,Ayyappa Temple Jalahalli Cross,13.0461,77.52231,ayyappa temple jalahalli cross
273_REV,10,Shettyhalli Cross,13.05011,77.52546,shettyhalli cross
273_REV,11,IAF Jalahalli,13.05358,77.53075,iaf jalahalli
273_REV,12,Kammagondanahalli Bridge,13.05454,77.53269,kammagondanahalli bridge
273_REV,13,HMT Watch Factory,13.05046,77.53521,hmt watch factory
273_REV,14,Shopping Complex HMT,13.04962,77.53739,shopping complex hmt
273_REV,15,HMT Post Office,13.05066,77.54157,hmt post office
273_REV,16,HMT Auditorium,13.04918,77.54503,hmt auditorium
273_REV,17,Jalahalli Police Station,13.04889,77.55009,jalahalli police station
273_REV,18,State Bank of India,13.04999,77.55345,state bank of india
273_REV,19,Gokula,13.04152,77.55725,gokula
273_REV,20,Mathikere,13.03533,77.55755,mathikere
273_REV,21,MS Ramaiah College,13.02871,77.56159,ms ramaiah college
273_REV,22,Diwanarapalya,13.02679,77.56182,diwanarapalya
273_REV,23,Ayyappa Temple Yashawanthapura,13.02167,77.56321,ayyappa temple yashawanthapura
273_REV,24,Yeshawanthapura Tollgate,13.01797,77.56097,yeshawanthapura tollgate
273_REV,25,Tata Institute,13.01313,77.56755,tata institute
273_REV,26,Malleshwara 18th Cross,13.00894,77.56918,malleshwara 18th cross
273_REV,27,Malleshwara 13th Cross,13.00408,77.56923,malleshwara 13th cross
273_REV,28,Malleshwara 11th Cross,13.00238,77.5693,malleshwara 11th cross
273_REV,29,BEL Circle,13.0452,77.55669,bel circle
273_REV,30,Malleshwara 8th Cross,12.99969,77.56933,malleshwara 8th cross
273_REV,31,Malleshwara Circle,12.99727,77.56945,malleshwara circle
273_REV,32,Link Road,12.99426,77.57388,link road
273_REV,33,Central,12.9898,77.57204,central
273_REV,34,Kempegowda Bus Station,12.97749,77.57327,kempegowda bus station
276_REV,1,Vidyaranyapura Bus Station,13.08374,77.5607,vidyaranyapura bus station
276_REV,2,Vidyaranyapura,13.08372,77.56028,vidyaranyapura
276_REV,3,Durga Parameshwari Temple,13.08182,77.55979,durga parameshwari temple
276_REV,4,Echalamara Vidyaranyapura,13.08,77.55935,echalamara vidyaranyapura
276_REV,5,Vidyaranyapura Post Office,13.07659,77.55835,vidyaranyapura post office
276_REV,6,3rd Block Vidyaranyapura,13.07237,77.55647,3rd block vidyaranyapura
276_REV,7,1st Block Vidyaranyapura,13.07021,77.5555,1st block vidyaranyapura
276_REV,8,Nanjappa Circle,13.06815,77.56041,nanjappa circle
276_REV,9,Chamundeshwari Layout,13.06488,77.55966,chamundeshwari layout
276_REV,10,Dodda Bommasandra,13.06022,77.55886,dodda bommasandra
276_REV,11,Dodda Bommasandra Arch,13.05884,77.55928,dodda bommasandra arch
276_REV,12,Nagaland Circle,13.0557,77.5572,nagaland circle
276_REV,13,BEL Hospital,13.04987,77.55755,bel hospital
276_REV,14,BEL Circle,13.0452,77.55669,bel circle
276_REV,15,Kuvempu Circle,13.04337,77.56138,kuvempu circle
276_REV,16,Devasandra Chikkamaranahalli,13.03638,77.56656,devasandra chikkamaranahalli
276_REV,17,ITI Layout,13.03394,77.56869,iti layout
276_REV,18,MS Ramaiah Hospital,13.02771,77.57162,ms ramaiah hospital
276_REV,19,CPRI Quarters,13.02217,77.57224,cpri quarters
276_REV,20,Sadashivanagara Police Station,13.01587,77.57277,sadashivanagara police station
276_REV,21,Tata Institute,13.01313,77.56755,tata institute
276_REV,22,Malleshwara 18th Cross,13.00894,77.56918,malleshwara 18th cross
276_REV,23,Malleshwara 13th Cross,13.00408,77.56923,malleshwara 13th cross
276_REV,24,Malleshwara 8th Cross,12.99969,77.56933,malleshwara 8th cross
276_REV,25,Malleshwara Circle,12.99727,77.56945,malleshwara circle
276_REV,26,Link Road,12.99426,77.57388,link road
276_REV,27,Central,12.9898,77.57204,central
276_REV,28,Kempegowda Bus Station,12.97749,77.57327,kempegowda bus station
276-E_REV,1,Vidyaranyapura Bus Station,13.08374,77.5607,vidyaranyapura bus station
276-E_REV,2,Durga Parameshwari Temple,13.08182,77.55979,durga parameshwari temple
276-E_REV,3,Echalamara Vidyaranyapura,13.08,77.55935,echalamara vidyaranyapura
276-E_REV,4,Vidyaranyapura Post Office,13.07659,77.55835,vidyaranyapura post office
276-E_REV,5,3rd Block Vidyaranyapura,13.07237,77.55647,3rd block vidyaranyapura
276-E_REV,6,1st Block Vidyaranyapura,13.07021,77.5555,1st block vidyaranyapura
276-E_REV,7,Nanjappa Circle,13.06815,77.56041,nanjappa circle
276-E_REV,8,Chamundeshwari Layout,13.06488,77.55966,chamundeshwari layout
276-E_REV,9,Dodda Bommasandra,13.06022,77.55886,dodda bommasandra
276-E_REV,10,Dodda Bommasandra Arch,13.05884,77.55928,dodda bommasandra arch
276-E_REV,11,Nagaland Circle,13.0557,77.5572,nagaland circle
276-E_REV,12,BEL Hospital,13.04987,77.55755,bel hospital
276-E_REV,13,BEL Circle,13.0452,77.55669,bel circle
276-E_REV,14,Gokula,13.04152,77.55725,gokula
276-E_REV,15,Mathikere,13.03533,77.55755,mathikere
276-E_REV,16,MS Ramaiah College,13.02871,77.56159,ms ramaiah college
276-E_REV,17,Diwanarapalya,13.02679,77.56182,diwanarapalya
276-E_REV,18,Ayyappa Temple Yashawanthapura,13.02167,77.56321,ayyappa temple yashawanthapura
276-E_REV,19,Yeshawanthapura Tollgate,13.01797,77.56097,yeshawanthapura tollgate
276-E_REV,20,Tata Institute,13.01313,77.56755,tata institute
276-E_REV,21,Malleshwara 18th Cross,13.00894,77.56918,malleshwara 18th cross
276-E_REV,22,Malleshwara 13th Cross,13.00408,77.56923,malleshwara 13th cross
276-E_REV,23,Malleshwara 8th Cross,12.99969,77.56933,malleshwara 8th cross
276-E_REV,24,Malleshwara Circle,12.99727,77.56945,malleshwara circle
276-E_REV,25,Link Road,12.99426,77.57388,link road
276-E_REV,26,Swastik Sheshadripuram College,12.98851,77.57414,swastik sheshadripuram college
276-E_REV,27,Ananda Rao Circle,12.98074,77.57503,ananda rao circle
276-E_REV,28,Maharani College,12.97703,77.5858,maharani college
276-E_REV,29,KR Circle,12.97386,77.58661,kr circle
276-E_REV,30,St Marthas Hospital,12.96945,77.58716,st marthas hospital
276-E_REV,31,Corporation,12.96701,77.58822,corporation
276-E_REV,32,Town Hall,12.96355,77.58375,town hall
276-E_REV,33,KR Market,12.96437,77.57736,kr market
279-E_REV,1,Hebbala,13.04127,77.58942,hebbala
279-E_REV,2,Bhoopasandra,13.04244,77.58086,bhoopasandra
279-E_REV,3,RMV 2nd Stage,13.04245,77.5801,rmv 2nd stage
279-E_REV,4,Nagashettyhalli,13.04175,77.57273,nagashettyhalli
279-E_REV,5,RMS Sanjayanagara,13.0378,77.57425,rms sanjayanagara
279-E_REV,6,Sanjayanagara,13.03421,77.57565,sanjayanagara
279-E_REV,7,Geddalahalli,13.03082,77.57751,geddalahalli
279-E_REV,8,Ashwathnagara,13.02679,77.57984,ashwathnagara
279-E_REV,9,Gangenahalli,13.02256,77.58457,gangenahalli
279-E_REV,10,Mekhri Circle,13.01756,77.584,mekhri circle
279-E_REV,11,Palace Ground,13.01061,77.58399,palace ground
279-E_REV,12,RM Guttahalli,13.00009,77.58425,rm guttahalli
279-E_REV,13,Shivananda Store,12.98666,77.57938,shivananda store
279-E_REV,14,Swastik Sheshadripuram College,12.98798,77.57422,swastik sheshadripuram college
279-E_REV,15,Central,12.9898,77.57204,central
279-E_REV,16,Kempegowda Bus Station,12.97749,77.57327,kempegowda bus station
285-MC_REV,1,Doddaballapura Bus Stand,13.29346,77.54224,doddaballapura bus stand
285-MC_REV,2,D Cross Doddaballapura,13.30659,77.54594,d cross doddaballapura
285-MC_REV,3,Siddanayakanahalli,13.29816,77.54992,siddanayakanahalli
285-MC_REV,4,Mutturu,13.28662,77.55178,mutturu
285-MC_REV,5,Doddaballapura Railway Station,13.28041,77.55176,doddaballapura railway station
285-MC_REV,6,Aparel Park,13.27266,77.55205,aparel park
285-MC_REV,7,Navodaya School Doddaballapura,13.26922,77.5523,navodaya school doddaballapura
285-MC_REV,8,Bashettalli,13.26176,77.5527,bashettalli
285-MC_REV,9,Bank Circle Bashettyhalli,13.25811,77.55281,bank circle bashettyhalli
285-MC_REV,10,Railway Gate,13.25155,77.55394,railway gate
285-MC_REV,11,Jinke Bachahalli Gate,13.24607,77.5526,jinke bachahalli gate
285-MC_REV,12,Hosa Hudya,13.23656,77.55107,hosa hudya
285-MC_REV,13,Marasandra Govt School,13.23113,77.55027,marasandra govt school
285-MC_REV,14,Marasandra Circle,13.22281,77.54973,marasandra circle
285-MC_REV,15,Aradeshanahalli Gate,13.21648,77.55266,aradeshanahalli gate
285-MC_REV,16,YAPB Toll,13.21339,77.55423,yapb toll
285-MC_REV,17,Suradenapura Gate,13.20445,77.55912,suradenapura gate
285-MC_REV,18,Sri Ramanahalli,13.19517,77.56296,sri ramanahalli
285-MC_REV,19,Rajanukunte,13.17167,77.56446,rajanukunte
285-MC_REV,20,Honnenahalli,13.16003,77.56665,honnenahalli
285-MC_REV,21,Singanayakanahalli Gate,13.1477,77.56982,singanayakanahalli gate
285-MC_REV,22,Avalahalli,13.13538,77.56924,avalahalli
285-MC_REV,23,Nagenahalli Gate,13.13007,77.57144,nagenahalli gate
285-MC_REV,24,C R P F Yelahanka,13.12298,77.57554,c r p f yelahanka
285-MC_REV,25,Ananthapura Gate,13.11478,77.57907,ananthapura gate
285-MC_REV,26,Puttenahalli,13.11016,77.58024,puttenahalli
285-MC_REV,27,Wheel And Axle Plant,13.10603,77.58227,wheel and axle plant
285-MC_REV,28,Escorts,13.10278,77.58564,escorts
285-MC_REV,29,Sheshadripuram College,13.10041,77.58864,sheshadripuram college
285-MC_REV,30,NES Office,13.09784,77.59167,nes office
286-F_REV,1,K Narayanapura Main Bus Stand,13.06631,77.64068,k narayanapura main bus stand
286-F_REV,2,Shirdi Sai Nagara,13.06675,77.63818,shirdi sai nagara
286-F_REV,3,K Narayanapura Cross,13.06757,77.63338,k narayanapura cross
286-F_REV,4,Dr.Shivaramakaranth Nagara,13.06812,77.62939,dr.shivaramakaranth nagara
286-F_REV,5,Dr Shivaramkaranth Residents,13.06893,77.62544,dr shivaramkaranth residents
286-F_REV,6,Venkateshwara Nagara Cross,13.07056,77.62066,venkateshwara nagara cross
286-F_REV,7,Jakkur Double Road,13.07247,77.60406,jakkur double road
286-F_REV,8,Jakkur 18th Cross,13.06883,77.60348,jakkur 18th cross
286-F_REV,9,Jakkur Layout 3rd Cross.,13.06952,77.60166,jakkur layout 3rd cross.
286-F_REV,10,Amruthahalli,13.06574,77.60076,amruthahalli
286-F_REV,11,Byatarayanapura,13.06693,77.59337,byatarayanapura
286-F_REV,12,Kodigehalli Gate,13.05734,77.59362,kodigehalli gate
286-F_REV,13,Military Dairy Farm (Esteem Mall),13.04974,77.59287,military dairy farm (esteem mall)
286-F_REV,14,Hebbala Bridge,13.04294,77.59145,hebbala bridge
286-F_REV,15,Hebbala,13.03917,77.58951,hebbala
286-F_REV,16,Canara Bank Hebbala,13.0357,77.58909,canara bank hebbala
286-F_REV,17,Veterinary Hospital,13.03018,77.58697,veterinary hospital
286-F_REV,18,CBI,13.02653,77.58565,cbi
286-F_REV,19,Mekhri Circle,13.01756,77.584,mekhri circle
286-F_REV,20,Palace Ground,13.01061,77.58399,palace ground
286-F_REV,21,RM Guttahalli,13.00009,77.58425,rm guttahalli
286-F_REV,22,Shivananda Store,12.98666,77.57938,shivananda store
286-F_REV,23,Swastik Sheshadripuram College,12.98798,77.57422,swastik sheshadripuram college
286-F_REV,24,Central,12.9898,77.57204,central
286-F_REV,25,Kempegowda Bus Station,12.97749,77.57327,kempegowda bus station
287-A_REV,1,Kodigehalli Gate,13.05734,77.59362,kodigehalli gate
287-A_REV,2,Military Dairy Farm (Esteem Mall),13.04974,77.59287,military dairy farm (esteem mall)
287-A_REV,3,Hebbala,13.03917,77.58951,hebbala
287-A_REV,4,Canara Bank Hebbala,13.0357,77.58909,canara bank hebbala
287-A_REV,5,Veterinary Hospital,13.03018,77.58697,veterinary hospital
287-A_REV,6,CBI,13.02696,77.58589,cbi
287-A_REV,7,Vasanthappa Block,13.02629,77.58904,vasanthappa block
287-A_REV,8,RT Nagara Police Station,13.02424,77.59288,rt nagara police station
287-A_REV,9,RTN Post Office,13.022,77.59251,rtn post office
287-A_REV,10,Rahamathnagara,13.01755,77.5919,rahamathnagara
287-A_REV,11,Matadahalli,13.01366,77.59365,matadahalli
287-A_REV,12,C Q A L,13.01175,77.59331,c q a l
287-A_REV,13,TV Tower,13.00978,77.59078,tv tower
287-A_REV,14,Munireddy Palya J C Nagara,13.00676,77.59276,munireddy palya j c nagara
287-A_REV,15,Cantonment Railway Station,12.99384,77.59712,cantonment railway station
287-A_REV,16,CSI Hospital,12.98983,77.59938,csi hospital
287-A_REV,17,Indian Express,12.98408,77.59827,indian express
287-A_REV,18,Shivajinagara Bus Station,12.98328,77.60304,shivajinagara bus station
288-A_REV,1,Kodigehalli,13.05983,77.57682,kodigehalli
288-A_REV,2,Maruthi Nagara,13.0589,77.58102,maruthi nagara
288-A_REV,3,Sahakara Nagara Police Station,13.06414,77.58336,sahakara nagara police station
288-A_REV,4,Ganesha Temple Sahakara Nagara,13.06342,77.58561,ganesha temple sahakara nagara
288-A_REV,5,Sahakara Nagara Post Office,13.06142,77.58731,sahakara nagara post office
288-A_REV,6,Kodigehalli Gate,13.05734,77.59362,kodigehalli gate
288-A_REV,7,Military Dairy Farm (Esteem Mall),13.04974,77.59287,military dairy farm (esteem mall)
288-A_REV,8,Hebbala Bridge,13.04294,77.59145,hebbala bridge
288-A_REV,9,Hebbala,13.03917,77.58951,hebbala
288-A_REV,10,Canara Bank Hebbala,13.0357,77.58909,canara bank hebbala
288-A_REV,11,Veterinary Hospital,13.03018,77.58697,veterinary hospital
288-A_REV,12,CBI,13.02696,77.58589,cbi
288-A_REV,13,Vasanthappa Block,13.02629,77.58904,vasanthappa block
288-A_REV,14,RT Nagara Police Station,13.02424,77.59288,rt nagara police station
288-A_REV,15,RTN Post Office,13.022,77.59251,rtn post office
288-A_REV,16,Rahamathnagara,13.01755,77.5919,rahamathnagara
288-A_REV,17,Matadahalli,13.01366,77.59365,matadahalli
288-A_REV,18,C Q A L,13.01175,77.59331,c q a l
288-A_REV,19,TV Tower,13.00978,77.59078,tv tower
288-A_REV,20,Munireddy Palya J C Nagara,13.00676,77.59276,munireddy palya j c nagara
288-A_REV,21,Jayamahal,13.00189,77.59448,jayamahal
288-A_REV,22,Cantonment Railway Station,12.99384,77.59712,cantonment railway station
288-A_REV,23,CSI Hospital,12.98983,77.59938,csi hospital
288-A_REV,24,Indian Express,12.98408,77.59827,indian express
288-A_REV,25,Shivajinagara Bus Station,12.98328,77.60304,shivajinagara bus station
289-S_REV,1,Bagalur,13.13453,77.66797,bagalur
289-S_REV,2,Bagalur Santhe,13.13334,77.6668,bagalur santhe
289-S_REV,3,Sathanur,13.13183,77.64739,sathanur
289-S_REV,4,Sathanur Colony,13.12786,77.64662,sathanur colony
289-S_REV,5,Srinivasapura Cross,13.12598,77.64524,srinivasapura cross
289-S_REV,6,Country Club Bagaluru,13.12348,77.63937,country club bagaluru
289-S_REV,7,Reva College Gate,13.12214,77.63037,reva college gate
289-S_REV,8,Kattigehalli Cross,13.12176,77.62576,kattigehalli cross
289-S_REV,9,Dwaraka Nagara,13.12125,77.61816,dwaraka nagara
289-S_REV,10,Bagalur Cross,13.12175,77.61129,bagalur cross
289-S_REV,11,Palanahalli Gate,13.11678,77.60847,palanahalli gate
289-S_REV,12,Venkatala,13.1111,77.60498,venkatala
289-S_REV,13,Kendriya Vihara,13.10643,77.60213,kendriya vihara
289-S_REV,14,Kogilu Cross,13.10398,77.60084,kogilu cross
289-S_REV,15,Raitarasanthe Yalahanka,13.09749,77.59892,raitarasanthe yalahanka
289-S_REV,16,Allalasandra Gate,13.08737,77.59557,allalasandra gate
289-S_REV,17,Jakkur Aerodrum,13.07701,77.59301,jakkur aerodrum
289-S_REV,18,GKVK GATE,13.07276,77.59292,gkvk gate
289-S_REV,19,Byatarayanapura,13.06693,77.59337,byatarayanapura
289-S_REV,20,Kodigehalli Gate,13.05734,77.59362,kodigehalli gate
289-S_REV,21,Military Dairy Farm (Esteem Mall),13.04974,77.59287,military dairy farm (esteem mall)
289-S_REV,22,Hebbala Bridge,13.04294,77.59145,hebbala bridge
289-S_REV,23,Hebbala,13.03917,77.58951,hebbala
289-S_REV,24,Canara Bank Hebbala,13.0357,77.58909,canara bank hebbala
289-S_REV,25,Veterinary Hospital,13.03018,77.58697,veterinary hospital
289-S_REV,26,CBI,13.02653,77.58565,cbi
289-S_REV,27,Mekhri Circle,13.01756,77.584,mekhri circle
289-S_REV,28,Palace Ground,13.01061,77.58399,palace ground
289-S_REV,29,RM Guttahalli,13.00009,77.58425,rm guttahalli
289-S_REV,30,Shivananda Store,12.98666,77.57938,shivananda store
289-S_REV,31,Swastik Sheshadripuram College,12.98798,77.57422,swastik sheshadripuram college
289-S_REV,32,Central,12.9898,77.57204,central
289-S_REV,33,Kempegowda Bus Station,12.97749,77.57327,kempegowda bus station
290-S_REV,1,Byatarayanapura,13.06723,77.59354,byatarayanapura
290-S_REV,2,Bank Amruthahalli,13.06604,77.59824,bank amruthahalli
290-S_REV,3,Amruthahalli,13.06574,77.60076,amruthahalli
290-S_REV,4,Jakkur Layout 3rd Cross,13.06955,77.60172,jakkur layout 3rd cross
290-S_REV,5,Sriramapura Circle,13.06668,77.60981,sriramapura circle
290-S_REV,6,Sriramapura Cross,13.06771,77.61311,sriramapura cross
290-S_REV,7,Royal Enclave,13.06575,77.61693,royal enclave
290-S_REV,8,Sri Ramapura,13.06588,77.62003,sri ramapura
290-S_REV,9,Mestripalya,13.06146,77.62043,mestripalya
290-S_REV,10,Rachenahalli,13.05878,77.62407,rachenahalli
290-S_REV,11,IBM Gate,13.05762,77.62624,ibm gate
290-S_REV,12,Thanisandra,13.05598,77.63222,thanisandra
290-S_REV,13,Ashwath Nagara,13.05289,77.63144,ashwath nagara
290-S_REV,14,Sarayipalya,13.04745,77.62868,sarayipalya
290-S_REV,15,Vidyasagara,13.04559,77.62758,vidyasagara
290-S_REV,16,Nagavara Junction Petrol Bunk,13.04189,77.62498,nagavara junction petrol bunk
290-S_REV,17,Nagawara Junction,13.04042,77.62445,nagawara junction
290-S_REV,18,Nagavara,13.03825,77.62352,nagavara
290-S_REV,19,Glass Factory,13.03429,77.62277,glass factory
290-S_REV,20,Govindapura Cross,13.03249,77.62209,govindapura cross
290-S_REV,21,Arebic College,13.03049,77.62121,arebic college
290-S_REV,22,Kadugondanahalli Railway Gate,13.02599,77.62003,kadugondanahalli railway gate
290-S_REV,23,Kadugondanahalli Police Station,13.02128,77.61912,kadugondanahalli police station
290-S_REV,24,Venkateshapura,13.0155,77.61762,venkateshapura
290-S_REV,25,Postal and Telecom Colony,13.01201,77.61614,postal and telecom colony
290-S_REV,26,Muslim Colony,13.01085,77.61541,muslim colony
290-S_REV,27,Periyar Nagara Circle,13.00853,77.61328,periyar nagara circle
290-S_REV,28,Canara Bank Tannery Road,13.00625,77.61245,canara bank tannery road
290-S_REV,29,Doddy,13.00266,77.61215,doddy
290-S_REV,30,Coles Park,12.99534,77.60829,coles park
290-S_REV,31,Bamboo Bazaar,12.99208,77.60402,bamboo bazaar
290-S_REV,32,CSI Hospital,12.98983,77.59938,csi hospital
290-S_REV,33,Indian Express,12.98408,77.59827,indian express
290-S_REV,34,Shivajinagara Bus Station,12.98328,77.60304,shivajinagara bus station
298-M_REV,1,Devanahalli Old Bus Stand,13.24845,77.7156,devanahalli old bus stand
298-M_REV,2,Devanahalli New Bus Station,13.24528,77.71281,devanahalli new bus station
298-M_REV,3,Devanahalli Talluk Office,13.24358,77.70893,devanahalli talluk office
298-M_REV,4,Devanahalli Bypass NH-7,13.24231,77.70399,devanahalli bypass nh-7
298-M_REV,5,Hiranandani Villas,13.23888,77.6997,hiranandani villas
298-M_REV,6,Sanna Amanikere,13.23411,77.69477,sanna amanikere
298-M_REV,7,Chikka Sanne Gate,13.23031,77.69109,chikka sanne gate
298-M_REV,8,Dhaba Gate,13.22638,77.68726,dhaba gate
298-M_REV,9,Palya Gate,13.22143,77.68249,palya gate
298-M_REV,10,Bhuvanahalli Gate,13.21859,77.6798,bhuvanahalli gate
298-M_REV,11,Bachahalli Gate,13.21205,77.67332,bachahalli gate
298-M_REV,12,Kannamangala Gate,13.20729,77.66878,kannamangala gate
298-M_REV,13,Navayuga Toll,13.201,77.66132,navayuga toll
298-M_REV,14,Airport Trumpet,13.19905,77.6582,airport trumpet
298-M_REV,15,Sadahalli Gate,13.19051,77.64626,sadahalli gate
298-M_REV,16,Thabarahalli,13.18848,77.64475,thabarahalli
298-M_REV,17,ITC Factory,13.18644,77.64325,itc factory
298-M_REV,18,Meenakunte Hosuru,13.1844,77.64161,meenakunte hosuru
298-M_REV,19,Chikkajala,13.17273,77.63369,chikkajala
298-M_REV,20,Kadiganahalli Gate,13.16825,77.63162,kadiganahalli gate
298-M_REV,21,Vidyanagara Cross,13.161,77.6269,vidyanagara cross
298-M_REV,22,Bettahalasuru Cross,13.15656,77.62358,bettahalasuru cross
298-M_REV,23,SMVIT Cross,13.15197,77.62063,smvit cross
298-M_REV,24,Hunasamaranahalli,13.14427,77.61777,hunasamaranahalli
298-M_REV,25,Bharathi Nagara,13.13752,77.61764,bharathi nagara
298-M_REV,26,Indian Air Force,13.13092,77.6153,indian air force
298-M_REV,27,Bagalur Cross,13.12211,77.61116,bagalur cross
298-M_REV,28,Palanahalli Gate,13.11678,77.60847,palanahalli gate
298-M_REV,29,Venkatala,13.1111,77.60498,venkatala
298-M_REV,30,Kendriya Vihara,13.10643,77.60213,kendriya vihara
298-M_REV,31,Kogilu Cross,13.10398,77.60084,kogilu cross
298-M_REV,32,Raitarasanthe Yalahanka,13.09749,77.59892,raitarasanthe yalahanka
298-M_REV,33,Allalasandra Gate,13.08737,77.59557,allalasandra gate
298-M_REV,34,Jakkur Aerodrum,13.07701,77.59301,jakkur aerodrum
298-M_REV,35,GKVK GATE,13.07276,77.59292,gkvk gate
298-M_REV,36,Byatarayanapura,13.06693,77.59337,byatarayanapura
298-M_REV,37,Kodigehalli Gate,13.05734,77.59362,kodigehalli gate
298-M_REV,38,Military Dairy Farm (Esteem Mall),13.04974,77.59287,military dairy farm (esteem mall)
298-M_REV,39,Hebbala Bridge,13.04294,77.59145,hebbala bridge
298-M_REV,40,Hebbala,13.03917,77.58951,hebbala
298-M_REV,41,Canara Bank Hebbala,13.0357,77.58909,canara bank hebbala
298-M_REV,42,Veterinary Hospital,13.03018,77.58697,veterinary hospital
298-M_REV,43,CBI,13.02653,77.58565,cbi
298-M_REV,44,Mekhri Circle,13.01756,77.584,mekhri circle
298-M_REV,45,Palace Ground,13.01061,77.58399,palace ground
298-M_REV,46,RM Guttahalli,13.00009,77.58425,rm guttahalli
298-M_REV,47,Shivananda Store,12.98755,77.58039,shivananda store
298-M_REV,48,Swastik Sheshadripuram College,12.98798,77.57422,swastik sheshadripuram college
298-M_REV,49,Central,12.9898,77.57204,central
298-M_REV,50,Kempegowda Bus Station,12.97749,77.57327,kempegowda bus station
298-MP_REV,1,Kempegowda Bus Station,12.97749,77.57327,kempegowda bus station
298-MP_REV,2,Central,12.9898,77.57204,central
298-MP_REV,3,Swastik Sheshadripuram College,12.98798,77.57422,swastik sheshadripuram college
298-MP_REV,4,Shivananda Store,12.98666,77.57938,shivananda store
298-MP_REV,5,RM Guttahalli,13.00009,77.58425,rm guttahalli
298-MP_REV,6,Palace Ground,13.01061,77.58399,palace ground
298-MP_REV,7,Mekhri Circle,13.01756,77.584,mekhri circle
298-MP_REV,8,CBI,13.02653,77.58565,cbi
298-MP_REV,9,Veterinary Hospital,13.03018,77.58697,veterinary hospital
298-MP_REV,10,Canara Bank Hebbala,13.0357,77.58909,canara bank hebbala
298-MP_REV,11,Hebbala,13.03917,77.58951,hebbala
298-MP_REV,12,Hebbala Bridge,13.04294,77.59145,hebbala bridge
298-MP_REV,13,Military Dairy Farm (Esteem Mall),13.04974,77.59287,military dairy farm (esteem mall)
298-MP_REV,14,Kodigehalli Gate,13.05734,77.59362,kodigehalli gate
298-MP_REV,15,Byatarayanapura,13.06693,77.59337,byatarayanapura
298-MP_REV,16,GKVK GATE,13.07276,77.59292,gkvk gate
298-MP_REV,17,Jakkur Aerodrum,13.07701,77.59301,jakkur aerodrum
298-MP_REV,18,Allalasandra Gate,13.08737,77.59557,allalasandra gate
298-MP_REV,19,Raitarasanthe Yalahanka,13.09749,77.59892,raitarasanthe yalahanka
298-MP_REV,20,Kogilu Cross,13.10398,77.60084,kogilu cross
298-MP_REV,21,Kendriya Vihara,13.10643,77.60213,kendriya vihara
298-MP_REV,22,Venkatala,13.1111,77.60498,venkatala
298-MP_REV,23,Palanahalli Gate,13.11678,77.60847,palanahalli gate
298-MP_REV,24,Bagalur Cross,13.12211,77.61116,bagalur cross
298-MP_REV,25,Indian Air Force,13.13092,77.6153,indian air force
298-MP_REV,26,Bharathi Nagara,13.13752,77.61764,bharathi nagara
298-MP_REV,27,Hunasamaranahalli,13.14427,77.61777,hunasamaranahalli
298-MP_REV,28,SMVIT Cross,13.15197,77.62063,smvit cross
298-MP_REV,29,Bettahalasuru Cross,13.15656,77.62358,bettahalasuru cross
298-MP_REV,30,Vidyanagara Cross,13.161,77.6269,vidyanagara cross
298-MP_REV,31,Kadiganahalli Gate,13.16825,77.63162,kadiganahalli gate
298-MP_REV,32,Chikkajala,13.17273,77.63369,chikkajala
298-MP_REV,33,ITC Factory,13.18644,77.64325,itc factory
298-MP_REV,34,Thabarahalli,13.18848,77.64475,thabarahalli
298-MP_REV,35,Sadahalli Gate,13.19051,77.64626,sadahalli gate
298-MP_REV,36,Airport Trumpet,13.19905,77.6582,airport trumpet
298-MP_REV,37,Navayuga Toll,13.201,77.66132,navayuga toll
298-MP_REV,38,Kannamangala Gate,13.20729,77.66878,kannamangala gate
298-MP_REV,39,Bachahalli Gate,13.21205,77.67332,bachahalli gate
298-MP_REV,40,Bhuvanahalli Gate,13.21859,77.6798,bhuvanahalli gate
298-MP_REV,41,Palya Gate,13.22143,77.68249,palya gate
298-MP_REV,42,Dhaba Gate,13.22638,77.68726,dhaba gate
298-MP_REV,43,Chikka Sanne Gate,13.23031,77.69109,chikka sanne gate
298-MP_REV,44,Sanna Amanikere,13.23411,77.69477,sanna amanikere
298-MP_REV,45,Hiranandani Villas,13.23888,77.6997,hiranandani villas
298-MP_REV,46,Devanahalli Bypass NH-7,13.24231,77.70399,devanahalli bypass nh-7
298-MP_REV,47,Devanahalli Talluk Office,13.24358,77.70893,devanahalli talluk office
298-MP_REV,48,Devanahalli Old Bus Stand,13.24845,77.7156,devanahalli old bus stand
298-MP_REV,49,Devanahalli New Bus Station,13.24528,77.71281,devanahalli new bus station
298-MP_REV,50,Vijayapura Cross,13.25686,77.7173,vijayapura cross
298-MP_REV,51,Devanahalli Govt Hospital,13.25748,77.72655,devanahalli govt hospital
298-MP_REV,52,Brigade Atmosphere,13.26541,77.73924,brigade atmosphere
298-MP_REV,53,Kurubarakunte Cross (Narsari),13.26681,77.74152,kurubarakunte cross (narsari)
298-MP_REV,54,Chatra (Yeliyuru Gate),13.27743,77.75846,chatra (yeliyuru gate)
298-MP_REV,55,Chikka Tattamangala Gate,13.28015,77.76282,chikka tattamangala gate
298-MP_REV,56,Guduvanahalli Gate,13.28069,77.76368,guduvanahalli gate
298-MP_REV,57,Dargha,13.28742,77.77445,dargha
298-MP_REV,58,Shivagiri Choultry Vijyapura,13.29465,77.79109,shivagiri choultry vijyapura
298-MP_REV,59,Govt Hospital Vijayapura,13.29565,77.79391,govt hospital vijayapura
298-MP_REV,60,Muncipal Office Vijayapura,13.296,77.80039,muncipal office vijayapura
298-MP_REV,61,Vijayapura Bus Stand Jangamakote,13.29479,77.80199,vijayapura bus stand jangamakote
298-MV_REV,1,KR Market,12.96437,77.57736,kr market
298-MV_REV,2,Town Hall,12.96355,77.58375,town hall
298-MV_REV,3,Corporation,12.96701,77.58822,corporation
298-MV_REV,4,KR Circle,12.97386,77.58661,kr circle
298-MV_REV,5,Maharani College,12.97907,77.58511,maharani college
298-MV_REV,6,Telephone Exchange AGO/VSD,12.98219,77.58869,telephone exchange ago/vsd
298-MV_REV,7,RM Guttahalli,13.00009,77.58425,rm guttahalli
298-MV_REV,8,Palace Ground,13.01061,77.58399,palace ground
298-MV_REV,9,Mekhri Circle,13.01756,77.584,mekhri circle
298-MV_REV,10,CBI,13.02653,77.58565,cbi
298-MV_REV,11,Veterinary Hospital,13.03018,77.58697,veterinary hospital
298-MV_REV,12,Canara Bank Hebbala,13.0357,77.58909,canara bank hebbala
298-MV_REV,13,Hebbala,13.03917,77.58951,hebbala
298-MV_REV,14,Military Dairy Farm (Esteem Mall),13.04974,77.59287,military dairy farm (esteem mall)
298-MV_REV,15,Kodigehalli Gate,13.05734,77.59362,kodigehalli gate
298-MV_REV,16,Byatarayanapura,13.06693,77.59337,byatarayanapura
298-MV_REV,17,GKVK GATE,13.07276,77.59292,gkvk gate
298-MV_REV,18,Jakkur Aerodrum,13.07701,77.59301,jakkur aerodrum
298-MV_REV,19,Allalasandra Gate,13.08737,77.59557,allalasandra gate
298-MV_REV,20,Raitarasanthe Yalahanka,13.09749,77.59892,raitarasanthe yalahanka
298-MV_REV,21,Kogilu Cross,13.10398,77.60084,kogilu cross
298-MV_REV,22,Kendriya Vihara,13.10643,77.60213,kendriya vihara
298-MV_REV,23,Venkatala,13.1111,77.60498,venkatala
298-MV_REV,24,Palanahalli Gate,13.11678,77.60847,palanahalli gate
298-MV_REV,25,Bagalur Cross,13.12211,77.61116,bagalur cross
298-MV_REV,26,Indian Air Force,13.13092,77.6153,indian air force
298-MV_REV,27,Bharathi Nagara,13.13752,77.61764,bharathi nagara
298-MV_REV,28,Hunasamaranahalli,13.14427,77.61777,hunasamaranahalli
298-MV_REV,29,SMVIT Cross,13.15197,77.62063,smvit cross
298-MV_REV,30,Bettahalasuru Cross,13.15656,77.62358,bettahalasuru cross
298-MV_REV,31,Vidyanagara Cross,13.161,77.6269,vidyanagara cross
298-MV_REV,32,Kadiganahalli Gate,13.16825,77.63162,kadiganahalli gate
298-MV_REV,33,Chikkajala,13.17273,77.63369,chikkajala
298-MV_REV,34,ITC Factory,13.18644,77.64325,itc factory
298-MV_REV,35,Thabarahalli,13.18848,77.64475,thabarahalli
298-MV_REV,36,Sadahalli Gate,13.19051,77.64626,sadahalli gate
298-MV_REV,37,Airport Trumpet,13.19905,77.6582,airport trumpet
298-MV_REV,38,Navayuga Toll,13.201,77.66132,navayuga toll
298-MV_REV,39,Kannamangala Gate,13.20729,77.66878,kannamangala gate
298-MV_REV,40,Bachahalli Gate,13.21205,77.67332,bachahalli gate
298-MV_REV,41,Palya Gate,13.22143,77.68249,palya gate
298-MV_REV,42,Dhaba Gate,13.22638,77.68726,dhaba gate
298-MV_REV,43,Chikka Sanne Gate,13.23031,77.69109,chikka sanne gate
298-MV_REV,44,Sanna Amanikere,13.23411,77.69477,sanna amanikere
298-MV_REV,45,Hiranandani Villas,13.23888,77.6997,hiranandani villas
298-MV_REV,46,Devanahalli Bypass NH-7,13.24231,77.70399,devanahalli bypass nh-7
298-MV_REV,47,Devanahalli Talluk Office,13.24358,77.70893,devanahalli talluk office
298-MV_REV,48,Devanahalli New Bus Station,13.24528,77.71281,devanahalli new bus station
298-MV_REV,49,Devanahalli Old Bus Stand,13.24845,77.7156,devanahalli old bus stand
298-MV_REV,50,Vijayapura Cross,13.25686,77.7173,vijayapura cross
298-MV_REV,51,Devanahalli Govt Hospital,13.25748,77.72655,devanahalli govt hospital
298-MV_REV,52,Brigade Atmosphere,13.26541,77.73924,brigade atmosphere
298-MV_REV,53,Kurubarakunte Cross (Narsari),13.26681,77.74152,kurubarakunte cross (narsari)
298-MV_REV,54,Chatra (Yeliyuru Gate),13.27743,77.75846,chatra (yeliyuru gate)
298-MV_REV,55,Chikka Tattamangala Gate,13.28015,77.76282,chikka tattamangala gate
298-MV_REV,56,Guduvanahalli Gate,13.28069,77.76368,guduvanahalli gate
298-MV_REV,57,Dargha,13.28742,77.77445,dargha
298-MV_REV,58,Shivagiri Choultry Vijyapura,13.29465,77.79109,shivagiri choultry vijyapura
298-MV_REV,59,Govt Hospital Vijayapura,13.29565,77.79391,govt hospital vijayapura
298-MV_REV,60,Muncipal Office Vijayapura,13.296,77.80039,muncipal office vijayapura
298-MV_REV,61,Vijayapura Bus Stand Jangamakote,13.29479,77.80199,vijayapura bus stand jangamakote
298-P_REV,1,Devanahalli New Bus Station,13.24543,77.71274,devanahalli new bus station
298-P_REV,2,Giriyamma Circle,13.24475,77.71315,giriyamma circle
298-P_REV,3,Rayasandra Gate,13.23351,77.72712,rayasandra gate
298-P_REV,4,Sowthegowdanahalli,13.23103,77.7304,sowthegowdanahalli
298-P_REV,5,Budihal Gate,13.22417,77.73861,budihal gate
298-P_REV,6,Air Lines Dhaba Gate,13.2225,77.74086,air lines dhaba gate
298-P_REV,7,Thellahalli Gate,13.22041,77.74816,thellahalli gate
298-P_REV,8,Haraluru Gate,13.2188,77.75166,haraluru gate
298-P_REV,9,Channahalli Gate,13.21278,77.75462,channahalli gate
298-P_REV,10,STRR Devanahalli Toll,13.20732,77.76248,strr devanahalli toll
298-P_REV,11,Chikkahosahalli Gate,13.20711,77.76307,chikkahosahalli gate
298-P_REV,12,Nallur Cross,13.20214,77.77149,nallur cross
298-P_REV,13,Arishinakunte,13.20051,77.77355,arishinakunte
298-P_REV,14,Balepura Gate,13.19764,77.77686,balepura gate
298-P_REV,15,Bidalapura Cross,13.19664,77.77773,bidalapura cross
298-P_REV,16,Papanahalli Gate,13.18862,77.79465,papanahalli gate
298-P_REV,17,Devanahalli Cross Sulibele,13.18495,77.79797,devanahalli cross sulibele
298-P_REV,18,Sulibele KEB,13.18552,77.80023,sulibele keb
298-P_REV,19,Sulibele,13.18673,77.80293,sulibele
298-P_REV,20,Sulibele KEB,13.18568,77.80048,sulibele keb
298-P_REV,21,Devanahalli Cross Sulibele,13.18487,77.79804,devanahalli cross sulibele
298-P_REV,22,Attibele Sulibele,13.1698,77.79387,attibele sulibele
298-P_REV,23,Sadhapanalli Gate,13.16294,77.7928,sadhapanalli gate
298-P_REV,24,Yanagunte,13.15781,77.79075,yanagunte
298-P_REV,25,Kammasandra,13.14985,77.78102,kammasandra
298-P_REV,26,Hasigaala,13.13525,77.77485,hasigaala
298-P_REV,27,Sun Valley Public School Thimmsandra,13.12839,77.77382,sun valley public school thimmsandra
298-P_REV,28,Thimmasandra Gate,13.12414,77.77332,thimmasandra gate
298-P_REV,29,Lakkondahalli Gate,13.11712,77.77344,lakkondahalli gate
298-P_REV,30,Venkatapura Gate Lakkondahalli,13.11453,77.77365,venkatapura gate lakkondahalli
298-P_REV,31,Lakkondahalli Temple,13.11064,77.77428,lakkondahalli temple
298-P_REV,32,Shankanipura Gate,13.1069,77.77621,shankanipura gate
298-P_REV,33,Halappanahalli,13.10203,77.77788,halappanahalli
298-P_REV,34,Kaateramma Devasthana,13.09309,77.77893,kaateramma devasthana
298-P_REV,35,Upparahalli (Kumbalahalli Gate),13.08851,77.78079,upparahalli (kumbalahalli gate)
298-P_REV,36,Raghavendra Tent,13.07952,77.78213,raghavendra tent
298-P_REV,37,Hosakote Bus Stand (Old),13.07877,77.78704,hosakote bus stand (old)
298-PB_REV,1,Hosakote Bus Stand (Old),13.0787,77.78774,hosakote bus stand (old)
298-PB_REV,2,Hosakote Flower Market,13.07531,77.78637,hosakote flower market
298-PB_REV,3,Hosakote BEO office,13.07339,77.78294,hosakote beo office
298-PB_REV,4,Raghavendra Tent,13.07959,77.78215,raghavendra tent
298-PB_REV,5,Kaateramma Devasthana,13.09304,77.77907,kaateramma devasthana
298-PB_REV,6,Halappanahalli,13.10211,77.77789,halappanahalli
298-PB_REV,7,Shankanipura Gate,13.10695,77.7762,shankanipura gate
298-PB_REV,8,Lakkondahalli Temple,13.11071,77.77428,lakkondahalli temple
298-PB_REV,9,Venkatapura Gate Lakkondahalli,13.1146,77.77366,venkatapura gate lakkondahalli
298-PB_REV,10,Lakkondahalli Gate,13.11721,77.77346,lakkondahalli gate
298-PB_REV,11,Thimmasandra Gate,13.12419,77.77335,thimmasandra gate
298-PB_REV,12,Sun Valley Public School Thimmsandra,13.12852,77.77387,sun valley public school thimmsandra
298-PB_REV,13,Hasigaala,13.13523,77.77493,hasigaala
298-PB_REV,14,Kammasandra,13.14985,77.78102,kammasandra
298-PB_REV,15,Yanagunte,13.15781,77.79075,yanagunte
298-PB_REV,16,Sadhapanalli Gate,13.16299,77.79286,sadhapanalli gate
298-PB_REV,17,Attibele Sulibele,13.16987,77.79388,attibele sulibele
298-PB_REV,18,Devanahalli Cross Sulibele,13.18482,77.79795,devanahalli cross sulibele
298-PB_REV,19,Sulibele KEB,13.18552,77.80023,sulibele keb
298-PB_REV,20,Sulibele,13.18673,77.80311,sulibele
298-PB_REV,21,Sulibele KEB,13.18568,77.80048,sulibele keb
298-PB_REV,22,Devanahalli Cross Sulibele,13.18487,77.79804,devanahalli cross sulibele
298-PB_REV,23,Papanahalli Gate,13.18865,77.79454,papanahalli gate
298-PB_REV,24,Ramapura,13.19126,77.79511,ramapura
298-PB_REV,25,Arasanahalli,13.20148,77.79737,arasanahalli
298-PB_REV,26,Ankanahalli,13.20433,77.79846,ankanahalli
298-PB_REV,27,Papanahalli,13.21389,77.80222,papanahalli
298-PB_REV,28,Varadenahalli,13.21643,77.80343,varadenahalli
298-PB_REV,29,Dodda Kurabarahalli,13.22553,77.8092,dodda kurabarahalli
298-PB_REV,30,Gopasandra Cross,13.22841,77.81029,gopasandra cross
298-PB_REV,31,I Basapura,13.2427,77.82258,i basapura
298-PB_REV,32,Sugaturu,13.25697,77.83283,sugaturu
298-PB_REV,33,Jangamakote,13.26136,77.84691,jangamakote
298-PB_REV,34,Jangamakote Cross,13.27051,77.84879,jangamakote cross
298-PB_REV,35,Hosapete,13.27191,77.84476,hosapete
298-PB_REV,36,Venkatapura,13.2798,77.82075,venkatapura
298-PB_REV,37,Vijayapura Toll Gate,13.29156,77.80606,vijayapura toll gate
298-PB_REV,38,Vijayapura Bus Stand Jangamakote,13.29499,77.80215,vijayapura bus stand jangamakote
300-E_REV,1,Krishnaraja Pura Govt Hospital,13.00798,77.69271,krishnaraja pura govt hospital
300-E_REV,2,ITI Colony Gate,13.00503,77.68506,iti colony gate
300-E_REV,3,Depot-24 Gate,13.00341,77.6825,depot-24 gate
300-E_REV,4,KR Pura Railway Station,13.00133,77.67814,kr pura railway station
300-E_REV,5,ITI Colony Gate,13.00516,77.6849,iti colony gate
300-E_REV,6,ITI Circle,13.00782,77.68335,iti circle
300-E_REV,7,Ramamurthy Nagara Church,13.01169,77.67891,ramamurthy nagara church
300-E_REV,8,Ramamurthy Nagara Alada Mara,13.01139,77.67668,ramamurthy nagara alada mara
300-E_REV,9,Yarayyanapalya,13.01149,77.67342,yarayyanapalya
300-E_REV,10,Ramamurthy Nagara Manipal,13.01164,77.67054,ramamurthy nagara manipal
300-E_REV,11,Ramamurthy Nagara Police Station,13.01205,77.66778,ramamurthy nagara police station
300-E_REV,12,B Channasandra Bridge(Ramamurthy Nagara Ring Road),13.01329,77.66193,b channasandra bridge(ramamurthy nagara ring road)
300-E_REV,13,New Baldwin School,13.01433,77.65818,new baldwin school
300-E_REV,14,Banasawadi,13.01441,77.65102,banasawadi
300-E_REV,15,Steel Factory Banasawadi,13.01306,77.64934,steel factory banasawadi
300-E_REV,16,Maruthi School,13.00961,77.64413,maruthi school
300-E_REV,17,Subbayyanapalya/Ayyappa Temple,13.00755,77.64093,subbayyanapalya/ayyappa temple
300-E_REV,18,Indian Oil,13.00548,77.63871,indian oil
300-E_REV,19,Maruthi Sevanagara,13.00241,77.63435,maruthi sevanagara
300-E_REV,20,Jai Bharath Nagara,13.00158,77.63079,jai bharath nagara
300-E_REV,21,ITC Factory,12.9986,77.62211,itc factory
300-E_REV,22,Mosque Road,13.00032,77.61609,mosque road
300-E_REV,23,Coles Road,12.99632,77.61247,coles road
300-E_REV,24,Coles Park,12.99534,77.60829,coles park
300-E_REV,25,Bamboo Bazaar,12.99208,77.60402,bamboo bazaar
300-E_REV,26,CSI Hospital,12.98983,77.59938,csi hospital
300-E_REV,27,Indian Express,12.98408,77.59827,indian express
300-E_REV,28,Shivajinagara Bus Station,12.98328,77.60304,shivajinagara bus station
300-H_REV,1,Kempegowda Bus Station,12.97749,77.57327,kempegowda bus station
300-H_REV,2,Cauvery Bhavana,12.97372,77.58157,cauvery bhavana
300-H_REV,3,Maharani College,12.97697,77.58567,maharani college
300-H_REV,4,Vidhana Soudha Karnataka High Court,12.97821,77.59135,vidhana soudha karnataka high court
300-H_REV,5,Indian Express,12.98362,77.59646,indian express
300-H_REV,6,CSI Hospital,12.98983,77.59938,csi hospital
300-H_REV,7,Bamboo Bazaar,12.99208,77.60402,bamboo bazaar
300-H_REV,8,Coles Park,12.99534,77.60829,coles park
300-H_REV,9,Coles Road,12.99632,77.61247,coles road
300-H_REV,10,Mosque Road,13.00032,77.61609,mosque road
300-H_REV,11,ITC Factory,12.9986,77.62211,itc factory
300-H_REV,12,Jai Bharath Nagara,13.00158,77.63079,jai bharath nagara
300-H_REV,13,Maruthi Sevanagara,13.00241,77.63435,maruthi sevanagara
300-H_REV,14,Indian Oil,13.00548,77.63871,indian oil
300-H_REV,15,Subbayyanapalya/Ayyappa Temple,13.00755,77.64093,subbayyanapalya/ayyappa temple
300-H_REV,16,Maruthi School,13.00961,77.64413,maruthi school
300-H_REV,17,Steel Factory Banasawadi,13.01306,77.64934,steel factory banasawadi
300-H_REV,18,Banasawadi,13.01441,77.65102,banasawadi
300-H_REV,19,New Baldwin School,13.01433,77.65818,new baldwin school
300-H_REV,20,B Channasandra Bridge(Ramamurthy Nagara Ring Road),13.01329,77.66193,b channasandra bridge(ramamurthy nagara ring road)
300-H_REV,21,Ramamurthy Nagara Police Station,13.01205,77.66778,ramamurthy nagara police station
300-H_REV,22,Ramamurthy Nagara Manipal,13.01164,77.67054,ramamurthy nagara manipal
300-H_REV,23,Yarayyanapalya,13.01149,77.67342,yarayyanapalya
300-H_REV,24,Ramamurthy Nagara Alada Mara,13.01139,77.67668,ramamurthy nagara alada mara
300-H_REV,25,Ramamurthy Nagara Church,13.01169,77.67891,ramamurthy nagara church
300-H_REV,26,ITI Circle,13.00782,77.68335,iti circle
300-H_REV,27,ITI Colony Gate,13.00516,77.6849,iti colony gate
300-H_REV,28,KR Pura Railway Station,13.00133,77.67814,kr pura railway station
300-H_REV,29,ITI Colony Gate,13.00503,77.68506,iti colony gate
300-H_REV,30,Krishnaraja Pura Govt Hospital,13.00798,77.69271,krishnaraja pura govt hospital
300-MV_REV,1,Kempegowda Bus Station,12.97749,77.57327,kempegowda bus station
300-MV_REV,2,Cauvery Bhavana,12.97372,77.58157,cauvery bhavana
300-MV_REV,3,Maharani College,12.97697,77.58567,maharani college
300-MV_REV,4,Vidhana Soudha Karnataka High Court,12.97821,77.59135,vidhana soudha karnataka high court
300-MV_REV,5,Indian Express,12.98362,77.59646,indian express
300-MV_REV,6,CSI Hospital,12.98983,77.59938,csi hospital
300-MV_REV,7,Bamboo Bazaar,12.99208,77.60402,bamboo bazaar
300-MV_REV,8,Coles Park,12.99534,77.60829,coles park
300-MV_REV,9,Coles Road,12.99632,77.61247,coles road
300-MV_REV,10,Mosque Road,13.00032,77.61609,mosque road
300-MV_REV,11,ITC Factory,12.9986,77.62211,itc factory
300-MV_REV,12,Jai Bharath Nagara,13.00158,77.63079,jai bharath nagara
300-MV_REV,13,Maruthi Sevanagara,13.00241,77.63435,maruthi sevanagara
300-MV_REV,14,Sir M Vishweshwaraiah Railway Station,12.99966,77.64099,sir m vishweshwaraiah railway station
306_REV,1,Devanagondi,12.97407,77.83869,devanagondi
306_REV,2,Shrunga School Devangondi,12.97406,77.83262,shrunga school devangondi
306_REV,3,Hosahalli Cross Devanagondi,12.9747,77.82951,hosahalli cross devanagondi
306_REV,4,Dodda Dunnasandra Cross,12.97608,77.82017,dodda dunnasandra cross
306_REV,5,Dodda Dunnasandra,12.97683,77.81661,dodda dunnasandra
306_REV,6,Bhodhana Hosahalli,12.97884,77.80247,bhodhana hosahalli
306_REV,7,Samethanahalli,12.98027,77.78981,samethanahalli
306_REV,8,Thirumalashettyhalli  Cross,12.9862,77.7811,thirumalashettyhalli  cross
306_REV,9,Channasandra,12.98334,77.76702,channasandra
306_REV,10,MVJ College Channasandra,12.98286,77.76121,mvj college channasandra
306_REV,11,Hope Farm,12.9839,77.75189,hope farm
306_REV,12,BPL,12.98531,77.74768,bpl
306_REV,13,GR Tech Park ITPL,12.98666,77.74351,gr tech park itpl
306_REV,14,ITPL,12.98754,77.73636,itpl
306_REV,15,Pattandur Agrahara Gate,12.9878,77.73366,pattandur agrahara gate
306_REV,16,Big Bazzar ITPL,12.98827,77.73061,big bazzar itpl
306_REV,17,Prestige Shantiniketana /Manipal Hospital,12.98872,77.72844,prestige shantiniketana /manipal hospital
306_REV,18,Rajapalya,12.99138,77.72084,rajapalya
306_REV,19,Hoodi,12.99191,77.71576,hoodi
306_REV,20,Hoodi Metro Station,12.98863,77.7115,hoodi metro station
306_REV,21,Graphite Junction,12.98524,77.70808,graphite junction
306_REV,22,Brook Steel ESI,12.99295,77.70547,brook steel esi
306_REV,23,Garudacharpalya,12.99388,77.70172,garudacharpalya
306_REV,24,Singaianapalya Phoenix,12.99542,77.6954,singaianapalya phoenix
306_REV,25,Mahadevapura,12.9972,77.69069,mahadevapura
306_REV,26,B Narayanapura,13.00028,77.68415,b narayanapura
306_REV,27,KR Pura Railway Station,12.99998,77.67654,kr pura railway station
306_REV,28,Tin Factory,12.99645,77.66857,tin factory
306_REV,29,Benniganahalli,12.99406,77.6632,benniganahalli
306_REV,30,Bayyappanahalli Metro Station,12.98967,77.65404,bayyappanahalli metro station
306_REV,31,NGEF,12.98771,77.64986,ngef
306_REV,32,Swamy Vivekananda Metro Station/Isolation Hospital,12.98507,77.6434,swamy vivekananda metro station/isolation hospital
306_REV,33,Binnamangala,12.98384,77.64002,binnamangala
306_REV,34,Depot-06 Gate,12.9824,77.6344,depot-06 gate
306_REV,35,Halasuru,12.97793,77.6283,halasuru
306_REV,36,Halasuru Police Station,12.97515,77.62564,halasuru police station
306_REV,37,Lido Talkies,12.97277,77.62141,lido talkies
306_REV,38,Hosmat Hospital (DIG Office),12.96893,77.61529,hosmat hospital (dig office)
306_REV,39,Life Style (Sacred Heart School),12.96692,77.61018,life style (sacred heart school)
306_REV,40,Richmond Circle,12.9658,77.60433,richmond circle
306_REV,41,Corporation,12.96701,77.58822,corporation
306_REV,42,Town Hall,12.96355,77.58375,town hall
306_REV,43,KR Market,12.96437,77.57736,kr market
310-E_REV,1,Kittaganuru,13.03733,77.71055,kittaganuru
310-E_REV,2,Kittaganuru Cross,13.03624,77.7089,kittaganuru cross
310-E_REV,3,Garden City College TC Palya,13.02432,77.70708,garden city college tc palya
310-E_REV,4,TC Palya Cross,13.02084,77.7049,tc palya cross
310-E_REV,5,TC Palya  Gate Hosakote Road,13.01705,77.7045,tc palya  gate hosakote road
310-E_REV,6,KR Pura Extension,13.01143,77.69869,kr pura extension
310-E_REV,7,KR Pura Market,13.00821,77.69535,kr pura market
310-E_REV,8,Krishnaraja Pura Govt Hospital,13.00804,77.69217,krishnaraja pura govt hospital
310-E_REV,9,ITI Colony Gate,13.00503,77.68506,iti colony gate
310-E_REV,10,Tin Factory,12.99645,77.66857,tin factory
310-E_REV,11,Benniganahalli,12.99406,77.6632,benniganahalli
310-E_REV,12,Bayyappanahalli Metro Station,12.98967,77.65404,bayyappanahalli metro station
310-E_REV,13,NGEF,12.98771,77.64986,ngef
310-E_REV,14,Swamy Vivekananda Metro Station/Isolation Hospital,12.98507,77.6434,swamy vivekananda metro station/isolation hospital
310-E_REV,15,Binnamangala,12.98384,77.64002,binnamangala
310-E_REV,16,Depot-06 Gate,12.9824,77.6344,depot-06 gate
310-E_REV,17,Halasuru,12.97793,77.6283,halasuru
310-E_REV,18,Lido Talkies,12.97277,77.62141,lido talkies
310-E_REV,19,Manipal Centre MG Road,12.97552,77.61356,manipal centre mg road
310-E_REV,20,Maniksha Parade Ground,12.97746,77.60771,maniksha parade ground
310-E_REV,21,Shivajinagara Bus Station,12.98328,77.60304,shivajinagara bus station
342-A_REV,1,Sarjapura,12.86125,77.78568,sarjapura
342-A_REV,2,Sarjapura Circle,12.86089,77.78331,sarjapura circle
342-A_REV,3,Sompura Gate,12.86202,77.772,sompura gate
342-A_REV,4,Crystal Apartment Sarjapura Road,12.8677,77.76709,crystal apartment sarjapura road
342-A_REV,5,Yamare,12.87198,77.76652,yamare
342-A_REV,6,Chambenahalli,12.87932,77.7616,chambenahalli
342-A_REV,7,Thigalara Chowdenahalli Cross,12.88176,77.75687,thigalara chowdenahalli cross
342-A_REV,8,Dommasandra,12.87953,77.75375,dommasandra
342-A_REV,9,Dommasandra Circle,12.88311,77.75246,dommasandra circle
342-A_REV,10,Muttanalluru Cross,12.88733,77.73836,muttanalluru cross
342-A_REV,11,Sulikunte,12.89228,77.72851,sulikunte
342-A_REV,12,Kodathi Gate,12.89653,77.7203,kodathi gate
342-A_REV,13,Sarjapura Wipro Campus,12.89886,77.71369,sarjapura wipro campus
342-A_REV,14,Ambedkar Nagara,12.89914,77.71286,ambedkar nagara
342-A_REV,15,Carmelram Gate,12.90343,77.70399,carmelram gate
342-A_REV,16,Doddakannalli,12.90719,77.69557,doddakannalli
342-A_REV,17,Radhareddy Layout,12.90869,77.68985,radhareddy layout
342-A_REV,18,Junnasandra Gate Wipro Regional Office,12.91068,77.68451,junnasandra gate wipro regional office
342-A_REV,19,Kaikondrahalli,12.91392,77.67761,kaikondrahalli
342-A_REV,20,Bellanduru Gate SJP Road,12.91864,77.66931,bellanduru gate sjp road
342-A_REV,21,Ibbaluru,12.92135,77.66195,ibbaluru
342-A_REV,22,Agara Junction,12.92464,77.64937,agara junction
342-A_REV,23,Jakkasandra,12.92454,77.63826,jakkasandra
342-A_REV,24,Koramangala 1st Block,12.9249,77.63458,koramangala 1st block
342-A_REV,25,St francis College,12.92432,77.63124,st francis college
342-A_REV,26,Kudure Mukha Colony,12.92553,77.62563,kudure mukha colony
342-A_REV,27,Koramangala Water Tank,12.92753,77.62075,koramangala water tank
342-A_REV,28,St Johns Hospital,12.92933,77.61594,st johns hospital
342-A_REV,29,Hosur Road junction,12.93201,77.61316,hosur road junction
342-A_REV,30,Muneshwara Devasthana,12.93638,77.60651,muneshwara devasthana
342-A_REV,31,Bengaluru Dairy Circle,12.93709,77.60105,bengaluru dairy circle
342-A_REV,32,Nimhans Hospital,12.93871,77.59824,nimhans hospital
342-A_REV,33,Lakkasandra,12.94383,77.59713,lakkasandra
342-A_REV,34,7th Cross Wilson Garden,12.94699,77.59436,7th cross wilson garden
342-A_REV,35,Lalbagh Hopcoms,12.95122,77.59132,lalbagh hopcoms
342-A_REV,36,Lalbagh Main Gate,12.95427,77.58449,lalbagh main gate
342-A_REV,37,Town Hall,12.96355,77.58375,town hall
342-A_REV,38,KR Market (Kalasipalya),12.96154,77.57736,kr market (kalasipalya)
343_REV,1,Beguru,12.87361,77.62535,beguru
343_REV,2,Beguru Lake,12.87783,77.62549,beguru lake
343_REV,3,Aralimara (PK Kalyana Mantapa ),12.87985,77.62456,aralimara (pk kalyana mantapa )
343_REV,4,Vishwapriya Layout Cross,12.88185,77.62471,vishwapriya layout cross
343_REV,5,Canara Bank Begur,12.88501,77.62508,canara bank begur
343_REV,6,St Francis School,12.8888,77.62563,st francis school
343_REV,7,Galaxy Paradise (Tent),12.89162,77.62585,galaxy paradise (tent)
343_REV,8,Hongasandra,12.89713,77.62618,hongasandra
343_REV,9,Kalyanamantapa (Oxford College),12.89968,77.62682,kalyanamantapa (oxford college)
343_REV,10,Deccan,12.90247,77.62741,deccan
343_REV,11,Bommanahalli,12.90696,77.6285,bommanahalli
343_REV,12,Roopena Agrahara,12.91158,77.62579,roopena agrahara
343_REV,13,Madivala,12.92023,77.62066,madivala
343_REV,14,Ayyappaswamy Temple Madivala,12.92478,77.61791,ayyappaswamy temple madivala
343_REV,15,St Johns Hospital,12.92909,77.61531,st johns hospital
343_REV,16,Hosur Road junction,12.93201,77.61316,hosur road junction
343_REV,17,Muneshwara Devasthana,12.93638,77.60651,muneshwara devasthana
343_REV,18,Bengaluru Dairy Circle,12.93709,77.60105,bengaluru dairy circle
343_REV,19,Nimhans Hospital,12.93871,77.59824,nimhans hospital
343_REV,20,Lakkasandra,12.94383,77.59713,lakkasandra
343_REV,21,7th Cross Wilson Garden,12.94699,77.59436,7th cross wilson garden
343_REV,22,Lalbagh Hopcoms,12.95122,77.59132,lalbagh hopcoms
343_REV,23,Lalbagh Main Gate,12.95427,77.58449,lalbagh main gate
343_REV,24,Town Hall,12.96355,77.58375,town hall
343_REV,25,KR Market (Kalasipalya),12.96154,77.57736,kr market (kalasipalya)
360-K_REV,1,Attibele Bus Stand,12.77865,77.77077,attibele bus stand
360-K_REV,2,Yadavanahalli,12.78543,77.75071,yadavanahalli
360-K_REV,3,Guestline Hotel,12.78658,77.74192,guestline hotel
360-K_REV,4,Guddahatti Gate,12.78847,77.73576,guddahatti gate
360-K_REV,5,Neraluru Gate,12.79217,77.72813,neraluru gate
360-K_REV,6,Tirumagondanahalli,12.79438,77.72032,tirumagondanahalli
360-K_REV,7,Hale Chandapura,12.80167,77.71143,hale chandapura
360-K_REV,8,Chandapura,12.80227,77.7045,chandapura
360-K_REV,9,Hennagara Gate,12.80586,77.69939,hennagara gate
360-K_REV,10,BTL College,12.8117,77.69472,btl college
360-K_REV,11,Bommasandra,12.81932,77.68858,bommasandra
360-K_REV,12,Hebbagodi,12.8257,77.683,hebbagodi
360-K_REV,13,SFS High School Hebbagodi,12.83342,77.6801,sfs high school hebbagodi
360-K_REV,14,Huskur Gate,12.83603,77.67916,huskur gate
360-K_REV,15,Veerasandra,12.84012,77.67674,veerasandra
360-K_REV,16,Electronic City,12.84756,77.6707,electronic city
360-K_REV,17,Konappana Agarhara,12.8548,77.66502,konappana agarhara
360-K_REV,19,Hosa Road,12.86988,77.65299,hosa road
360-K_REV,20,Singasandra,12.8774,77.64704,singasandra
360-K_REV,21,Kudlu Gate,12.88977,77.63918,kudlu gate
360-K_REV,22,Garvebhavipalya,12.89609,77.63534,garvebhavipalya
360-K_REV,23,Bommanahalli,12.90477,77.62999,bommanahalli
360-K_REV,24,Roopena Agrahara,12.91158,77.62579,roopena agrahara
360-K_REV,25,Madivala,12.92023,77.62066,madivala
360-K_REV,26,Ayyappaswamy Temple Madivala,12.92478,77.61791,ayyappaswamy temple madivala
360-K_REV,27,St Johns Hospital,12.92909,77.61531,st johns hospital
360-K_REV,28,Hosur Road junction,12.93201,77.61316,hosur road junction
360-K_REV,29,Muneshwara Devasthana,12.93638,77.60651,muneshwara devasthana
360-K_REV,30,Bengaluru Dairy Circle,12.93709,77.60105,bengaluru dairy circle
360-K_REV,31,Nimhans Hospital,12.93871,77.59824,nimhans hospital
360-K_REV,32,Lakkasandra,12.94383,77.59713,lakkasandra
360-K_REV,33,7th Cross Wilson Garden,12.94699,77.59436,7th cross wilson garden
360-K_REV,34,Lalbagh Hopcoms,12.95122,77.59132,lalbagh hopcoms
360-K_REV,35,Lalbagh Main Gate,12.95427,77.58449,lalbagh main gate
360-K_REV,36,Town Hall,12.96361,77.58515,town hall
360-K_REV,37,Corporation,12.96839,77.58675,corporation
360-K_REV,38,Mysore Bank,12.97253,77.58199,mysore bank
360-K_REV,39,Kempegowda Bus Station,12.97749,77.57327,kempegowda bus station
401-A_REV,1,Peenya 2nd Stage,13.01098,77.5068,peenya 2nd stage
401-A_REV,2,Rajagopalanagara,13.01368,77.50881,rajagopalanagara
401-A_REV,3,Peenya 14th Cross,13.01662,77.50559,peenya 14th cross
401-A_REV,4,Brundavana Peenya,13.02024,77.50803,brundavana peenya
401-A_REV,5,NTTF Peenya,13.02514,77.51135,nttf peenya
401-A_REV,6,Rolling Mill,13.02653,77.51474,rolling mill
401-A_REV,7,TVS Cross Peenya,13.02868,77.51957,tvs cross peenya
401-A_REV,8,Systems Peenya,13.03497,77.51794,systems peenya
401-A_REV,9,Jalahalli Cross,13.04066,77.51872,jalahalli cross
401-A_REV,10,Ayyappa Temple Jalahalli Cross,13.0461,77.52231,ayyappa temple jalahalli cross
401-A_REV,11,Shettyhalli Cross,13.05011,77.52546,shettyhalli cross
401-A_REV,12,IAF Jalahalli,13.05358,77.53075,iaf jalahalli
401-A_REV,13,Kammagonda‌nahalli Bridge,13.05491,77.53475,kammagonda‌nahalli bridge
401-A_REV,14,Fathima Church,13.05478,77.54137,fathima church
401-A_REV,15,Gangamma Circle,13.05769,77.54635,gangamma circle
401-A_REV,16,Kendriya Vidyalaya,13.06541,77.54415,kendriya vidyalaya
401-A_REV,17,Jalahalli East,13.06758,77.54452,jalahalli east
401-A_REV,18,SBI Bank,13.07237,77.5461,sbi bank
401-A_REV,19,MS Palya,13.08178,77.54849,ms palya
401-A_REV,20,Depot-45 Gate,13.08298,77.55066,depot-45 gate
401-A_REV,21,Jalli Machine,13.086,77.55526,jalli machine
401-A_REV,22,Chikka Bettahalli,13.08949,77.55624,chikka bettahalli
401-A_REV,23,Bettahalli Layout,13.0924,77.55947,bettahalli layout
401-A_REV,24,Thirumala Dhaba,13.09774,77.56323,thirumala dhaba
401-A_REV,25,Atturu Layout,13.09793,77.56753,atturu layout
401-A_REV,26,Mother Dairy Cross Yalahanka,13.09955,77.5771,mother dairy cross yalahanka
401-A_REV,27,Yalahanka Satellite Town,13.09596,77.5791,yalahanka satellite town
401-A_REV,28,Chikka Bommasandra Cross,13.09354,77.58248,chikka bommasandra cross
401-A_REV,29,Sharavathi Hotel,13.09789,77.58435,sharavathi hotel
401-A_REV,30,Sheshadripuram College,13.09943,77.58817,sheshadripuram college
401-A_REV,31,NES Office,13.09784,77.59167,nes office
401-A_REV,32,Yelahanka Santhe Circle,13.0992,77.59712,yelahanka santhe circle
401-A_REV,33,Yelahanka Old Town,13.10063,77.59453,yelahanka old town
401-AK_REV,1,Bagalur,13.13453,77.66797,bagalur
401-AK_REV,2,Bagalur Santhe,13.13334,77.6668,bagalur santhe
401-AK_REV,3,Sathanur,13.13183,77.64739,sathanur
401-AK_REV,4,Sathanur Colony,13.12786,77.64662,sathanur colony
401-AK_REV,5,Srinivasapura Cross,13.12598,77.64524,srinivasapura cross
401-AK_REV,6,Country Club Bagaluru,13.12348,77.63937,country club bagaluru
401-AK_REV,7,Reva College Gate,13.12214,77.63037,reva college gate
401-AK_REV,8,Kattigehalli Cross,13.12176,77.62576,kattigehalli cross
401-AK_REV,9,Dwaraka Nagara,13.12125,77.61816,dwaraka nagara
401-AK_REV,10,Bagalur Cross,13.12175,77.61129,bagalur cross
401-AK_REV,11,Palanahalli Gate,13.11678,77.60847,palanahalli gate
401-AK_REV,12,Venkatala,13.1111,77.60498,venkatala
401-AK_REV,13,Kendriya Vihara,13.10643,77.60213,kendriya vihara
401-AK_REV,14,Kogilu Cross,13.10398,77.60084,kogilu cross
401-AK_REV,15,Yelahanka Santhe Circle,13.09852,77.59698,yelahanka santhe circle
401-AK_REV,16,NES Office,13.09766,77.59166,nes office
401-AK_REV,17,Sheshadripuram College,13.09951,77.58834,sheshadripuram college
401-AK_REV,18,Sharavathi Hotel,13.09798,77.58442,sharavathi hotel
401-AK_REV,19,Chikka Bommasandra Cross,13.09353,77.58251,chikka bommasandra cross
401-AK_REV,20,Yalahanka Satellite Town,13.0958,77.57921,yalahanka satellite town
401-AK_REV,21,Mother Dairy Cross Yalahanka,13.09933,77.57719,mother dairy cross yalahanka
401-AK_REV,22,Mother Dairy Yalahanka,13.09877,77.57479,mother dairy yalahanka
401-AK_REV,23,Atturu Layout,13.09778,77.56763,atturu layout
401-AK_REV,24,Thirumala Dhaba,13.09763,77.56324,thirumala dhaba
401-AK_REV,25,Bettahalli Layout,13.09238,77.55958,bettahalli layout
401-AK_REV,26,Chikka Bettahalli,13.08945,77.55629,chikka bettahalli
401-AK_REV,27,Jalli Machine,13.08595,77.55535,jalli machine
401-AK_REV,28,Depot-45 Gate,13.08298,77.55066,depot-45 gate
401-AK_REV,29,MS Palya,13.08178,77.54809,ms palya
401-AK_REV,30,Vinayaka Nagara,13.08258,77.5433,vinayaka nagara
401-AK_REV,31,Singapura,13.07965,77.53834,singapura
401-AK_REV,32,Abbigere Gate,13.07243,77.52355,abbigere gate
401-AK_REV,33,RMG Factory,13.07605,77.51708,rmg factory
401-AK_REV,34,Kere Guddadahalli,13.07908,77.51612,kere guddadahalli
401-AK_REV,35,Gangadhara Kalyana Mantapa,13.07995,77.51115,gangadhara kalyana mantapa
401-AK_REV,36,Dasappanapalya,13.07933,77.50587,dasappanapalya
401-AK_REV,37,Chikka Banavara,13.08053,77.50255,chikka banavara
401-R_REV,1,Yelahanka Old Town,13.10091,77.59436,yelahanka old town
401-R_REV,2,Yelahanka Santhe Circle,13.09852,77.59698,yelahanka santhe circle
401-R_REV,3,NES Office,13.09766,77.59166,nes office
401-R_REV,4,Sheshadripuram College,13.09951,77.58834,sheshadripuram college
401-R_REV,5,Sharavathi Hotel,13.09798,77.58442,sharavathi hotel
401-R_REV,6,Chikka Bommasandra Cross,13.09353,77.58251,chikka bommasandra cross
401-R_REV,7,Yalahanka Satellite Town,13.0958,77.57921,yalahanka satellite town
401-R_REV,8,Mother Dairy Cross Yalahanka,13.09933,77.57719,mother dairy cross yalahanka
401-R_REV,9,Atturu Layout,13.09778,77.56763,atturu layout
401-R_REV,10,Thirumala Dhaba,13.09763,77.56324,thirumala dhaba
401-R_REV,11,Bettahalli Layout,13.09238,77.55958,bettahalli layout
401-R_REV,12,Chikka Bettahalli,13.08945,77.55629,chikka bettahalli
401-R_REV,13,Jalli Machine,13.08605,77.55562,jalli machine
401-R_REV,14,Vidyaranyapura,13.08372,77.56028,vidyaranyapura
401-R_REV,15,Durga Parameshwari Temple,13.08182,77.55979,durga parameshwari temple
401-R_REV,16,Echalamara Vidyaranyapura,13.08,77.55935,echalamara vidyaranyapura
401-R_REV,17,Vidyaranyapura Post Office,13.07659,77.55835,vidyaranyapura post office
401-R_REV,18,Lakshmi Venkateshwara Temple,13.0744,77.55743,lakshmi venkateshwara temple
401-R_REV,19,3rd Block Vidyaranyapura,13.07237,77.55647,3rd block vidyaranyapura
401-R_REV,20,Canara Bank Vidyaranyapura,13.07171,77.55609,canara bank vidyaranyapura
401-R_REV,21,1st Block Vidyaranyapura,13.07021,77.5555,1st block vidyaranyapura
401-R_REV,22,Nanjappa Circle,13.06815,77.56041,nanjappa circle
401-R_REV,23,Chamundeshwari Layout,13.06488,77.55966,chamundeshwari layout
401-R_REV,24,Dodda Bommasandra,13.06065,77.55889,dodda bommasandra
401-R_REV,25,Dodda Bommasandra Arch,13.05884,77.55928,dodda bommasandra arch
401-R_REV,26,Nagaland Circle,13.0557,77.5572,nagaland circle
401-R_REV,27,BEL Hospital,13.04987,77.55755,bel hospital
401-R_REV,28,BEL Circle,13.0452,77.55669,bel circle
401-R_REV,29,Gokula,13.04152,77.55725,gokula
401-R_REV,30,Mathikere,13.03467,77.55748,mathikere
401-R_REV,31,MS Ramaiah College,13.02871,77.56159,ms ramaiah college
401-R_REV,32,Diwanarapalya,13.02679,77.56182,diwanarapalya
401-R_REV,33,Ayyappa Temple Yashawanthapura,13.02167,77.56321,ayyappa temple yashawanthapura
401-R_REV,34,Yeshawanthapura Tollgate,13.01797,77.56097,yeshawanthapura tollgate
401-R_REV,35,Yeshawanthapura Bus Station,13.01801,77.55662,yeshawanthapura bus station
401-R_REV,36,Govt Soap Factory,13.01309,77.55438,govt soap factory
401-R_REV,37,Iskcon Temple,13.01174,77.55174,iskcon temple
401-R_REV,38,Mahalakshmi Layout Entrance,13.00736,77.54879,mahalakshmi layout entrance
401-R_REV,39,1st Block Rajajinagara,13.0047,77.54909,1st block rajajinagara
401-R_REV,40,Rajajinagara Metro Station,12.99983,77.54991,rajajinagara metro station
401-R_REV,41,Manjunatha Nagara,12.99593,77.55068,manjunatha nagara
401-R_REV,42,ESI Hospital Rajajinagara,12.99075,77.55091,esi hospital rajajinagara
401-R_REV,43,Dhobi Ghat Rajajinagara,12.98551,77.54934,dhobi ghat rajajinagara
401-R_REV,44,Industrial Area Rajajinagara,12.98205,77.54911,industrial area rajajinagara
401-R_REV,45,Aralimara Industrial Area  Rajajinagara,12.97859,77.54909,aralimara industrial area  rajajinagara
401-R_REV,46,Magadi Road TollGate,12.97516,77.54866,magadi road tollgate
401-R_REV,47,Manuvana,12.97401,77.54656,manuvana
401-R_REV,48,Vijayanagara Vijaya Bank,12.97359,77.54155,vijayanagara vijaya bank
401-R_REV,49,Vijayanagara,12.97197,77.53786,vijayanagara
401-R_REV,50,Maruthi Mandira,12.96785,77.53637,maruthi mandira
401-R_REV,51,Vijayanagara Garage,12.966,77.53555,vijayanagara garage
401-R_REV,52,Attiguppe,12.95809,77.53395,attiguppe
401-R_REV,53,Deepanjalinagara,12.95375,77.53624,deepanjalinagara
401-R_REV,54,BHEL,12.94872,77.53583,bhel
401-R_REV,55,Mysore Road Metro Station,12.94636,77.53046,mysore road metro station
401-R_REV,56,Nayandahalli,12.94268,77.52589,nayandahalli
401-R_REV,57,BWSSB Quarters Nayandahalli,12.94013,77.52412,bwssb quarters nayandahalli
401-R_REV,58,Rajarajeshwari nagara Gate,12.93544,77.51832,rajarajeshwari nagara gate
401-R_REV,59,RR Nagara Petrol Bunk,12.93275,77.51626,rr nagara petrol bunk
401-R_REV,60,RR School,12.92776,77.51413,rr school
401-R_REV,61,RR Temple,12.92681,77.51112,rr temple
401-R_REV,62,Pattanagere Jayanna Circle,12.92644,77.51466,pattanagere jayanna circle
401-R_REV,63,Nimishamba Temple,12.92496,77.51778,nimishamba temple
401-R_REV,64,Ideal Homes,12.92281,77.51844,ideal homes
401-R_REV,65,BEML Complex,12.91973,77.52028,beml complex
401-R_REV,66,Kuvempu Circle,12.90993,77.521,kuvempu circle
401-R_REV,67,BEML Layout 5th stage,12.90685,77.52137,beml layout 5th stage
402-B_REV,1,5th Phase Yelahanka New Town,13.10575,77.57251,5th phase yelahanka new town
402-B_REV,2,Shrusti School Yalahanka,13.10706,77.57596,shrusti school yalahanka
402-B_REV,3,Vishal Mart 4th Phase Yelahanka,13.10367,77.57695,vishal mart 4th phase yelahanka
402-B_REV,4,Mother Dairy Cross Yalahanka,13.09955,77.5771,mother dairy cross yalahanka
402-B_REV,5,Yalahanka Satellite Town,13.09596,77.5791,yalahanka satellite town
402-B_REV,6,Chikka Bommasandra Cross,13.09354,77.58248,chikka bommasandra cross
402-B_REV,7,Sharavathi Hotel,13.09789,77.58435,sharavathi hotel
402-B_REV,8,Sheshadripuram College,13.09943,77.58817,sheshadripuram college
402-B_REV,9,NES Office,13.09784,77.59167,nes office
402-B_REV,10,Yalahanka Police Station,13.09478,77.59442,yalahanka police station
402-B_REV,11,Allalasandra Gate,13.08686,77.59386,allalasandra gate
402-B_REV,12,Jakkur Aerodrum,13.07701,77.59301,jakkur aerodrum
402-B_REV,13,GKVK GATE,13.07276,77.59292,gkvk gate
402-B_REV,14,Byatarayanapura,13.06693,77.59337,byatarayanapura
402-B_REV,15,Kodigehalli Gate,13.05734,77.59362,kodigehalli gate
402-B_REV,16,Military Dairy Farm (Esteem Mall),13.04974,77.59287,military dairy farm (esteem mall)
402-B_REV,17,Hebbala Bridge,13.04294,77.59145,hebbala bridge
402-B_REV,18,Hebbala,13.03917,77.58951,hebbala
402-B_REV,19,Canara Bank Hebbala,13.0357,77.58909,canara bank hebbala
402-B_REV,20,Veterinary Hospital,13.03018,77.58697,veterinary hospital
402-B_REV,21,CBI,13.02653,77.58565,cbi
402-B_REV,22,Mekhri Circle,13.01756,77.584,mekhri circle
402-B_REV,23,Palace Ground,13.01061,77.58399,palace ground
402-B_REV,24,RM Guttahalli,13.00009,77.58425,rm guttahalli
402-B_REV,25,Shivananda Store,12.98666,77.57938,shivananda store
402-B_REV,26,Swastik Sheshadripuram College,12.98798,77.57422,swastik sheshadripuram college
402-B_REV,27,Central,12.9898,77.57204,central
402-B_REV,28,Kempegowda Bus Station,12.97749,77.57327,kempegowda bus station
45-D_REV,1,AGS Layout Arehalli,12.91244,77.53703,ags layout arehalli
45-D_REV,2,AGS Layout Cross,12.91353,77.54088,ags layout cross
45-D_REV,3,Ittamadu 1,12.91963,77.54234,ittamadu 1
45-D_REV,4,SLV Bakery,12.92117,77.54316,slv bakery
45-D_REV,5,Srinivasa Kalyana Mantapa,12.92585,77.54428,srinivasa kalyana mantapa
45-D_REV,6,Janatha Bazar Banashankari,12.92837,77.54577,janatha bazar banashankari
45-D_REV,7,Hosakerehalli  Junction,12.93044,77.54342,hosakerehalli  junction
45-D_REV,8,Hoskerehalli Cross,12.93293,77.5454,hoskerehalli cross
45-D_REV,9,Seetha Circle,12.93705,77.54882,seetha circle
45-D_REV,10,Bank Colony,12.93861,77.55326,bank colony
45-D_REV,11,Srinivasa Nagara,12.93816,77.55687,srinivasa nagara
45-D_REV,12,Maruthi Circle,12.94348,77.55851,maruthi circle
45-D_REV,13,Subramanya Swamy Temple,12.94359,77.56165,subramanya swamy temple
45-D_REV,14,Ganesha Bhavan,12.94411,77.56426,ganesha bhavan
45-D_REV,15,Syndicate Bank,12.9466,77.56423,syndicate bank
45-D_REV,16,Ramakrishna Ashrama,12.94898,77.56765,ramakrishna ashrama
45-D_REV,17,Bengaluru High School,12.95209,77.56749,bengaluru high school
45-D_REV,18,Chamarajapet,12.95714,77.56801,chamarajapet
45-D_REV,19,Makkala Koota,12.95803,77.57385,makkala koota
45-D_REV,20,KR Market,12.96207,77.5756,kr market
45-D_REV,21,KR Market,12.96437,77.57736,kr market
45-D_REV,22,Town Hall,12.96384,77.58434,town hall
45-D_REV,23,Corporation,12.96839,77.58675,corporation
45-D_REV,24,Mysore Bank,12.97253,77.58199,mysore bank
45-D_REV,25,Kempegowda Bus Station,12.97749,77.57327,kempegowda bus station
500-CF_REV,1,Central Silk Board,12.91689,77.62177,central silk board
500-CF_REV,2,SI Apartment HSR Layout,12.91668,77.6294,si apartment hsr layout
500-CF_REV,3,14th Main HSR Layout,12.91619,77.63521,14th main hsr layout
500-CF_REV,4,Depot-25 Gate (Central Silk Board),12.91952,77.64294,depot-25 gate (central silk board)
500-CF_REV,5,Agara Junction,12.92433,77.65073,agara junction
500-CF_REV,6,Ibbaluru,12.92129,77.66217,ibbaluru
500-CF_REV,7,Bellanduru Gate SJP Road,12.91864,77.66931,bellanduru gate sjp road
500-CF_REV,8,Kaikondrahalli,12.91392,77.67761,kaikondrahalli
500-CF_REV,9,Junnasandra Gate Wipro Regional Office,12.91068,77.68451,junnasandra gate wipro regional office
500-CF_REV,10,Radhareddy Layout,12.90869,77.68985,radhareddy layout
500-CF_REV,11,Doddakannalli,12.90719,77.69557,doddakannalli
500-CF_REV,12,Carmelram Gate,12.90343,77.70399,carmelram gate
500-CF_REV,13,Ambedkar Nagara,12.89914,77.71286,ambedkar nagara
500-CF_REV,14,Sarjapura Wipro Campus,12.89886,77.71369,sarjapura wipro campus
500-CF_REV,15,Kodathi Gate,12.89653,77.7203,kodathi gate
500-CF_REV,16,Sulikunte,12.89228,77.72851,sulikunte
500-CF_REV,17,Muttanalluru Cross,12.88733,77.73836,muttanalluru cross
500-CF_REV,18,Dommasandra Circle,12.88311,77.75246,dommasandra circle
500-CF_REV,19,Dommasandra,12.87953,77.75375,dommasandra
500-CF_REV,20,Thigalara Chowdenahalli Cross,12.88176,77.75687,thigalara chowdenahalli cross
500-CF_REV,21,Chambenahalli,12.87932,77.7616,chambenahalli
500-CF_REV,22,Yamare,12.87198,77.76652,yamare
500-CF_REV,23,Crystal Apartment Sarjapura Road,12.8677,77.76709,crystal apartment sarjapura road
500-CF_REV,24,Sompura Gate,12.86202,77.772,sompura gate
500-CF_REV,25,Sarjapura Circle,12.86089,77.78331,sarjapura circle
500-CF_REV,26,Sarjapura,12.86125,77.78568,sarjapura
500-CF_REV,27,Rama Devasthana Sarjapur,12.85983,77.78929,rama devasthana sarjapur
500-CF_REV,28,Abbaiah Circle Sarjapura,12.85974,77.79402,abbaiah circle sarjapura
500-CF_REV,29,Thindlu Gate,12.86044,77.79885,thindlu gate
500-CF_REV,30,Mahal Chowdadenahalli,12.87219,77.80876,mahal chowdadenahalli
500-CF_REV,31,Dodda Thimmasandra Gate,12.87879,77.81277,dodda thimmasandra gate
500-CF_REV,32,Pandithana Agrahara Junction,12.88486,77.81578,pandithana agrahara junction
500-CF_REV,33,Mugaluru,12.89478,77.82101,mugaluru
500-CF_REV,34,Thiruvaranga Gate,12.89583,77.82879,thiruvaranga gate
500-CF_REV,35,Baguru,12.89645,77.84275,baguru
500-CF_REV,36,Baguru Colony,12.89457,77.8465,baguru colony
500-CF_REV,37,Ganagaluru Circle,12.89332,77.85016,ganagaluru circle
500-CF_REV,38,Chikka Thirupathi,12.89532,77.867,chikka thirupathi
500-CH_REV,1,Sarjapura,12.86136,77.7856,sarjapura
500-CH_REV,2,Sarjapura Circle,12.86102,77.78352,sarjapura circle
500-CH_REV,3,Sompura Gate,12.86207,77.77213,sompura gate
500-CH_REV,4,Crystal Apartment Sarjapura Road,12.86759,77.76725,crystal apartment sarjapura road
500-CH_REV,5,Yamare,12.87227,77.76646,yamare
500-CH_REV,6,Chambenahalli,12.8793,77.7617,chambenahalli
500-CH_REV,7,Thigalara Chowdenahalli Cross,12.88172,77.75677,thigalara chowdenahalli cross
500-CH_REV,8,Dommasandra,12.8796,77.75371,dommasandra
500-CH_REV,9,Dommasandra Circle,12.88322,77.75241,dommasandra circle
500-CH_REV,10,Muttanalluru Cross,12.88744,77.73839,muttanalluru cross
500-CH_REV,11,Sulikunte,12.89246,77.72846,sulikunte
500-CH_REV,12,Kodathi Gate,12.8966,77.72037,kodathi gate
500-CH_REV,13,Sarjapura Wipro Campus,12.89903,77.71354,sarjapura wipro campus
500-CH_REV,14,Ambedkar Nagara,12.89929,77.71273,ambedkar nagara
500-CH_REV,15,Carmelram Gate,12.90352,77.70401,carmelram gate
500-CH_REV,16,Doddakannalli,12.90731,77.69556,doddakannalli
500-CH_REV,17,Radhareddy Layout,12.90883,77.6897,radhareddy layout
500-CH_REV,18,Junnasandra Gate Wipro Regional Office,12.91086,77.68439,junnasandra gate wipro regional office
500-CH_REV,19,Kaikondrahalli,12.91404,77.67756,kaikondrahalli
500-CH_REV,20,Bellanduru Gate SJP Road,12.91858,77.66991,bellanduru gate sjp road
500-CH_REV,21,Sarjapura Road Ibbaluru Junction,12.9204,77.66585,sarjapura road ibbaluru junction
500-CH_REV,22,Bellanduru Petrol Bunk,12.92309,77.6705,bellanduru petrol bunk
500-CH_REV,23,Bellanduru City Light Appartment,12.92412,77.67278,bellanduru city light appartment
500-CH_REV,24,Eco Space,12.92776,77.68049,eco space
500-CH_REV,25,Devarabisanahalli Ring Road,12.93145,77.68686,devarabisanahalli ring road
500-CH_REV,26,New Horizon College,12.93544,77.69123,new horizon college
500-CH_REV,27,Kadubisanahalli,12.94259,77.69717,kadubisanahalli
500-CH_REV,28,Multiplex Marathahalli,12.95227,77.70002,multiplex marathahalli
500-CH_REV,29,Kalamandira Marathahalli Bridge,12.95993,77.70143,kalamandira marathahalli bridge
500-CH_REV,30,Karthik Nagara,12.96821,77.7017,karthik nagara
500-CH_REV,31,Dodda Nekkundi Bridge/Rainbow Hospital,12.97499,77.69764,dodda nekkundi bridge/rainbow hospital
500-CH_REV,32,EMC2,12.98256,77.69301,emc2
500-CH_REV,33,Mahadevapura Ring Road,12.98823,77.6895,mahadevapura ring road
500-CH_REV,34,B Narayanapura Ring Road,12.99583,77.68417,b narayanapura ring road
500-CH_REV,35,KR Pura Railway Station,13.00022,77.67597,kr pura railway station
500-CH_REV,36,Tin Factory,12.99698,77.66937,tin factory
501-A_REV,1,Hebbala Bridge,13.04274,77.58967,hebbala bridge
501-A_REV,2,Bhadrappa Layout,13.0472,77.57339,bhadrappa layout
501-A_REV,3,Devinagara Cross,13.04692,77.5692,devinagara cross
501-A_REV,4,Kuvempu Circle,13.04457,77.56281,kuvempu circle
501-A_REV,5,BEL Circle,13.04402,77.55489,bel circle
501-A_REV,6,MES Road,13.04392,77.55436,mes road
501-A_REV,7,Muthyalanagara,13.04362,77.55315,muthyalanagara
501-A_REV,8,Jalahalli Bakery,13.04254,77.54977,jalahalli bakery
501-A_REV,9,Jalahalli Village,13.04165,77.54718,jalahalli village
501-A_REV,10,Alisda,13.03404,77.54112,alisda
501-A_REV,11,Goraguntepalya,13.02895,77.5395,goraguntepalya
501-A_REV,12,Goraguntepalya  Ring Road,13.02997,77.53707,goraguntepalya  ring road
501-A_REV,13,Reliance Petrol Bunk Goraguntepalya,13.02866,77.5363,reliance petrol bunk goraguntepalya
501-A_REV,14,Modern Food Goraguntepalya,13.02483,77.53414,modern food goraguntepalya
501-A_REV,15,Kanteerava Studio,13.02138,77.53252,kanteerava studio
501-A_REV,16,Rajkumar Punya Bhoomi,13.01859,77.5319,rajkumar punya bhoomi
501-A_REV,17,Nandhini Layout,13.01466,77.5307,nandhini layout
501-A_REV,18,Nandini Layout Ring Road,13.01159,77.52872,nandini layout ring road
501-A_REV,19,Laggere Bridge,13.00756,77.52678,laggere bridge
501-A_REV,20,Kempegowda Arch,13.00174,77.52556,kempegowda arch
501-A_REV,21,Lurdubayi Samudaya Bhavana,12.99723,77.52339,lurdubayi samudaya bhavana
501-A_REV,22,Depot-31 Gate,12.99306,77.52146,depot-31 gate
501-A_REV,23,Summanahalli,12.98739,77.51914,summanahalli
501-A_REV,24,Kottigepalya,12.98787,77.51509,kottigepalya
501-A_REV,25,Vokkaliga School Kottigepalya,12.98622,77.51176,vokkaliga school kottigepalya
501-A_REV,26,BDA Complex Nagarabhavi,12.97938,77.51073,bda complex nagarabhavi
501-A_REV,27,Aladamara Papareddypalya,12.97495,77.50948,aladamara papareddypalya
501-A_REV,28,Papareddypalya,12.9722,77.50797,papareddypalya
501-A_REV,29,Deepa Complex,12.96636,77.50508,deepa complex
501-A_REV,30,Ambedkar Institute of Technology,12.96338,77.50515,ambedkar institute of technology
501-A_REV,31,Kengunte Circle,12.96045,77.50441,kengunte circle
501-A_REV,32,Mallathahalli Cross,12.95745,77.50322,mallathahalli cross
501-A_REV,33,Bengaluru University Quarters,12.95176,77.49972,bengaluru university quarters
501-A_REV,34,PVP School,12.9484,77.49716,pvp school
501-A_REV,35,Mariyappanapalya,12.94515,77.49545,mariyappanapalya
501-A_REV,36,Kenchanapura Cross,12.94151,77.49352,kenchanapura cross
501-A_REV,37,Nagadevanahalli,12.93567,77.49238,nagadevanahalli
501-A_REV,38,Shirke KHB Quarters,12.93175,77.48772,shirke khb quarters
501-A_REV,39,Kengeri Church,12.92826,77.48661,kengeri church
501-A_REV,40,Kengeri Satellite Town,12.92351,77.48483,kengeri satellite town
501-A_REV,41,Kengeri Railway Station,12.91696,77.48243,kengeri railway station
501-A_REV,42,Kengeri Post Office,12.91553,77.4819,kengeri post office
501-A_REV,43,Kommaghatta Junction,12.91448,77.48149,kommaghatta junction
501-A_REV,44,Kengeri Ganesha Temple,12.91143,77.48037,kengeri ganesha temple
501-A_REV,45,Kengeri Police Station,12.91044,77.48206,kengeri police station
501-A_REV,46,Kengeri Bus Station,12.91406,77.48645,kengeri bus station
501-BH_REV,1,Hebbala Bridge,13.04274,77.58967,hebbala bridge
501-BH_REV,2,Bhadrappa Layout,13.0472,77.57339,bhadrappa layout
501-BH_REV,3,Devinagara Cross,13.04692,77.5692,devinagara cross
501-BH_REV,4,Kuvempu Circle,13.04457,77.56281,kuvempu circle
501-BH_REV,5,BEL Circle,13.04402,77.55489,bel circle
501-BH_REV,6,MES Road,13.04392,77.55436,mes road
501-BH_REV,7,Muthyalanagara,13.04362,77.55315,muthyalanagara
501-BH_REV,8,Jalahalli Bakery,13.04254,77.54977,jalahalli bakery
501-BH_REV,9,Jalahalli Village,13.04165,77.54718,jalahalli village
501-BH_REV,10,Alisda,13.03404,77.54112,alisda
501-BH_REV,11,Goraguntepalya,13.02895,77.5395,goraguntepalya
501-BH_REV,12,Goraguntepalya  Ring Road,13.02997,77.53707,goraguntepalya  ring road
501-BH_REV,13,Reliance Petrol Bunk Goraguntepalya,13.02866,77.5363,reliance petrol bunk goraguntepalya
501-BH_REV,14,Modern Food Goraguntepalya,13.02483,77.53414,modern food goraguntepalya
501-BH_REV,15,Kanteerava Studio,13.02138,77.53252,kanteerava studio
501-BH_REV,16,Rajkumar Punya Bhoomi,13.01859,77.5319,rajkumar punya bhoomi
501-BH_REV,17,Nandhini Layout,13.01466,77.5307,nandhini layout
501-BH_REV,18,Nandini Layout Ring Road,13.01159,77.52872,nandini layout ring road
501-BH_REV,19,Laggere Bridge,13.00756,77.52678,laggere bridge
501-BH_REV,20,Kempegowda Arch,13.00174,77.52556,kempegowda arch
501-BH_REV,21,Lurdubayi Samudaya Bhavana,12.99723,77.52339,lurdubayi samudaya bhavana
501-BH_REV,22,Depot-31 Gate,12.99306,77.52146,depot-31 gate
501-BH_REV,23,Summanahalli,12.98631,77.51934,summanahalli
501-BH_REV,24,Malagala,12.97863,77.51525,malagala
501-BH_REV,25,BDA Complex Cross Nagarabhavi,12.97211,77.51293,bda complex cross nagarabhavi
501-BH_REV,26,Nagarabhavi Circle,12.95907,77.51686,nagarabhavi circle
501-BH_REV,27,1st Stage 3rd Block Nagarabhavi (Nayandahalli),12.95302,77.52026,1st stage 3rd block nagarabhavi (nayandahalli)
501-BH_REV,28,Nayandahalli Junction,12.94381,77.53029,nayandahalli junction
501-BH_REV,29,Veerabhadra Nagara,12.93807,77.53368,veerabhadra nagara
501-BH_REV,30,PES College,12.93522,77.53674,pes college
501-BH_REV,31,Hosakerehalli Petrol Bunk,12.9337,77.53936,hosakerehalli petrol bunk
501-BH_REV,32,Hosakerehalli  Junction,12.93043,77.54361,hosakerehalli  junction
501-BH_REV,33,Janatha Bazar  Banashankari,12.92839,77.54594,janatha bazar  banashankari
501-BH_REV,34,Kathriguppe,12.92534,77.55021,kathriguppe
501-BH_REV,35,Kamakya Talkies,12.92382,77.55393,kamakya talkies
501-BH_REV,36,Devegowda Petrol Bunk,12.92189,77.56058,devegowda petrol bunk
501-BH_REV,37,Kadirenahalli Park,12.91768,77.56453,kadirenahalli park
501-BH_REV,38,Kadirenahalli Cross,12.91391,77.56657,kadirenahalli cross
501-BH_REV,39,Banashankari Bus Station,12.91736,77.5727,banashankari bus station
516_REV,1,Kengeri Bus Station,12.91379,77.4871,kengeri bus station
516_REV,2,Kengeri Police Station,12.91007,77.48146,kengeri police station
516_REV,3,Kengeri Ganesha Temple,12.91126,77.48029,kengeri ganesha temple
516_REV,4,Kommaghatta Junction,12.91431,77.48141,kommaghatta junction
516_REV,5,Robin Theatre,12.91588,77.47997,robin theatre
516_REV,6,Bande Mutt Gate Kengeri,12.91902,77.47752,bande mutt gate kengeri
516_REV,7,Beedi Karmikara Colony Gate,12.92228,77.47492,beedi karmikara colony gate
516_REV,8,Kengeri Club,12.9234,77.47306,kengeri club
516_REV,9,Kommaghatta,12.92994,77.46513,kommaghatta
516_REV,10,Ramasandra Cross,12.93257,77.46169,ramasandra cross
516_REV,11,Banglow Sulikere,12.93298,77.45186,banglow sulikere
516_REV,12,Byrohalli Gate,12.93433,77.44829,byrohalli gate
516_REV,13,Sulikere,12.93916,77.44814,sulikere
516_REV,14,Sulikere Palya,12.94457,77.44959,sulikere palya
516_REV,15,Kenchanapura,12.95714,77.44968,kenchanapura
516_REV,16,Hosahalli,12.96327,77.45386,hosahalli
516_REV,17,Kannalli,12.96763,77.45891,kannalli
516_REV,18,Dombarahatti Dongadipura Cross,12.9722,77.46049,dombarahatti dongadipura cross
516_REV,19,Yale Kodigehalli,12.97734,77.46513,yale kodigehalli
516_REV,20,Yale Kodigehalli Colony,12.98286,77.4683,yale kodigehalli colony
516_REV,21,Gollarahatti,12.98864,77.47253,gollarahatti
516_REV,22,Kachohalli Gate,12.99042,77.4688,kachohalli gate
516_REV,23,Kachohalli,13.00016,77.47058,kachohalli
516_REV,24,Gangondanahalli,13.02164,77.46773,gangondanahalli
516_REV,25,Gangodahalli Cross 1(Vaikunta Bar),13.02898,77.46448,gangodahalli cross 1(vaikunta bar)
516_REV,26,Lakshmipura,13.03742,77.46118,lakshmipura
516_REV,27,Dombarahalli,13.0491,77.45981,dombarahalli
516_REV,28,Madanayakanahalli,13.06102,77.46102,madanayakanahalli
516_REV,29,Makali,13.06564,77.45325,makali
516_REV,30,Depot-40 Gate,13.06872,77.44766,depot-40 gate
516_REV,31,Adakimaranahalli,13.07028,77.44482,adakimaranahalli
516_REV,32,Ravuthanahalli Cross,13.07334,77.43938,ravuthanahalli cross
516_REV,33,Dasanapura,13.07523,77.43599,dasanapura
516_REV,34,Devannanapalya,13.07734,77.43133,devannanapalya
516_REV,35,Arishinakunte,13.07966,77.42419,arishinakunte
516_REV,36,Vishwa Shanti Ashrama,13.08402,77.41724,vishwa shanti ashrama
516_REV,37,Binnamangala Towads Nelamangala),13.08744,77.41242,binnamangala towads nelamangala)
516_REV,38,Nursery Nelamangala,13.09011,77.40928,nursery nelamangala
516_REV,39,Weavers Colony Nelamangala,13.09403,77.40561,weavers colony nelamangala
516_REV,40,TB Nelamangala,13.09706,77.40148,tb nelamangala
516_REV,41,Anjaneya Temple Nelamangala,13.09723,77.39774,anjaneya temple nelamangala
516_REV,42,Nelamangala Bus Station,13.09803,77.39387,nelamangala bus station
60-A_REV,1,9th Block Jayanagara (40th Cross),12.91969,77.59247,9th block jayanagara (40th cross)
60-A_REV,2,4th T Block Jayanagara,12.92308,77.59345,4th t block jayanagara
60-A_REV,3,18th Main Jayanagara,12.92328,77.58898,18th main jayanagara
60-A_REV,4,Jayanagara Church,12.92828,77.58741,jayanagara church
60-A_REV,5,Jayanagara Bus Station,12.92864,77.58475,jayanagara bus station
60-A_REV,6,3rd Block Jayanagara,12.9318,77.58392,3rd block jayanagara
60-A_REV,7,Madhavan Park,12.93651,77.58401,madhavan park
60-A_REV,8,Shanthi Talkies,12.93669,77.57899,shanthi talkies
60-A_REV,9,Bharathi Nursing Home Jayanagara,12.93683,77.57396,bharathi nursing home jayanagara
60-A_REV,10,Nagasandra Circle,12.93691,77.57191,nagasandra circle
60-A_REV,11,Nettakallappa Circle,12.93949,77.57214,nettakallappa circle
60-A_REV,12,Basavanagudi Police Station,12.94158,77.57374,basavanagudi police station
60-A_REV,13,Gandhi Bazaar,12.94622,77.57014,gandhi bazaar
60-A_REV,14,Ramakrishna Ashrama,12.94898,77.56765,ramakrishna ashrama
60-A_REV,15,Bengaluru High School,12.95209,77.56749,bengaluru high school
60-A_REV,16,Chamarajapet,12.95707,77.56705,chamarajapet
60-A_REV,17,Rama Mandira Chamarajapet,12.957,77.56302,rama mandira chamarajapet
60-A_REV,18,TR Mill,12.95683,77.55921,tr mill
60-A_REV,19,Sirsi Circle,12.96022,77.55921,sirsi circle
60-A_REV,20,Mysore Road TollGate,12.95768,77.55319,mysore road tollgate
60-A_REV,21,New Guddadahalli,12.95641,77.54761,new guddadahalli
60-A_REV,22,Mysore Road Bus Station,12.95357,77.54374,mysore road bus station
60-A_REV,23,Deepanjalinagara,12.9514,77.53724,deepanjalinagara
60-A_REV,24,Attiguppe,12.95789,77.53385,attiguppe
60-A_REV,25,Income Tax Layout Cross 1,12.96001,77.5329,income tax layout cross 1
60-A_REV,26,Vijayanagara Garage,12.96558,77.53492,vijayanagara garage
80-A_REV,1,Kempegowda Bus Station,12.97749,77.57327,kempegowda bus station
80-A_REV,2,Okalipura,12.98267,77.56837,okalipura
80-A_REV,3,Sujatha Talkies,12.98262,77.56234,sujatha talkies
80-A_REV,4,Rajajinagara Entrance,12.98445,77.55716,rajajinagara entrance
80-A_REV,5,Rama Mandira Rajajinagara,12.98623,77.55636,rama mandira rajajinagara
80-A_REV,6,Rajajinagara Old Police Station,12.98992,77.55545,rajajinagara old police station
80-A_REV,7,ESI Hospital Rajajinagara,12.99069,77.55258,esi hospital rajajinagara
80-A_REV,8,Basaveshwara College,12.99439,77.5528,basaveshwara college
80-A_REV,9,Rajajinagara 2nd Block,12.99607,77.55144,rajajinagara 2nd block
80-A_REV,10,Navarang Theatre,12.99825,77.55096,navarang theatre
80-A_REV,11,Canara Bank Rajajinagara 1st Block,13.00089,77.55044,canara bank rajajinagara 1st block
80-A_REV,12,Diacon Hospital,13.00398,77.55002,diacon hospital
80-A_REV,13,Rajajinagara 1st Block,13.00476,77.54923,rajajinagara 1st block
80-A_REV,14,Mahalakshmi Layout Entrance,13.00779,77.548,mahalakshmi layout entrance
80-A_REV,15,Srinivasa Temple,13.00835,77.54499,srinivasa temple
80-A_REV,16,Ganesha Temple Mahalakshmi Layout,13.00868,77.54313,ganesha temple mahalakshmi layout
80-A_REV,17,Saraswathipuram,13.00915,77.53824,saraswathipuram
80-A_REV,18,Nandini Layout Bus Stand,13.01183,77.53574,nandini layout bus stand
89-C_REV,1,Cauvery Nagara,12.99965,77.53048,cauvery nagara
89-C_REV,2,Kurubarahalli,13.00085,77.53586,kurubarahalli
89-C_REV,3,Shankar Mutt,12.99915,77.54161,shankar mutt
89-C_REV,4,Modi Hospital,12.99749,77.54586,modi hospital
89-C_REV,5,Navarang Theatre,12.99791,77.55159,navarang theatre
89-C_REV,6,Mariyappanapalya,12.99862,77.55652,mariyappanapalya
89-C_REV,7,Harishchandra Ghat,12.99729,77.56047,harishchandra ghat
89-C_REV,8,Devaiah Park,12.99642,77.56419,devaiah park
89-C_REV,9,Malleshwara Circle,12.9969,77.56866,malleshwara circle
89-C_REV,10,Link Road,12.99426,77.57388,link road
89-C_REV,11,Central,12.9898,77.57204,central
89-C_REV,12,Kempegowda Bus Station,12.97749,77.57327,kempegowda bus station
94_REV,1,Shivajinagara Bus Station,12.98328,77.60304,shivajinagara bus station
94_REV,2,Indian Express,12.98408,77.59827,indian express
94_REV,3,CSI Hospital,12.98983,77.59938,csi hospital
94_REV,4,Cantonment Railway Station,12.99384,77.59712,cantonment railway station
94_REV,5,Jayamahal,13.00189,77.59448,jayamahal
94_REV,6,Munireddy Palya J C Nagara,13.00676,77.59276,munireddy palya j c nagara
94_REV,7,TV Tower,13.00978,77.59078,tv tower
94_REV,8,Mekhri Circle,13.01458,77.58502,mekhri circle
94_REV,9,CPRI,13.01484,77.57489,cpri
94_REV,10,Tata Institute,13.01437,77.56803,tata institute
94_REV,11,Yeshawanthapura Bus Station,13.01771,77.55657,yeshawanthapura bus station
95_REV,1,Kamalanagara,12.99272,77.53063,kamalanagara
95_REV,2,Sharada Colony,12.9922,77.53454,sharada colony
95_REV,3,8th Main Kamalanagara,12.99163,77.53839,8th main kamalanagara
95_REV,4,Water Tank Kamalanagara,12.99546,77.53977,water tank kamalanagara
95_REV,5,Shankar Mutt,12.99915,77.54161,shankar mutt
95_REV,6,Modi Hospital,12.99749,77.54586,modi hospital
95_REV,7,Navarang Theatre,12.99791,77.55159,navarang theatre
95_REV,8,Mariyappanapalya,12.99862,77.55652,mariyappanapalya
95_REV,9,Harishchandra Ghat,12.99729,77.56047,harishchandra ghat
95_REV,10,Devaiah Park,12.99642,77.56419,devaiah park
95_REV,11,Malleshwara Circle,12.9969,77.56866,malleshwara circle
95_REV,12,Link Road,12.99426,77.57388,link road
95_REV,13,Swastik Sheshadripuram College,12.98916,77.57416,swastik sheshadripuram college
95_REV,14,Shivananda Store,12.98724,77.57873,shivananda store
95_REV,15,RC College,12.98416,77.58696,rc college
95_REV,16,Sophiya School,12.98609,77.58864,sophiya school
95_REV,17,Avinash Petrol Bunk,12.99045,77.58862,avinash petrol bunk
95_REV,18,Vasantha Nagara,12.99278,77.59503,vasantha nagara
95_REV,19,Cantonment Railway Station,12.99384,77.59712,cantonment railway station
95_REV,20,CSI Hospital,12.98983,77.59938,csi hospital
95_REV,21,Indian Express,12.98408,77.59827,indian express
95_REV,22,Shivajinagara Bus Station,12.98328,77.60304,shivajinagara bus station
96-G_REV,1,Kempegowda Bus Station,12.97749,77.57327,kempegowda bus station
96-G_REV,2,Central,12.9898,77.57204,central
96-G_REV,3,Link Road,12.99426,77.57388,link road
96-G_REV,4,Malleshwara Circle,12.9969,77.56866,malleshwara circle
96-G_REV,5,Devaiah Park,12.99642,77.56419,devaiah park
96-G_REV,6,Harishchandra Ghat,12.99729,77.56047,harishchandra ghat
96-G_REV,7,Mariyappanapalya,12.99862,77.55652,mariyappanapalya
96-G_REV,8,Navarang Theatre,12.99791,77.55159,navarang theatre
96-G_REV,9,Modi Hospital,12.99749,77.54586,modi hospital
96-G_REV,10,Shankar Mutt,12.99915,77.54161,shankar mutt
96-G_REV,11,Water Tank Kamalanagara,12.99546,77.53977,water tank kamalanagara
96-G_REV,12,Maruthi Temple Kamalanagara,12.99497,77.53545,maruthi temple kamalanagara
96-G_REV,13,Gudde Devastana Kamalanagara,12.99533,77.53324,gudde devastana kamalanagara
96-G_REV,14,Kamalanagara Market,12.99608,77.53079,kamalanagara market
96-G_REV,15,Kamalanagara,12.99675,77.52732,kamalanagara
96-G_REV,16,Shankarnagh Bus Stand,12.99472,77.52677,shankarnagh bus stand
BC-7B_REV,1,Byadarahalli,12.9852,77.48196,byadarahalli
BC-7B_REV,2,Thunganagara Cross,12.9856,77.485,thunganagara cross
BC-7B_REV,3,Thunga Nagara,12.99192,77.48526,thunga nagara
BC-7B_REV,4,Syndicate Bank Layout,12.99796,77.48947,syndicate bank layout
BC-7B_REV,5,Arch Lingadeeranahalli,12.99962,77.48869,arch lingadeeranahalli
BC-7B_REV,6,Acharya College,13.00234,77.48822,acharya college
BC-7B_REV,7,Vidyamanyanagara,13.00461,77.48742,vidyamanyanagara
BC-7B_REV,8,Andhrahalli,13.00802,77.48484,andhrahalli
BC-7B_REV,9,Andhrahalli Govt School,13.00952,77.48294,andhrahalli govt school
BC-7B_REV,10,Anjaneya Temple Thigalarapalya,13.01371,77.48343,anjaneya temple thigalarapalya
BC-7B_REV,11,Garudappa Circle Thigalarapalya,13.01568,77.48413,garudappa circle thigalarapalya
BC-7B_REV,12,Thigalarapalya,13.01683,77.48306,thigalarapalya
BC-7B_REV,13,Kari Obanahalli,13.02495,77.48656,kari obanahalli
BC-7B_REV,14,Siddartha School Cross,13.02607,77.48893,siddartha school cross
BC-7B_REV,15,Indiranagara,13.02772,77.4937,indiranagara
BC-7B_REV,16,Ganga International School,13.02831,77.49627,ganga international school
BC-7B_REV,17,Gruhalakshmi Layout,13.02992,77.50026,gruhalakshmi layout
BC-7B_REV,18,Nelagadarenahalli,13.03149,77.50346,nelagadarenahalli
BC-7B_REV,19,HMT Layout 8th Mile,13.03364,77.50412,hmt layout 8th mile
BC-7B_REV,20,Nagasandra Cross,13.03849,77.50451,nagasandra cross
BC-7B_REV,21,Rukmini Nagara,13.04099,77.50482,rukmini nagara
BC-7B_REV,22,8th Mile Dasarahalli,13.04544,77.50547,8th mile dasarahalli
BC-7H_REV,1,8th Mile Dasarahalli,13.04544,77.50547,8th mile dasarahalli
BC-7H_REV,2,Rukmini Nagara,13.04099,77.50482,rukmini nagara
BC-7H_REV,3,Nagasandra Cross,13.03849,77.50451,nagasandra cross
BC-7H_REV,4,HMT Layout 8th Mile,13.03364,77.50412,hmt layout 8th mile
BC-7H_REV,5,Nelagadarenahalli,13.03149,77.50346,nelagadarenahalli
BC-7H_REV,6,Gruhalakshmi Layout,13.02992,77.50026,gruhalakshmi layout
BC-7H_REV,7,Ganga International School,13.02831,77.49627,ganga international school
BC-7H_REV,8,Indiranagara,13.02772,77.4937,indiranagara
BC-7H_REV,9,Siddartha School Cross,13.02607,77.48893,siddartha school cross
BC-7H_REV,10,Kari Obanahalli,13.02495,77.48656,kari obanahalli
BC-7H_REV,11,Thigalarapalya,13.01683,77.48306,thigalarapalya
BC-7H_REV,12,Garudappa Circle Thigalarapalya,13.01568,77.48413,garudappa circle thigalarapalya
BC-7H_REV,13,Anjaneya Temple Thigalarapalya,13.01371,77.48343,anjaneya temple thigalarapalya
BC-7H_REV,14,Andhrahalli Govt School,13.00952,77.48294,andhrahalli govt school
BC-7H_REV,15,Andhrahalli,13.00802,77.48484,andhrahalli
BC-7H_REV,16,Vidyamanyanagara,13.00461,77.48742,vidyamanyanagara
BC-7H_REV,17,Acharya College,13.00234,77.48822,acharya college
BC-7H_REV,18,Arch Lingadeeranahalli,12.99962,77.48869,arch lingadeeranahalli
BC-7H_REV,19,Syndicate Bank Layout,12.99796,77.48947,syndicate bank layout
BC-7H_REV,20,Venkateshwara Layout,12.99331,77.48856,venkateshwara layout
BC-7H_REV,21,Herohalli Sunkadakatte,12.99051,77.4876,herohalli sunkadakatte
BC-7H_REV,22,Herohalli Cross,12.98749,77.49262,herohalli cross
BC-8_REV,1,Summanahalli,12.98739,77.51914,summanahalli
BC-8_REV,2,Kottigepalya,12.98787,77.51509,kottigepalya
BC-8_REV,3,Sunkadakatte,12.99018,77.5038,sunkadakatte
BC-8_REV,4,Herohalli Cross,12.98749,77.49262,herohalli cross
BC-8_REV,5,Herohalli Sunkadakatte,12.99051,77.4876,herohalli sunkadakatte
BC-8_REV,6,Venkateshwara Layout,12.99331,77.48856,venkateshwara layout
BC-8_REV,7,Syndicate Bank Layout,12.99796,77.48947,syndicate bank layout
BC-8_REV,8,Arch Lingadeeranahalli,12.99962,77.48869,arch lingadeeranahalli
BC-8_REV,9,Acharya College,13.00234,77.48822,acharya college
BC-8_REV,10,Vidyamanyanagara,13.00461,77.48742,vidyamanyanagara
BC-8_REV,11,Andhrahalli,13.00802,77.48484,andhrahalli
BC-8_REV,12,Andhrahalli Govt School,13.00952,77.48294,andhrahalli govt school
BC-8_REV,13,Anjaneya Temple Thigalarapalya,13.01371,77.48343,anjaneya temple thigalarapalya
BC-8_REV,14,Garudappa Circle Thigalarapalya,13.01568,77.48413,garudappa circle thigalarapalya
BC-8_REV,15,Thigalarapalya,13.01683,77.48306,thigalarapalya
BC-8_REV,16,Kari Obanahalli,13.02495,77.48656,kari obanahalli
BC-8_REV,17,Siddartha School Cross,13.02607,77.48893,siddartha school cross
BC-8_REV,18,Indiranagara,13.02772,77.4937,indiranagara
BC-8_REV,19,Ganga International School,13.02831,77.49627,ganga international school
BC-8_REV,20,Gruhalakshmi Layout,13.02992,77.50026,gruhalakshmi layout
BC-8_REV,21,Nelagadarenahalli,13.03149,77.50346,nelagadarenahalli
BC-8_REV,22,HMT Layout 8th Mile,13.03364,77.50412,hmt layout 8th mile
BC-8_REV,23,Nagasandra Cross,13.03849,77.50451,nagasandra cross
BC-8_REV,24,Rukmini Nagara,13.04099,77.50482,rukmini nagara
BC-8_REV,25,8th Mile Dasarahalli,13.04544,77.50547,8th mile dasarahalli
BC-8_REV,26,8th Mile Dasarahalli,13.04622,77.50755,8th mile dasarahalli
BC-8_REV,27,Widia School,13.0511,77.50773,widia school
BC-8_REV,28,Bagalagunte,13.05657,77.50728,bagalagunte
BC-8_REV,29,Bone Mill,13.06385,77.50503,bone mill
BC-8_REV,30,Sapthagiri College,13.06685,77.50328,sapthagiri college
BC-8_REV,31,Sapthagiri Hospital,13.07067,77.50387,sapthagiri hospital
BC-8_REV,32,Janapriya Apartment,13.07349,77.50307,janapriya apartment
BC-8_REV,33,Chikkabanavara Railway Station,13.07562,77.50465,chikkabanavara railway station
BC-8_REV,34,Chikka Banavara,13.08053,77.50255,chikka banavara
D49-BDD_REV,1,Bidadi,12.79678,77.38496,bidadi
D49-BDD_REV,2,Depot-49 Bidadi,12.80177,77.39285,depot-49 bidadi
G-7_REV,1,Janapriya Township,12.99903,77.44278,janapriya township
G-7_REV,2,Mutturayanaswamy Temple,12.99177,77.44268,mutturayanaswamy temple
G-7_REV,3,Kadabagere Cross,12.98912,77.44947,kadabagere cross
G-7_REV,4,Machohalli Gate,12.99088,77.45429,machohalli gate
G-7_REV,5,Forest Gate,12.99185,77.45952,forest gate
G-7_REV,6,Chikka Gollarahatti,12.99147,77.46559,chikka gollarahatti
G-7_REV,7,Kachohalli Gate,12.99056,77.46871,kachohalli gate
G-7_REV,8,Gollarahatti,12.98862,77.47274,gollarahatti
G-7_REV,9,College Cross Byadarahalli,12.98569,77.47952,college cross byadarahalli
G-7_REV,10,Byadarahalli,12.9852,77.48196,byadarahalli
G-7_REV,11,East West College Cross,12.98568,77.48629,east west college cross
G-7_REV,12,Anjananagara,12.98617,77.48817,anjananagara
G-7_REV,13,Herohalli Cross1,12.98736,77.4924,herohalli cross1
G-7_REV,14,Janapriya Apartment,12.98895,77.49938,janapriya apartment
G-7_REV,15,Sunkadakatte,12.98946,77.50638,sunkadakatte
G-7_REV,16,Kottigepalya,12.98786,77.51405,kottigepalya
G-7_REV,17,Summanahalli,12.98682,77.52077,summanahalli
G-7_REV,18,Kamakshipalya,12.98385,77.52924,kamakshipalya
G-7_REV,19,KHB Colony,12.98142,77.53525,khb colony
G-7_REV,20,Agrahara Dasarahalli,12.97853,77.54293,agrahara dasarahalli
G-7_REV,21,Magadi Road TollGate,12.97459,77.54897,magadi road tollgate
G-7_REV,22,Prasanna Theatre,12.9754,77.55234,prasanna theatre
G-7_REV,23,6th Block Rajajinagara,12.97944,77.55359,6th block rajajinagara
G-7_REV,24,Gopalapura,12.98063,77.55789,gopalapura
G-7_REV,25,Sujatha Talkies,12.98262,77.56234,sujatha talkies
G-7_REV,26,Okalipura,12.98267,77.56837,okalipura
G-7_REV,27,Kempegowda Bus Station,12.97749,77.57327,kempegowda bus station
K-2_REV,1,Hebbala,13.04127,77.58942,hebbala
K-2_REV,2,Bhoopasandra,13.04244,77.58086,bhoopasandra
K-2_REV,3,RMV 2nd Stage,13.04245,77.5801,rmv 2nd stage
K-2_REV,4,Bhoopasandra Ayyappa Bakery,13.04263,77.57715,bhoopasandra ayyappa bakery
K-2_REV,5,Gundappa Road,13.04252,77.57325,gundappa road
K-2_REV,6,Nagashettyhalli,13.04175,77.57273,nagashettyhalli
K-2_REV,7,RMS Sanjayanagara,13.0378,77.57425,rms sanjayanagara
K-2_REV,8,Sanjayanagara,13.03421,77.57565,sanjayanagara
K-2_REV,9,Geddalahalli,13.03082,77.57751,geddalahalli
K-2_REV,10,Ashwathnagara,13.02691,77.57973,ashwathnagara
K-2_REV,11,80ft Road MS Ramaiah College,13.02752,77.57571,80ft road ms ramaiah college
K-2_REV,12,MS Ramaiah Hospital,13.02771,77.57162,ms ramaiah hospital
K-2_REV,13,CPRI Quarters,13.02217,77.57224,cpri quarters
K-2_REV,14,Sadashivanagara Police Station,13.01587,77.57277,sadashivanagara police station
K-2_REV,15,Tata Institute,13.01514,77.56382,tata institute
K-2_REV,16,Yeshawanthapura Bus Station,13.01801,77.55662,yeshawanthapura bus station
K-2_REV,17,Govt Soap Factory,13.01309,77.55438,govt soap factory
K-2_REV,18,Iskcon Temple,13.01174,77.55174,iskcon temple
K-2_REV,19,Mahalakshmi Layout Entrance,13.00736,77.54879,mahalakshmi layout entrance
K-2_REV,20,1st Block Rajajinagara,13.0047,77.54909,1st block rajajinagara
K-2_REV,21,Rajajinagara Metro Station,12.99983,77.54991,rajajinagara metro station
K-2_REV,22,Navarang Theatre,12.99748,77.54884,navarang theatre
K-2_REV,23,Modi Hospital,12.9974,77.54573,modi hospital
K-2_REV,24,Shankar Mutt,12.99897,77.5417,shankar mutt
K-2_REV,25,Kamalanagara Water Tank,12.99557,77.53992,kamalanagara water tank
K-2_REV,26,8th Main Kamalanagara,12.99178,77.53856,8th main kamalanagara
K-2_REV,27,Havanur Circle,12.98769,77.5375,havanur circle
K-2_REV,28,Siddaiah Puranik Road Junction,12.98217,77.5373,siddaiah puranik road junction
K-2_REV,29,Vijayanagara Vijaya Bank,12.97359,77.54155,vijayanagara vijaya bank
K-2_REV,30,Vijayanagara,12.97197,77.53786,vijayanagara
K-2_REV,31,Maruthi Mandira,12.96785,77.53637,maruthi mandira
K-2_REV,32,Vijayanagara Garage,12.966,77.53555,vijayanagara garage
K-2_REV,33,Attiguppe,12.95809,77.53395,attiguppe
K-2_REV,34,Deepanjalinagara,12.95375,77.53624,deepanjalinagara
K-2_REV,35,Mysore Road Bus Station,12.95366,77.54391,mysore road bus station
KBS-1I_REV,1,Kadugodi Bus Station,12.99563,77.75855,kadugodi bus station
KBS-1I_REV,2,Kadugodi Bridge,12.99439,77.75775,kadugodi bridge
KBS-1I_REV,3,Hope Farm,12.9839,77.75189,hope farm
KBS-1I_REV,4,BPL,12.98531,77.74768,bpl
KBS-1I_REV,5,GR Tech Park ITPL,12.98666,77.74351,gr tech park itpl
KBS-1I_REV,6,ITPL,12.98754,77.73636,itpl
KBS-1I_REV,7,Pattandur Agrahara Gate,12.9878,77.73366,pattandur agrahara gate
KBS-1I_REV,8,ITPL Back Gate Big Bazzar,12.9863,77.73171,itpl back gate big bazzar
KBS-1I_REV,9,Sathya Sai Hospital,12.98263,77.72823,sathya sai hospital
KBS-1I_REV,10,White Field Bus Station (Vydehi Hospital),12.97642,77.72684,white field bus station (vydehi hospital)
KBS-1I_REV,11,KTPO,12.9768,77.72242,ktpo
KBS-1I_REV,12,I Gate,12.97717,77.71882,i gate
KBS-1I_REV,13,Kundalahalli Metro Station,12.97737,77.71639,kundalahalli metro station
KBS-1I_REV,14,SAP Labs,12.97765,77.71448,sap labs
KBS-1I_REV,15,Graphite India,12.97705,77.71005,graphite india
KBS-1I_REV,16,Kundalahalli Colony,12.97052,77.71245,kundalahalli colony
KBS-1I_REV,17,CMRIT College,12.96763,77.71447,cmrit college
KBS-1I_REV,18,AECS Layout Cross,12.96495,77.71832,aecs layout cross
KBS-1I_REV,19,BEML Layout Gate,12.96054,77.7165,beml layout gate
KBS-1I_REV,20,Kundalahalli,12.95815,77.71571,kundalahalli
KBS-1I_REV,21,Kundalahalli Gate,12.95592,77.71378,kundalahalli gate
KBS-1I_REV,22,Munnekolalu Cross (Spice Garden),12.95634,77.70878,munnekolalu cross (spice garden)
KBS-1I_REV,23,Marathahalli Bridge,12.95694,77.70062,marathahalli bridge
KBS-1I_REV,24,Marathahalli,12.95611,77.69372,marathahalli
KBS-1I_REV,25,Yamalur Cross,12.95498,77.68756,yamalur cross
KBS-1I_REV,26,HAL Kalyana Mantap,12.95448,77.68225,hal kalyana mantap
KBS-1I_REV,27,Helicopter Division,12.95662,77.67535,helicopter division
KBS-1I_REV,28,HAL Main Gate,12.95854,77.66505,hal main gate
KBS-1I_REV,29,Konena Agrahara,12.95902,77.65946,konena agrahara
KBS-1I_REV,30,Murugeshpalya,12.95927,77.65611,murugeshpalya
KBS-1I_REV,31,NAL Manipal Hospital,12.95961,77.64991,nal manipal hospital
KBS-1I_REV,32,Kodihalli,12.95997,77.64687,kodihalli
KBS-1I_REV,33,Domlur Flyover,12.96045,77.64251,domlur flyover
KBS-1I_REV,34,Domlur,12.96122,77.63667,domlur
KBS-1I_REV,35,Commando Hospital,12.96271,77.62756,commando hospital
KBS-1I_REV,36,Military Accounts Office,12.96691,77.62117,military accounts office
KBS-1I_REV,37,Kendriya Vidyalaya ASC Center,12.96676,77.61259,kendriya vidyalaya asc center
KBS-1I_REV,38,Life Style (Sacred Heart School),12.96692,77.61018,life style (sacred heart school)
KBS-1I_REV,39,Richmond Circle,12.9658,77.60433,richmond circle
KBS-1I_REV,40,Pallavi Talkies,12.9679,77.59102,pallavi talkies
KBS-1I_REV,41,Corporation,12.96839,77.58675,corporation
KBS-1I_REV,42,Mysore Bank,12.97253,77.58199,mysore bank
KBS-1I_REV,43,Kempegowda Bus Station,12.97749,77.57327,kempegowda bus station
KBS-1K_REV,1,Kadugodi Bus Station,12.99563,77.75855,kadugodi bus station
KBS-1K_REV,2,Kadugodi Bridge,12.99439,77.75775,kadugodi bridge
KBS-1K_REV,3,Hope Farm,12.98273,77.75223,hope farm
KBS-1K_REV,4,Coffee Day Hope Farm,12.97987,77.75168,coffee day hope farm
KBS-1K_REV,5,Munish Singh Hospital,12.97738,77.75122,munish singh hospital
KBS-1K_REV,6,Sai Baba General Hospital,12.97454,77.75065,sai baba general hospital
KBS-1K_REV,7,White Field Post Office,12.96932,77.74996,white field post office
KBS-1K_REV,8,Brooke Bond,12.96454,77.74869,brooke bond
KBS-1K_REV,9,Forum Mall,12.95943,77.7468,forum mall
KBS-1K_REV,10,Varthur Kodi,12.95664,77.74472,varthur kodi
KBS-1K_REV,11,Ramagondanahalli,12.95695,77.73949,ramagondanahalli
KBS-1K_REV,12,Siddapura,12.95607,77.73057,siddapura
KBS-1K_REV,13,Thubarahalli,12.95575,77.72042,thubarahalli
KBS-1K_REV,14,Kundalahalli Gate,12.95592,77.71378,kundalahalli gate
KBS-1K_REV,15,Munnekolalu Cross (Spice Garden),12.95634,77.70878,munnekolalu cross (spice garden)
KBS-1K_REV,16,Marathahalli Bridge,12.95694,77.70062,marathahalli bridge
KBS-1K_REV,17,Marathahalli,12.95611,77.69372,marathahalli
KBS-1K_REV,18,Yamalur Cross,12.95498,77.68756,yamalur cross
KBS-1K_REV,19,HAL Kalyana Mantap,12.95448,77.68225,hal kalyana mantap
KBS-1K_REV,20,Helicopter Division,12.95662,77.67535,helicopter division
KBS-1K_REV,21,HAL Main Gate,12.95854,77.66505,hal main gate
KBS-1K_REV,22,Konena Agrahara,12.95902,77.65946,konena agrahara
KBS-1K_REV,23,Murugeshpalya,12.95927,77.65611,murugeshpalya
KBS-1K_REV,24,NAL Manipal Hospital,12.95961,77.64991,nal manipal hospital
KBS-1K_REV,25,Kodihalli,12.95997,77.64687,kodihalli
KBS-1K_REV,26,Domlur Flyover,12.96045,77.64251,domlur flyover
KBS-1K_REV,27,Domlur,12.96122,77.63667,domlur
KBS-1K_REV,28,Commando Hospital,12.96271,77.62756,commando hospital
KBS-1K_REV,29,Military Accounts Office,12.96691,77.62117,military accounts office
KBS-1K_REV,30,Kendriya Vidyalaya ASC Center,12.96676,77.61259,kendriya vidyalaya asc center
KBS-1K_REV,31,Life Style (Sacred Heart School),12.96692,77.61018,life style (sacred heart school)
KBS-1K_REV,32,Richmond Circle,12.9658,77.60433,richmond circle
KBS-1K_REV,33,Pallavi Talkies,12.9679,77.59102,pallavi talkies
KBS-1K_REV,34,Corporation,12.96839,77.58675,corporation
KBS-1K_REV,35,Mysore Bank,12.97253,77.58199,mysore bank
KBS-1K_REV,36,Kempegowda Bus Station,12.97749,77.57327,kempegowda bus station
KIA-10_REV,1,Kempegowda International Airport,13.19904,77.70871,kempegowda international airport
KIA-10_REV,2,KIA Terminal 2,13.19877,77.71539,kia terminal 2
KIA-10_REV,3,Trumpet (KIA),13.19655,77.65464,trumpet (kia)
KIA-10_REV,4,Sadahalli Gate,13.19051,77.64626,sadahalli gate
KIA-10_REV,5,Chikkajala,13.17273,77.63369,chikkajala
KIA-10_REV,6,Bettahalasuru Cross,13.15656,77.62358,bettahalasuru cross
KIA-10_REV,7,Hunasamaranahalli,13.14427,77.61777,hunasamaranahalli
KIA-10_REV,8,Indian Air Force,13.13092,77.6153,indian air force
KIA-10_REV,9,Venkatala,13.1111,77.60498,venkatala
KIA-10_REV,10,Kogilu Cross,13.10398,77.60084,kogilu cross
KIA-10_REV,11,Allalasandra Gate,13.08737,77.59557,allalasandra gate
KIA-10_REV,12,Byatarayanapura,13.06693,77.59337,byatarayanapura
KIA-10_REV,13,Navayuga Toll (Military Dairy Farm),13.05037,77.593,navayuga toll (military dairy farm)
KIA-10_REV,14,Military Dairy Farm (Esteem Mall),13.04974,77.59287,military dairy farm (esteem mall)
KIA-10_REV,15,Hebbala,13.03917,77.58951,hebbala
KIA-10_REV,16,Canara Bank Hebbala,13.0357,77.58909,canara bank hebbala
KIA-10_REV,17,Veterinary Hospital,13.03018,77.58697,veterinary hospital
KIA-10_REV,18,CBI,13.02653,77.58565,cbi
KIA-10_REV,19,Mekhri Circle,13.01451,77.58263,mekhri circle
KIA-10_REV,20,CPRI,13.01473,77.57499,cpri
KIA-10_REV,21,Tata Institute,13.01514,77.56382,tata institute
KIA-10_REV,22,Yeshawanthapura Bus Station,13.01801,77.55662,yeshawanthapura bus station
KIA-10_REV,23,Govt Soap Factory,13.01309,77.55438,govt soap factory
KIA-10_REV,24,1st Block Rajajinagara,13.0047,77.54909,1st block rajajinagara
KIA-10_REV,25,ESI Hospital Rajajinagara,12.99075,77.55091,esi hospital rajajinagara
KIA-10_REV,26,Industrial Area Rajajinagara,12.98205,77.54911,industrial area rajajinagara
KIA-10_REV,27,Vijayanagara,12.97197,77.53786,vijayanagara
KIA-10_REV,28,Vijayanagara Garage,12.966,77.53555,vijayanagara garage
KIA-10_REV,29,Attiguppe,12.95809,77.53395,attiguppe
KIA-10_REV,30,Mysore Road Bus Station,12.95357,77.54374,mysore road bus station
KIA-14_REV,1,Royal Meenakshi Mall,12.87642,77.59564,royal meenakshi mall
KIA-14_REV,2,Hulimavu Gate,12.88178,77.59591,hulimavu gate
KIA-14_REV,3,Bilekahalli,12.90051,77.6009,bilekahalli
KIA-14_REV,4,Gurappanapalya,12.9191,77.59999,gurappanapalya
KIA-14_REV,5,Bengaluru Dairy Circle,12.93528,77.60129,bengaluru dairy circle
KIA-14_REV,6,Wilson Garden Police Station,12.95064,77.59558,wilson garden police station
KIA-14_REV,7,Shanthinagara Bus Station,12.95483,77.59235,shanthinagara bus station
KIA-14_REV,8,Richmond Circle,12.96738,77.59946,richmond circle
KIA-14_REV,9,Sophiya School,12.98609,77.58864,sophiya school
KIA-14_REV,10,RM Guttahalli,12.99977,77.58392,rm guttahalli
KIA-14_REV,11,Mekhri Circle,13.01749,77.58388,mekhri circle
KIA-14_REV,12,CBI,13.02613,77.58514,cbi
KIA-14_REV,13,Hebbala,13.03847,77.5892,hebbala
KIA-14_REV,14,Military Dairy Farm (Esteem Mall),13.04974,77.59271,military dairy farm (esteem mall)
KIA-14_REV,15,Navayuga Toll  (Military Dairy Farm),13.05,77.59272,navayuga toll  (military dairy farm)
KIA-14_REV,16,Byatarayanapura,13.06646,77.59299,byatarayanapura
KIA-14_REV,17,Allalasandra Gate,13.08534,77.59437,allalasandra gate
KIA-14_REV,18,Kogilu Cross,13.10386,77.60028,kogilu cross
KIA-14_REV,19,Venkatala,13.11139,77.60456,venkatala
KIA-14_REV,20,Indian Air Force,13.13103,77.61503,indian air force
KIA-14_REV,21,Hunasamaranahalli,13.14519,77.6174,hunasamaranahalli
KIA-14_REV,22,Bettahalasuru Cross,13.1571,77.62336,bettahalasuru cross
KIA-14_REV,23,Chikkajala,13.17277,77.63318,chikkajala
KIA-14_REV,24,Sadahalli Gate,13.19072,77.64583,sadahalli gate
KIA-14_REV,25,Trumpet (KIA),13.19762,77.65547,trumpet (kia)
KIA-14_REV,26,Cargo Village,13.19967,77.68231,cargo village
KIA-14_REV,27,DHFL,13.19963,77.69561,dhfl
KIA-14_REV,28,Kempegowda International Airport,13.19916,77.70774,kempegowda international airport
KIA-17_REV,1,BEML Layout 5th stage,12.90685,77.52137,beml layout 5th stage
KIA-17_REV,2,BEML Complex,12.91973,77.52028,beml complex
KIA-17_REV,3,RR Temple,12.92681,77.51112,rr temple
KIA-17_REV,4,Nayandahalli,12.94268,77.52589,nayandahalli
KIA-17_REV,5,Nagarabhavi Circle,12.95907,77.51686,nagarabhavi circle
KIA-17_REV,6,Malagala,12.97863,77.51525,malagala
KIA-17_REV,7,Summanahalli,12.98631,77.51934,summanahalli
KIA-17_REV,8,Lurdubayi Samudaya Bhavana,12.99723,77.52339,lurdubayi samudaya bhavana
KIA-17_REV,9,Nandini Layout Ring Road,13.01159,77.52872,nandini layout ring road
KIA-17_REV,10,Goraguntepalya,13.02895,77.5395,goraguntepalya
KIA-17_REV,11,RMC Yard (Yashawanthapura New Railway Station),13.02366,77.54877,rmc yard (yashawanthapura new railway station)
KIA-17_REV,12,Yeshawanthapura Bus Station,13.01771,77.55657,yeshawanthapura bus station
KIA-17_REV,13,Yeshawanthapura Tollgate,13.01797,77.56097,yeshawanthapura tollgate
KIA-17_REV,14,MS Ramaiah College,13.02871,77.56159,ms ramaiah college
KIA-17_REV,15,Mathikere,13.03467,77.55748,mathikere
KIA-17_REV,16,BEL Circle,13.04339,77.55713,bel circle
KIA-17_REV,17,Devinagara Cross,13.04692,77.5692,devinagara cross
KIA-17_REV,18,Hebbala Bridge,13.04274,77.58967,hebbala bridge
KIA-17_REV,19,Military Dairy Farm (Esteem Mall),13.04974,77.59287,military dairy farm (esteem mall)
KIA-17_REV,20,Byatarayanapura,13.06693,77.59337,byatarayanapura
KIA-17_REV,21,Allalasandra Gate,13.08737,77.59557,allalasandra gate
KIA-17_REV,22,Kogilu Cross,13.10398,77.60084,kogilu cross
KIA-17_REV,23,Venkatala,13.1111,77.60498,venkatala
KIA-17_REV,24,Indian Air Force,13.13092,77.6153,indian air force
KIA-17_REV,25,Hunasamaranahalli,13.14427,77.61777,hunasamaranahalli
KIA-17_REV,26,Bettahalasuru Cross,13.15656,77.62358,bettahalasuru cross
KIA-17_REV,27,Chikkajala,13.17273,77.63369,chikkajala
KIA-17_REV,28,Sadahalli Gate,13.19051,77.64626,sadahalli gate
KIA-17_REV,29,Navayuga Toll (KIA),13.19332,77.65018,navayuga toll (kia)
KIA-17_REV,30,Trumpet (KIA),13.19655,77.65464,trumpet (kia)
KIA-17_REV,31,KIA Terminal 2,13.19877,77.71539,kia terminal 2
KIA-17_REV,32,Kempegowda International Airport,13.19904,77.70871,kempegowda international airport
KIA-4_REV,1,HAL Main Gate,12.95862,77.6664,hal main gate
KIA-4_REV,2,Jeevanbheema Nagara,12.96576,77.65763,jeevanbheema nagara
KIA-4_REV,3,Thippasandra,12.97371,77.6469,thippasandra
KIA-4_REV,4,Indiranagara Police Station/KFC,12.97844,77.64125,indiranagara police station/kfc
KIA-4_REV,5,Halasuru,12.97849,77.62922,halasuru
KIA-4_REV,6,MEG Centre,12.98736,77.62262,meg centre
KIA-4_REV,7,Coles Park,12.99308,77.60928,coles park
KIA-4_REV,8,Millers Road,12.99545,77.60216,millers road
KIA-4_REV,9,Munireddy Palya J C Nagara,13.00676,77.59276,munireddy palya j c nagara
KIA-4_REV,10,Mekhri Circle,13.01458,77.58502,mekhri circle
KIA-4_REV,11,Hebbala,13.03917,77.58951,hebbala
KIA-4_REV,12,Military Dairy Farm (Esteem Mall),13.04974,77.59287,military dairy farm (esteem mall)
KIA-4_REV,13,Byatarayanapura,13.06693,77.59337,byatarayanapura
KIA-4_REV,14,Allalasandra Gate,13.08737,77.59557,allalasandra gate
KIA-4_REV,15,Kogilu Cross,13.10398,77.60084,kogilu cross
KIA-4_REV,16,Venkatala,13.1111,77.60498,venkatala
KIA-4_REV,17,Indian Air Force,13.13092,77.6153,indian air force
KIA-4_REV,18,Hunasamaranahalli,13.14427,77.61777,hunasamaranahalli
KIA-4_REV,19,Bettahalasuru Cross,13.15656,77.62358,bettahalasuru cross
KIA-4_REV,20,Chikkajala,13.17273,77.63369,chikkajala
KIA-4_REV,21,Sadahalli Gate,13.19051,77.64626,sadahalli gate
KIA-4_REV,22,Navayuga Toll (KIA),13.19332,77.65018,navayuga toll (kia)
KIA-4_REV,23,Trumpet (KIA),13.19655,77.65464,trumpet (kia)
KIA-4_REV,24,KIA Terminal 2,13.19877,77.71539,kia terminal 2
KIA-4_REV,25,Kempegowda International Airport,13.19904,77.70871,kempegowda international airport
KIA-5_REV,1,Kempegowda International Airport,13.19904,77.70871,kempegowda international airport
KIA-5_REV,2,KIA Terminal 2,13.19877,77.71539,kia terminal 2
KIA-5_REV,3,Trumpet (KIA),13.19655,77.65464,trumpet (kia)
KIA-5_REV,4,Navayuga Toll (KIA),13.19332,77.65018,navayuga toll (kia)
KIA-5_REV,5,Sadahalli Gate,13.19051,77.64626,sadahalli gate
KIA-5_REV,6,Chikkajala,13.17273,77.63369,chikkajala
KIA-5_REV,7,Bettahalasuru Cross,13.15656,77.62358,bettahalasuru cross
KIA-5_REV,8,Hunasamaranahalli,13.14427,77.61777,hunasamaranahalli
KIA-5_REV,9,Indian Air Force,13.13092,77.6153,indian air force
KIA-5_REV,10,Venkatala,13.1111,77.60498,venkatala
KIA-5_REV,11,Kogilu Cross,13.10398,77.60084,kogilu cross
KIA-5_REV,12,Allalasandra Gate,13.08737,77.59557,allalasandra gate
KIA-5_REV,13,Byatarayanapura,13.06693,77.59337,byatarayanapura
KIA-5_REV,14,Military Dairy Farm (Esteem Mall),13.04974,77.59287,military dairy farm (esteem mall)
KIA-5_REV,15,Hebbala,13.03917,77.58951,hebbala
KIA-5_REV,16,Mekhri Circle,13.01756,77.584,mekhri circle
KIA-5_REV,17,RM Guttahalli,13.00009,77.58425,rm guttahalli
KIA-5_REV,18,Sophiya School (KIA),12.98586,77.58971,sophiya school (kia)
KIA-5_REV,19,MG Statue (Chinnaswamy Stadium),12.97708,77.59921,mg statue (chinnaswamy stadium)
KIA-5_REV,20,Richmond Circle,12.96366,77.5964,richmond circle
KIA-5_REV,21,Shanthinagara Bus Station,12.95449,77.59258,shanthinagara bus station
KIA-5_REV,22,Lalbagh Hopcoms,12.95134,77.59126,lalbagh hopcoms
KIA-5_REV,23,Ashoka Pillar,12.94322,77.58529,ashoka pillar
KIA-5_REV,24,Jayanagara Bus Station,12.92802,77.58364,jayanagara bus station
KIA-5_REV,25,5th Block Jayanagara,12.91732,77.58368,5th block jayanagara
KIA-5_REV,26,R V Dental College,12.91046,77.58547,r v dental college
KIA-5_REV,27,Indiragandhi Circle,12.91088,77.57862,indiragandhi circle
KIA-5_REV,28,Sarakki,12.90966,77.57288,sarakki
KIA-5_REV,29,Banashankari Bus Station,12.91736,77.5727,banashankari bus station
KIA-5D_REV,1,Kempegowda International Airport,13.19904,77.70871,kempegowda international airport
KIA-5D_REV,2,KIA Terminal 2,13.19877,77.71539,kia terminal 2
KIA-5D_REV,3,Trumpet (KIA),13.19655,77.65464,trumpet (kia)
KIA-5D_REV,4,Navayuga Toll (KIA),13.19332,77.65018,navayuga toll (kia)
KIA-5D_REV,5,Sadahalli Gate,13.19051,77.64626,sadahalli gate
KIA-5D_REV,6,Chikkajala,13.17273,77.63369,chikkajala
KIA-5D_REV,7,Bettahalasuru Cross,13.15656,77.62358,bettahalasuru cross
KIA-5D_REV,8,Hunasamaranahalli,13.14427,77.61777,hunasamaranahalli
KIA-5D_REV,9,Indian Air Force,13.13092,77.6153,indian air force
KIA-5D_REV,10,Venkatala,13.1111,77.60498,venkatala
KIA-5D_REV,11,Kogilu Cross,13.10398,77.60084,kogilu cross
KIA-5D_REV,12,Allalasandra Gate,13.08737,77.59557,allalasandra gate
KIA-5D_REV,13,Byatarayanapura,13.06693,77.59337,byatarayanapura
KIA-5D_REV,14,Military Dairy Farm (Esteem Mall),13.04974,77.59287,military dairy farm (esteem mall)
KIA-5D_REV,15,Hebbala,13.03917,77.58951,hebbala
KIA-5D_REV,16,Mekhri Circle,13.01756,77.584,mekhri circle
KIA-5D_REV,17,RM Guttahalli,13.00009,77.58425,rm guttahalli
KIA-5D_REV,18,Sophiya School (KIA),12.98586,77.58971,sophiya school (kia)
KIA-5D_REV,19,MG Statue (Chinnaswamy Stadium),12.97708,77.59921,mg statue (chinnaswamy stadium)
KIA-5D_REV,20,Richmond Circle,12.96366,77.5964,richmond circle
KIA-5D_REV,21,Shanthinagara Bus Station,12.95449,77.59258,shanthinagara bus station
KIA-5D_REV,22,Lalbagh Hopcoms,12.95134,77.59126,lalbagh hopcoms
KIA-5D_REV,23,Ashoka Pillar,12.94322,77.58529,ashoka pillar
KIA-5D_REV,24,Jayanagara Bus Station,12.92802,77.58364,jayanagara bus station
KIA-5D_REV,25,5th Block Jayanagara,12.91732,77.58368,5th block jayanagara
KIA-5D_REV,26,R V Dental College,12.90988,77.58579,r v dental college
KIA-5D_REV,27,JP Nagara 6th Phase,12.90637,77.57777,jp nagara 6th phase
KIA-5D_REV,28,Jaraganahalli Cross,12.9014,77.57344,jaraganahalli cross
KIA-5D_REV,29,Yalachenahalli Metro Station,12.89609,77.57029,yalachenahalli metro station
KIA-5D_REV,30,Konanakunte Cross,12.89025,77.56431,konanakunte cross
KIA-5D_REV,31,Konanakunte Cross  Metro Station,12.88907,77.56306,konanakunte cross  metro station
KIA-5D_REV,32,Doddakallasandra Metro Station,12.88467,77.55312,doddakallasandra metro station
KIA-5D_REV,33,Raghuvanahalli Cross,12.88067,77.54621,raghuvanahalli cross
KIA-5D_REV,34,Vajarahalli Metro Station,12.87768,77.54498,vajarahalli metro station
KIA-5D_REV,35,Thalagattapura Metro Station,12.87128,77.53854,thalagattapura metro station
KIA-5D_REV,36,Thalagattapura,12.86958,77.53705,thalagattapura
KIA-5D_REV,37,Silk Institute Metro Station,12.8616,77.52993,silk institute metro station
KIA-5D_REV,38,Chinnayyanapalya Silk Farm,12.85347,77.52329,chinnayyanapalya silk farm
KIA-5D_REV,39,Shanimahathma Temple,12.83723,77.51612,shanimahathma temple
KIA-5D_REV,40,Udipalya,12.82044,77.5142,udipalya
KIA-5D_REV,41,Brigade Meadows Kanakapura Road,12.81432,77.50684,brigade meadows kanakapura road
KIA-6_REV,1,Kadugodi Bus Station,12.99563,77.75855,kadugodi bus station
KIA-6_REV,2,Hope Farm,12.98429,77.75261,hope farm
KIA-6_REV,3,White Field Post Office,12.97056,77.75,white field post office
KIA-6_REV,4,Varthur kodi,12.95897,77.74642,varthur kodi
KIA-6_REV,5,Siddapura,12.95634,77.73191,siddapura
KIA-6_REV,6,Kundalahalli Gate,12.95593,77.71574,kundalahalli gate
KIA-6_REV,7,Marathahalli Bridge,12.9569,77.70215,marathahalli bridge
KIA-6_REV,8,Marathahalli,12.95626,77.69409,marathahalli
KIA-6_REV,9,HAL Kalyana Mantap,12.9546,77.68215,hal kalyana mantap
KIA-6_REV,10,HAL Main Gate,12.95821,77.66821,hal main gate
KIA-6_REV,11,NAL/Manipal Hospital,12.95964,77.65076,nal/manipal hospital
KIA-6_REV,12,Domlur,12.96111,77.63809,domlur
KIA-6_REV,13,Commando Hospital,12.96364,77.62641,commando hospital
KIA-6_REV,14,Military Accounts Office,12.96694,77.62089,military accounts office
KIA-6_REV,15,Trinity Circle,12.97093,77.6197,trinity circle
KIA-6_REV,16,MEG Centre (KIA),12.98847,77.6172,meg centre (kia)
KIA-6_REV,17,Coles Park,12.99308,77.60928,coles park
KIA-6_REV,18,Millers Road,12.99545,77.60216,millers road
KIA-6_REV,19,Nandidurga Road,13.00075,77.59959,nandidurga road
KIA-6_REV,20,Munireddy Palya J C Nagara,13.00676,77.59276,munireddy palya j c nagara
KIA-6_REV,21,Mekhri Circle,13.01458,77.58502,mekhri circle
KIA-6_REV,22,Hebbala,13.03917,77.58951,hebbala
KIA-6_REV,23,Military Dairy Farm (Esteem Mall),13.04974,77.59287,military dairy farm (esteem mall)
KIA-6_REV,24,Byatarayanapura,13.06693,77.59337,byatarayanapura
KIA-6_REV,25,Allalasandra Gate,13.08737,77.59557,allalasandra gate
KIA-6_REV,26,Kogilu Cross,13.10398,77.60084,kogilu cross
KIA-6_REV,27,Venkatala,13.1111,77.60498,venkatala
KIA-6_REV,28,Indian Air Force,13.13092,77.6153,indian air force
KIA-6_REV,29,Hunasamaranahalli,13.14427,77.61777,hunasamaranahalli
KIA-6_REV,30,Bettahalasuru Cross,13.15656,77.62358,bettahalasuru cross
KIA-6_REV,31,Chikkajala,13.17273,77.63369,chikkajala
KIA-6_REV,32,Sadahalli Gate,13.19051,77.64626,sadahalli gate
KIA-6_REV,33,Navayuga Toll (KIA),13.19332,77.65018,navayuga toll (kia)
KIA-6_REV,34,Trumpet (KIA),13.19655,77.65464,trumpet (kia)
KIA-6_REV,35,KIA Terminal 2,13.19877,77.71539,kia terminal 2
KIA-6_REV,36,Kempegowda International Airport,13.19904,77.70871,kempegowda international airport
KIA-7A_REV,1,BDA Complex HSR Layout,12.91296,77.63807,bda complex hsr layout
KIA-7A_REV,2,Jakkasandra,12.92481,77.63802,jakkasandra
KIA-7A_REV,3,Sony World 80ft Road Koramangala,12.93694,77.62734,sony world 80ft road koramangala
KIA-7A_REV,4,Military Bridge,12.94599,77.64015,military bridge
KIA-7A_REV,5,Domlur,12.96111,77.63809,domlur
KIA-7A_REV,6,Military Accounts Office,12.96694,77.62089,military accounts office
KIA-7A_REV,7,Manipal Centre MG Road,12.97571,77.61358,manipal centre mg road
KIA-7A_REV,8,Shivajinagara Bus Station,12.98328,77.60341,shivajinagara bus station
KIA-7A_REV,9,Indian Express,12.98408,77.59827,indian express
KIA-7A_REV,10,Sophiya School (KIA),12.98586,77.58971,sophiya school (kia)
KIA-7A_REV,11,RM Guttahalli,13.00009,77.58425,rm guttahalli
KIA-7A_REV,12,Mekhri Circle,13.01756,77.584,mekhri circle
KIA-7A_REV,13,Hebbala,13.03917,77.58951,hebbala
KIA-7A_REV,14,Military Dairy Farm (Esteem Mall),13.04974,77.59287,military dairy farm (esteem mall)
KIA-7A_REV,15,Navayuga Toll (Military Dairy Farm),13.05037,77.593,navayuga toll (military dairy farm)
KIA-7A_REV,16,Byatarayanapura,13.06693,77.59337,byatarayanapura
KIA-7A_REV,17,Allalasandra Gate,13.08737,77.59557,allalasandra gate
KIA-7A_REV,18,Kogilu Cross,13.10398,77.60084,kogilu cross
KIA-7A_REV,19,Venkatala,13.1111,77.60498,venkatala
KIA-7A_REV,20,Indian Air Force,13.13092,77.6153,indian air force
KIA-7A_REV,21,Hunasamaranahalli,13.14427,77.61777,hunasamaranahalli
KIA-7A_REV,22,Bettahalasuru Cross,13.15656,77.62358,bettahalasuru cross
KIA-7A_REV,23,Chikkajala,13.17273,77.63369,chikkajala
KIA-7A_REV,24,Sadahalli Gate,13.19051,77.64626,sadahalli gate
KIA-7A_REV,25,Trumpet (KIA),13.19655,77.65464,trumpet (kia)
KIA-7A_REV,26,KIA Terminal 2,13.19877,77.71539,kia terminal 2
KIA-7A_REV,27,Kempegowda International Airport,13.19904,77.70871,kempegowda international airport
KIA-8_REV,1,Electronic City KIA,12.85049,77.66201,electronic city kia
KIA-8_REV,2,Crown Plaza,12.85082,77.66023,crown plaza
KIA-8_REV,3,Konappana Agarhara,12.85577,77.66411,konappana agarhara
KIA-8_REV,4,Hosa Road,12.87074,77.65298,hosa road
KIA-8_REV,5,Singasandra,12.87886,77.64651,singasandra
KIA-8_REV,6,Kudlu Gate,12.88985,77.63969,kudlu gate
KIA-8_REV,7,Bommanahalli,12.90559,77.63003,bommanahalli
KIA-8_REV,8,Central Silk Board,12.91472,77.62452,central silk board
KIA-8_REV,9,SI Apartment HSR Layout,12.91668,77.6294,si apartment hsr layout
KIA-8_REV,10,Depot-25 Gate (Central Silk Board),12.91952,77.64294,depot-25 gate (central silk board)
KIA-8_REV,11,Agara Junction,12.92433,77.65073,agara junction
KIA-8_REV,12,Sarjapura Ring Road Junction,12.92203,77.66825,sarjapura ring road junction
KIA-8_REV,13,Bellanduru City Light Appartment,12.92412,77.67278,bellanduru city light appartment
KIA-8_REV,14,Kadubisanahalli,12.94259,77.69717,kadubisanahalli
KIA-8_REV,15,Kalamandira Marathahalli Bridge,12.95993,77.70143,kalamandira marathahalli bridge
KIA-8_REV,16,Dodda Nekkundi Bridge/Rainbow Hospital,12.97499,77.69764,dodda nekkundi bridge/rainbow hospital
KIA-8_REV,17,Mahadevapura Ring Road,12.98823,77.6895,mahadevapura ring road
KIA-8_REV,18,KR Pura Railway Station,13.00022,77.67597,kr pura railway station
KIA-8_REV,19,Tin Factory,12.99698,77.66937,tin factory
KIA-8_REV,20,Kasthurinagara,13.004,77.66328,kasthurinagara
KIA-8_REV,21,B Channasandra Bridge(Ramamurthy Nagara Ring Road),13.01128,77.66242,b channasandra bridge(ramamurthy nagara ring road)
KIA-8_REV,22,Babusabpalya,13.02274,77.64721,babusabpalya
KIA-8_REV,23,Kalyananagara,13.02654,77.63688,kalyananagara
KIA-8_REV,24,Nagawara Junction,13.0402,77.62454,nagawara junction
KIA-8_REV,25,Veerannapalya,13.04231,77.61382,veerannapalya
KIA-8_REV,26,Hebbala Bridge,13.04259,77.5925,hebbala bridge
KIA-8_REV,27,Military Dairy Farm (Esteem Mall),13.04974,77.59287,military dairy farm (esteem mall)
KIA-8_REV,28,Navayuga Toll (Military Dairy Farm),13.05037,77.593,navayuga toll (military dairy farm)
KIA-8_REV,29,Byatarayanapura,13.06693,77.59337,byatarayanapura
KIA-8_REV,30,Allalasandra Gate,13.08737,77.59557,allalasandra gate
KIA-8_REV,31,Kogilu Cross,13.10398,77.60084,kogilu cross
KIA-8_REV,32,Venkatala,13.1111,77.60498,venkatala
KIA-8_REV,33,Indian Air Force,13.13092,77.6153,indian air force
KIA-8_REV,34,Hunasamaranahalli,13.14427,77.61777,hunasamaranahalli
KIA-8_REV,35,Bettahalasuru Cross,13.15656,77.62358,bettahalasuru cross
KIA-8_REV,36,Chikkajala,13.17273,77.63369,chikkajala
KIA-8_REV,37,Sadahalli Gate,13.19051,77.64626,sadahalli gate
KIA-8_REV,38,Trumpet (KIA),13.19655,77.65464,trumpet (kia)
KIA-8_REV,39,KIA Terminal 2,13.19877,77.71539,kia terminal 2
KIA-8_REV,40,Kempegowda International Airport,13.19904,77.70871,kempegowda international airport
KIA-8A_REV,1,Kempegowda International Airport,13.19904,77.70871,kempegowda international airport
KIA-8A_REV,2,KIA Terminal 2,13.19877,77.71539,kia terminal 2
KIA-8A_REV,3,Trumpet (KIA),13.19655,77.65464,trumpet (kia)
KIA-8A_REV,4,Navayuga Toll (KIA),13.19332,77.65018,navayuga toll (kia)
KIA-8A_REV,5,Sadahalli Gate,13.19051,77.64626,sadahalli gate
KIA-8A_REV,6,Chikkajala,13.17273,77.63369,chikkajala
KIA-8A_REV,7,Bettahalasuru Cross,13.15656,77.62358,bettahalasuru cross
KIA-8A_REV,8,Hunasamaranahalli,13.14427,77.61777,hunasamaranahalli
KIA-8A_REV,9,Indian Air Force,13.13092,77.6153,indian air force
KIA-8A_REV,10,Venkatala,13.1111,77.60498,venkatala
KIA-8A_REV,11,Kogilu Cross,13.10398,77.60084,kogilu cross
KIA-8A_REV,12,Allalasandra Gate,13.08737,77.59557,allalasandra gate
KIA-8A_REV,13,Byatarayanapura,13.06693,77.59337,byatarayanapura
KIA-8A_REV,14,Military Dairy Farm (Esteem Mall),13.04974,77.59287,military dairy farm (esteem mall)
KIA-8A_REV,15,Hebbala Bridge,13.04259,77.5925,hebbala bridge
KIA-8A_REV,16,Veerannapalya,13.04231,77.61382,veerannapalya
KIA-8A_REV,17,Nagawara Junction,13.0402,77.62454,nagawara junction
KIA-8A_REV,18,Kalyananagara,13.02654,77.63688,kalyananagara
KIA-8A_REV,19,Babusabpalya,13.02274,77.64721,babusabpalya
KIA-8A_REV,20,B Channasandra Bridge(Ramamurthy Nagara Ring Road),13.01128,77.66242,b channasandra bridge(ramamurthy nagara ring road)
KIA-8A_REV,21,Kasthurinagara,13.004,77.66328,kasthurinagara
KIA-8A_REV,22,Tin Factory,12.99698,77.66937,tin factory
KIA-8A_REV,23,KR Pura Railway Station,13.00022,77.67597,kr pura railway station
KIA-8A_REV,24,Mahadevapura Ring Road,12.98823,77.6895,mahadevapura ring road
KIA-8A_REV,25,Dodda Nekkundi Bridge/Rainbow Hospital,12.97499,77.69764,dodda nekkundi bridge/rainbow hospital
KIA-8A_REV,26,Kalamandira Marathahalli Bridge,12.95993,77.70143,kalamandira marathahalli bridge
KIA-8A_REV,27,Kadubisanahalli,12.94259,77.69717,kadubisanahalli
KIA-8A_REV,28,Bellanduru City Light Appartment,12.92412,77.67278,bellanduru city light appartment
KIA-8A_REV,29,Sarjapura Ring Road Junction,12.92203,77.66825,sarjapura ring road junction
KIA-8A_REV,30,Agara Junction,12.92433,77.65073,agara junction
KIA-8A_REV,31,Depot-25 Gate (Central Silk Board),12.91952,77.64294,depot-25 gate (central silk board)
KIA-8A_REV,32,SI Apartment HSR Layout,12.91668,77.6294,si apartment hsr layout
KIA-8A_REV,33,Central Silk Board,12.91689,77.62177,central silk board
KIA-8A_REV,34,Kuvempunagara Bus Station(BTM Layout),12.91597,77.61623,kuvempunagara bus station(btm layout)
KIA-8C_REV,1,Chandapura,12.80258,77.70457,chandapura
KIA-8C_REV,2,BTL College,12.81185,77.69485,btl college
KIA-8C_REV,3,Hebbagodi,12.82752,77.68224,hebbagodi
KIA-8C_REV,4,Electronic City,12.84815,77.67083,electronic city
KIA-8C_REV,5,Konappana Agarhara,12.85611,77.66454,konappana agarhara
KIA-8C_REV,6,Hosa Road,12.87074,77.65298,hosa road
KIA-8C_REV,7,Singasandra,12.87886,77.64651,singasandra
KIA-8C_REV,8,Kudlu Gate,12.88985,77.63969,kudlu gate
KIA-8C_REV,9,Bommanahalli,12.90559,77.63003,bommanahalli
KIA-8C_REV,10,Central Silk Board,12.91472,77.62452,central silk board
KIA-8C_REV,11,SI Apartment HSR Layout,12.91668,77.6294,si apartment hsr layout
KIA-8C_REV,12,Depot-25 Gate (Central Silk Board),12.91952,77.64294,depot-25 gate (central silk board)
KIA-8C_REV,13,Agara Junction,12.92433,77.65073,agara junction
KIA-8C_REV,14,Sarjapura Ring Road Junction,12.92203,77.66825,sarjapura ring road junction
KIA-8C_REV,15,Bellanduru City Light Appartment,12.92412,77.67278,bellanduru city light appartment
KIA-8C_REV,16,Kadubisanahalli,12.94259,77.69717,kadubisanahalli
KIA-8C_REV,17,Kalamandira Marathahalli Bridge,12.95993,77.70143,kalamandira marathahalli bridge
KIA-8C_REV,18,Dodda Nekkundi Bridge/Rainbow Hospital,12.97499,77.69764,dodda nekkundi bridge/rainbow hospital
KIA-8C_REV,19,Mahadevapura Ring Road,12.98823,77.6895,mahadevapura ring road
KIA-8C_REV,20,KR Pura Railway Station,13.00022,77.67597,kr pura railway station
KIA-8C_REV,21,Tin Factory,12.99698,77.66937,tin factory
KIA-8C_REV,22,Kasthurinagara,13.004,77.66328,kasthurinagara
KIA-8C_REV,23,B Channasandra Bridge(Ramamurthy Nagara Ring Road),13.01128,77.66242,b channasandra bridge(ramamurthy nagara ring road)
KIA-8C_REV,24,Babusabpalya,13.02274,77.64721,babusabpalya
KIA-8C_REV,25,Kalyananagara,13.02654,77.63688,kalyananagara
KIA-8C_REV,26,Nagawara Junction,13.0402,77.62454,nagawara junction
KIA-8C_REV,27,Veerannapalya,13.04231,77.61382,veerannapalya
KIA-8C_REV,28,Hebbala Bridge,13.04259,77.5925,hebbala bridge
KIA-8C_REV,29,Military Dairy Farm (Esteem Mall),13.04974,77.59287,military dairy farm (esteem mall)
KIA-8C_REV,30,Byatarayanapura,13.06693,77.59337,byatarayanapura
KIA-8C_REV,31,Allalasandra Gate,13.08737,77.59557,allalasandra gate
KIA-8C_REV,32,Kogilu Cross,13.10398,77.60084,kogilu cross
KIA-8C_REV,33,Venkatala,13.1111,77.60498,venkatala
KIA-8C_REV,34,Indian Air Force,13.13092,77.6153,indian air force
KIA-8C_REV,35,Hunasamaranahalli,13.14427,77.61777,hunasamaranahalli
KIA-8C_REV,36,Bettahalasuru Cross,13.15656,77.62358,bettahalasuru cross
KIA-8C_REV,37,Chikkajala,13.17273,77.63369,chikkajala
KIA-8C_REV,38,Sadahalli Gate,13.19051,77.64626,sadahalli gate
KIA-8C_REV,39,Navayuga Toll (KIA),13.19332,77.65018,navayuga toll (kia)
KIA-8C_REV,40,Trumpet (KIA),13.19655,77.65464,trumpet (kia)
KIA-8C_REV,41,KIA Terminal 2,13.19877,77.71539,kia terminal 2
KIA-8C_REV,42,Kempegowda International Airport,13.19904,77.70871,kempegowda international airport
KIA-8D_REV,1,Kempegowda International Airport,13.19904,77.70871,kempegowda international airport
KIA-8D_REV,2,KIA Terminal 2,13.19877,77.71539,kia terminal 2
KIA-8D_REV,3,Trumpet (KIA),13.19655,77.65464,trumpet (kia)
KIA-8D_REV,4,Navayuga Toll (KIA),13.19332,77.65018,navayuga toll (kia)
KIA-8D_REV,5,Sadahalli Gate,13.19051,77.64626,sadahalli gate
KIA-8D_REV,6,ITC Factory,13.18644,77.64325,itc factory
KIA-8D_REV,7,Meenakunte Hosuru,13.1844,77.64161,meenakunte hosuru
KIA-8D_REV,8,Chikkajala,13.17273,77.63369,chikkajala
KIA-8D_REV,9,Kadiganahalli Gate,13.16825,77.63162,kadiganahalli gate
KIA-8D_REV,10,Vidyanagara Cross,13.161,77.6269,vidyanagara cross
KIA-8D_REV,11,Bettahalasuru Cross,13.15656,77.62358,bettahalasuru cross
KIA-8D_REV,12,Hunasamaranahalli,13.14427,77.61777,hunasamaranahalli
KIA-8D_REV,13,Bharathi Nagara,13.13752,77.61764,bharathi nagara
KIA-8D_REV,14,Indian Air Force,13.13092,77.6153,indian air force
KIA-8D_REV,15,Bagalur Cross,13.12211,77.61116,bagalur cross
KIA-8D_REV,16,Palanahalli Gate,13.11678,77.60847,palanahalli gate
KIA-8D_REV,17,Venkatala,13.1111,77.60498,venkatala
KIA-8D_REV,18,Kogilu Cross,13.10398,77.60084,kogilu cross
KIA-8D_REV,19,Raitarasanthe Yalahanka,13.09749,77.59892,raitarasanthe yalahanka
KIA-8D_REV,20,Allalasandra Gate,13.08737,77.59557,allalasandra gate
KIA-8D_REV,21,Jakkur Aerodrum,13.07701,77.59301,jakkur aerodrum
KIA-8D_REV,22,GKVK GATE,13.07276,77.59292,gkvk gate
KIA-8D_REV,23,Byatarayanapura,13.06693,77.59337,byatarayanapura
KIA-8D_REV,24,Kodigehalli Gate,13.05734,77.59362,kodigehalli gate
KIA-8D_REV,25,Military Dairy Farm (Esteem Mall),13.04974,77.59287,military dairy farm (esteem mall)
KIA-8D_REV,26,Hebbala Bridge,13.04259,77.5925,hebbala bridge
KIA-8D_REV,27,Kempapura,13.04379,77.6005,kempapura
KIA-8D_REV,28,Veerannapalya,13.04231,77.61382,veerannapalya
KIA-8D_REV,29,Manyatha Tech Park,13.0412,77.62095,manyatha tech park
KIA-8D_REV,30,Nagawara Junction,13.0402,77.62454,nagawara junction
KIA-8D_REV,31,HBR Layout,13.03517,77.62857,hbr layout
KIA-8D_REV,32,Hennur Junction,13.02964,77.63134,hennur junction
KIA-8D_REV,33,Kalyananagara,13.02654,77.63688,kalyananagara
KIA-8D_REV,34,80 feet Road Kalyananagara,13.02564,77.6406,80 feet road kalyananagara
KIA-8D_REV,35,Babusabpalya,13.02274,77.64721,babusabpalya
KIA-8D_REV,36,Horamavu Signal,13.01966,77.65437,horamavu signal
KIA-8D_REV,37,Vijaya Bank Colony Ring Road,13.01726,77.65992,vijaya bank colony ring road
KIA-8D_REV,38,B Channasandra Bridge(Ramamurthy Nagara Ring Road),13.01128,77.66242,b channasandra bridge(ramamurthy nagara ring road)
KIA-8D_REV,39,Kasthurinagara,13.004,77.66328,kasthurinagara
KIA-8D_REV,40,Tin Factory,12.99698,77.66937,tin factory
KIA-8D_REV,41,KR Pura Railway Station,13.00022,77.67597,kr pura railway station
KIA-8D_REV,42,B Narayanapura Ring Road,12.99583,77.68417,b narayanapura ring road
KIA-8D_REV,43,Mahadevapura Ring Road,12.98823,77.6895,mahadevapura ring road
KIA-8D_REV,44,EMC2,12.98256,77.69301,emc2
KIA-8D_REV,45,Dodda Nekkundi Bridge/Rainbow Hospital,12.97499,77.69764,dodda nekkundi bridge/rainbow hospital
KIA-8D_REV,46,Karthik Nagara,12.96821,77.7017,karthik nagara
KIA-8D_REV,47,Kalamandira Marathahalli Bridge,12.95993,77.70143,kalamandira marathahalli bridge
KIA-8D_REV,48,Multiplex Marathahalli,12.95227,77.70002,multiplex marathahalli
KIA-8D_REV,49,Kadubisanahalli,12.94259,77.69717,kadubisanahalli
KIA-8D_REV,50,New Horizon College,12.93544,77.69123,new horizon college
KIA-8D_REV,51,Devarabisanahalli Ring Road,12.93145,77.68686,devarabisanahalli ring road
KIA-8D_REV,52,Eco Space,12.92776,77.68049,eco space
KIA-8D_REV,53,Bellanduru City Light Appartment,12.92412,77.67278,bellanduru city light appartment
KIA-8D_REV,54,Sarjapura Road Ibbaluru Junction,12.9204,77.66585,sarjapura road ibbaluru junction
KIA-8D_REV,55,Bellanduru Gate SJP Road,12.91858,77.66991,bellanduru gate sjp road
KIA-8D_REV,56,Kaikondrahalli,12.91404,77.67756,kaikondrahalli
KIA-8D_REV,57,Junnasandra Gate Wipro Regional Office,12.91086,77.68439,junnasandra gate wipro regional office
KIA-8D_REV,58,Radhareddy Layout,12.90883,77.6897,radhareddy layout
KIA-8D_REV,59,Doddakannalli,12.90731,77.69556,doddakannalli
KIA-8D_REV,60,Carmelram Gate,12.90352,77.70401,carmelram gate
KIA-8D_REV,61,Sarjapura Wipro Campus,12.89903,77.71354,sarjapura wipro campus
KIA-8D_REV,62,Kodathi Gate,12.8966,77.72037,kodathi gate
KIA-8D_REV,63,Sulikunte,12.89246,77.72846,sulikunte
KIA-8D_REV,64,Muttanalluru Cross,12.88744,77.73839,muttanalluru cross
KIA-8D_REV,65,Dommasandra Circle,12.88322,77.75241,dommasandra circle
KIA-8D_REV,66,Dommasandra,12.8796,77.75371,dommasandra
KIA-8D_REV,67,Chambenahalli,12.8793,77.7617,chambenahalli
KIA-8D_REV,68,Yamare,12.87227,77.76646,yamare
KIA-8D_REV,69,Crystal Apartment Sarjapura Road,12.86759,77.76725,crystal apartment sarjapura road
KIA-8D_REV,70,Sompura Gate,12.86207,77.77213,sompura gate
KIA-8D_REV,71,Sarjapura Circle,12.86102,77.78352,sarjapura circle
KIA-8D_REV,72,Sarjapura,12.86136,77.7856,sarjapura
KIA-8E_REV,1,Electronic City Wipro Main Gate,12.83594,77.65742,electronic city wipro main gate
KIA-8E_REV,2,Infosys Parking Lot,12.84993,77.66299,infosys parking lot
KIA-8E_REV,3,Konappana Agarhara,12.85577,77.66411,konappana agarhara
KIA-8E_REV,4,Hosa Road,12.87074,77.65298,hosa road
KIA-8E_REV,5,Singasandra,12.87886,77.64651,singasandra
KIA-8E_REV,6,Kudlu Gate,12.88985,77.63969,kudlu gate
KIA-8E_REV,7,Bommanahalli,12.90559,77.63003,bommanahalli
KIA-8E_REV,8,Central Silk Board,12.91472,77.62452,central silk board
KIA-8E_REV,9,SI Apartment HSR Layout,12.91668,77.6294,si apartment hsr layout
KIA-8E_REV,10,Depot-25 Gate (Central Silk Board),12.91952,77.64294,depot-25 gate (central silk board)
KIA-8E_REV,11,Agara Junction,12.92433,77.65073,agara junction
KIA-8E_REV,12,Sarjapura Ring Road Junction,12.92203,77.66825,sarjapura ring road junction
KIA-8E_REV,13,Bellanduru City Light Appartment,12.92412,77.67278,bellanduru city light appartment
KIA-8E_REV,14,Kadubisanahalli,12.94259,77.69717,kadubisanahalli
KIA-8E_REV,15,Kalamandira Marathahalli Bridge,12.95993,77.70143,kalamandira marathahalli bridge
KIA-8E_REV,16,Dodda Nekkundi Bridge/Rainbow Hospital,12.97499,77.69764,dodda nekkundi bridge/rainbow hospital
KIA-8E_REV,17,EMC2,12.98256,77.69301,emc2
KIA-8E_REV,18,Mahadevapura Ring Road,12.98823,77.6895,mahadevapura ring road
KIA-8E_REV,19,KR Pura Railway Station,13.00022,77.67597,kr pura railway station
KIA-8E_REV,20,Tin Factory,12.99698,77.66937,tin factory
KIA-8E_REV,21,Kasthurinagara,13.004,77.66328,kasthurinagara
KIA-8E_REV,22,B Channasandra Bridge(Ramamurthy Nagara Ring Road),13.01128,77.66242,b channasandra bridge(ramamurthy nagara ring road)
KIA-8E_REV,23,Babusabpalya,13.02274,77.64721,babusabpalya
KIA-8E_REV,24,Kalyananagara,13.02654,77.63688,kalyananagara
KIA-8E_REV,25,Hennur Cross,13.03157,77.63592,hennur cross
KIA-8E_REV,26,Geddalahalli,13.04838,77.6454,geddalahalli
KIA-8E_REV,27,Kothanuru,13.06182,77.64893,kothanuru
KIA-8E_REV,28,Byrathi Bande,13.07788,77.65345,byrathi bande
KIA-8E_REV,29,Kannuru,13.09321,77.65432,kannuru
KIA-8E_REV,30,Hosuru Bande,13.10601,77.66086,hosuru bande
KIA-8E_REV,31,Chakkalatti,13.12256,77.66836,chakkalatti
KIA-8E_REV,32,Mary Immaculate School,13.12589,77.66795,mary immaculate school
KIA-8E_REV,33,Bagluru Old police Station,13.12977,77.6667,bagluru old police station
KIA-8E_REV,34,Bagalur Santhe,13.13334,77.6668,bagalur santhe
KIA-8E_REV,35,Bagalur,13.13453,77.66797,bagalur
KIA-8E_REV,36,KIADB Hoovinayakanahalli Gate,13.15589,77.68108,kiadb hoovinayakanahalli gate
KIA-8E_REV,37,Bande Kodigehallipalya Cross,13.17283,77.69107,bande kodigehallipalya cross
KIA-8E_REV,38,Mylanahalli,13.18411,77.69597,mylanahalli
KIA-8E_REV,39,Beguru,13.18356,77.67974,beguru
KIA-8E_REV,40,Kempegowda International Airport Back Gate,13.19806,77.68058,kempegowda international airport back gate
KIA-8E_REV,41,KIA Terminal 2,13.19877,77.71539,kia terminal 2
KIA-8E_REV,42,Kempegowda International Airport,13.19904,77.70871,kempegowda international airport
KIA-9_REV,1,Kempegowda Bus Station,12.97749,77.57327,kempegowda bus station
KIA-9_REV,2,Shivananda Store,12.98666,77.57938,shivananda store
KIA-9_REV,3,RM Guttahalli,13.00009,77.58425,rm guttahalli
KIA-9_REV,4,Mekhri Circle,13.01756,77.584,mekhri circle
KIA-9_REV,5,Hebbala,13.03917,77.58951,hebbala
KIA-9_REV,6,Military Dairy Farm (Esteem Mall),13.04974,77.59287,military dairy farm (esteem mall)
KIA-9_REV,7,Byatarayanapura,13.06693,77.59337,byatarayanapura
KIA-9_REV,8,Allalasandra Gate,13.08737,77.59557,allalasandra gate
KIA-9_REV,9,Kogilu Cross,13.10398,77.60084,kogilu cross
KIA-9_REV,10,Venkatala,13.1111,77.60498,venkatala
KIA-9_REV,11,Indian Air Force,13.13092,77.6153,indian air force
KIA-9_REV,12,Hunasamaranahalli,13.14427,77.61777,hunasamaranahalli
KIA-9_REV,13,Bettahalasuru Cross,13.15656,77.62358,bettahalasuru cross
KIA-9_REV,14,Chikkajala,13.17273,77.63369,chikkajala
KIA-9_REV,15,Sadahalli Gate,13.19051,77.64626,sadahalli gate
KIA-9_REV,16,Navayuga Toll (KIA),13.19332,77.65018,navayuga toll (kia)
KIA-9_REV,17,Trumpet (KIA),13.19655,77.65464,trumpet (kia)
KIA-9_REV,18,KIA Terminal 2,13.19877,77.71539,kia terminal 2
KIA-9_REV,19,Kempegowda International Airport,13.19904,77.70871,kempegowda international airport
MF-23B_REV,1,BEL Circle,13.0452,77.55669,bel circle
MF-23B_REV,2,BEL Market 1,13.05192,77.55193,bel market 1
MF-23B_REV,3,HMT Club House,13.0535,77.55068,hmt club house
MF-23B_REV,4,Gangamma Circle,13.05663,77.54654,gangamma circle
MF-23B_REV,5,Fathima Church,13.05478,77.54137,fathima church
MF-23B_REV,6,Kammagonda‌nahalli Bridge,13.05491,77.53475,kammagonda‌nahalli bridge
MF-23B_REV,7,KG Halli Post Office,13.05693,77.53272,kg halli post office
MF-23B_REV,8,S R S Mathikere,13.06145,77.53112,s r s mathikere
MF-23B_REV,9,Kammagondanahalli Rama Temple,13.06377,77.53068,kammagondanahalli rama temple
MF-23B_REV,10,WIMAC Junction,13.06876,77.52998,wimac junction
MF-23B_REV,11,Abbigere Dinne,13.07106,77.52803,abbigere dinne
MF-23B_REV,12,Abbigere Gate,13.07248,77.52353,abbigere gate
MF-23B_REV,13,RMG Factory,13.07601,77.51712,rmg factory
MF-23B_REV,14,Kere Guddadahalli,13.0792,77.51599,kere guddadahalli
MF-23B_REV,15,Gangadhara Kalyana Mantapa,13.08,77.51137,gangadhara kalyana mantapa
MF-23B_REV,16,Dasappanapalya,13.07935,77.50591,dasappanapalya
MF-23B_REV,17,Chikka Banavara,13.08053,77.50255,chikka banavara
MF-23B_REV,18,Chikkabanavara Railway Station,13.07562,77.50465,chikkabanavara railway station
MF-23B_REV,19,Janapriya Apartment,13.07349,77.50307,janapriya apartment
MF-23B_REV,20,Sapthagiri Hospital,13.07067,77.50387,sapthagiri hospital
MF-23B_REV,21,Sapthagiri College,13.06685,77.50328,sapthagiri college
MF-23B_REV,22,Bone Mill,13.06385,77.50503,bone mill
MF-23B_REV,23,Bagalagunte,13.05657,77.50728,bagalagunte
MF-23B_REV,24,Widia School,13.0511,77.50773,widia school
MF-23B_REV,25,8th Mile Dasarahalli,13.04622,77.50755,8th mile dasarahalli
MF-23B_REV,26,T Dasarahalli,13.04283,77.51276,t dasarahalli
MF-23B_REV,27,Jalahalli Cross,13.03991,77.51823,jalahalli cross
MF-253HE_REV,1,Hesaraghatta,13.13784,77.47944,hesaraghatta
MF-253HE_REV,2,Hesaraghatta TB Cross,13.13047,77.48437,hesaraghatta tb cross
MF-253HE_REV,3,Thirumalapura,13.12538,77.48362,thirumalapura
MF-253HE_REV,4,Hurali Chikkanahalli,13.11588,77.48276,hurali chikkanahalli
MF-253HE_REV,5,Thore Nagasandra Cross,13.11201,77.48192,thore nagasandra cross
MF-253HE_REV,6,Kempaiahnagara,13.10821,77.4825,kempaiahnagara
MF-253HE_REV,7,Tharabanahalli Choultry,13.10537,77.47922,tharabanahalli choultry
MF-253HE_REV,8,Tharabanahalli,13.10124,77.48081,tharabanahalli
MF-253HE_REV,9,Soladevanahalli Police Station,13.09339,77.48895,soladevanahalli police station
MF-253HE_REV,10,Dwaraka Nagara,13.08783,77.49516,dwaraka nagara
MF-253HE_REV,11,Chikka Banavara,13.08053,77.50259,chikka banavara
MF-253HE_REV,12,Chikkabanavara Railway Station,13.07523,77.50453,chikkabanavara railway station
MF-253HE_REV,13,Janapriya Apartment,13.07319,77.50318,janapriya apartment
MF-253HE_REV,14,Sapthagiri Hospital,13.07066,77.50395,sapthagiri hospital
MF-253HE_REV,15,Sapthagiri College,13.06675,77.50335,sapthagiri college
MF-253HE_REV,16,Bone Mill,13.06385,77.50508,bone mill
MF-253HE_REV,17,MEI Layout Arch,13.05999,77.50697,mei layout arch
MF-253HE_REV,18,Bagalagunte,13.05665,77.50735,bagalagunte
MF-253HE_REV,19,Widia School,13.05126,77.50786,widia school
MF-253HE_REV,20,8th Mile Dasarahalli,13.04541,77.50795,8th mile dasarahalli
MF-253HE_REV,21,T Dasarahalli,13.04309,77.51288,t dasarahalli
MF-253HE_REV,22,Jalahalli Cross,13.0399,77.51879,jalahalli cross
MF-253HE_REV,23,Peenya Industry Metro Station,13.03599,77.52579,peenya industry metro station
MF-253HE_REV,24,SRS Peenya,13.03471,77.52987,srs peenya
MF-253HE_REV,25,Peenya Metro Station,13.03299,77.53297,peenya metro station
MF-253HE_REV,26,CMTI,13.03143,77.53561,cmti
MF-253HE_REV,27,Goraguntepalya,13.02835,77.54123,goraguntepalya
MF-253HE_REV,28,MEI Factory,13.02652,77.54439,mei factory
MF-253HE_REV,29,RMC Yard (Yeshawanthapura New Railway Station),13.02462,77.54776,rmc yard (yeshawanthapura new railway station)
MF-253HE_REV,30,Govardhan Talkies,13.01853,77.55339,govardhan talkies
MF-253HE_REV,31,Yeshawanthapura Bus Station,13.01771,77.55657,yeshawanthapura bus station
MF-258CB_REV,1,Nelamangala Bus Station,13.09796,77.39438,nelamangala bus station
MF-258CB_REV,2,Anjaneya Temple Nelamangala,13.09737,77.39777,anjaneya temple nelamangala
MF-258CB_REV,3,TB Nelamangala,13.09718,77.40144,tb nelamangala
MF-258CB_REV,4,Weavers Colony Nelamangala,13.09416,77.40559,weavers colony nelamangala
MF-258CB_REV,5,Nursery Nelamangala,13.09008,77.40945,nursery nelamangala
MF-258CB_REV,6,Binnamangala,13.08745,77.41256,binnamangala
MF-258CB_REV,7,Vishwa Shanti Ashrama,13.08378,77.41777,vishwa shanti ashrama
MF-258CB_REV,8,Arishinakunte,13.08026,77.42417,arishinakunte
MF-258CB_REV,9,Devannanapalya,13.07769,77.43139,devannanapalya
MF-258CB_REV,10,Dasanapura,13.07542,77.43636,dasanapura
MF-258CB_REV,11,Ravuthanahalli Cross,13.07362,77.43959,ravuthanahalli cross
MF-258CB_REV,12,Adakimaranahalli,13.07065,77.4449,adakimaranahalli
MF-258CB_REV,13,Makali,13.0658,77.45363,makali
MF-258CB_REV,14,Madanayakanahalli,13.06146,77.46102,madanayakanahalli
MF-258CB_REV,15,TCI,13.05924,77.46527,tci
MF-258CB_REV,16,Madavara NICE Road,13.05684,77.4741,madavara nice road
MF-258CB_REV,17,Anchepalya,13.05529,77.47983,anchepalya
MF-258CB_REV,18,Jindal,13.05399,77.48328,jindal
MF-258CB_REV,19,Chikkabidarakallu,13.05235,77.48774,chikkabidarakallu
MF-258CB_REV,20,Marison Factory,13.05049,77.49285,marison factory
MF-258CB_REV,21,Widia Factory,13.04907,77.497,widia factory
MF-258CB_REV,22,Deepak Factory,13.04749,77.50135,deepak factory
MF-258CB_REV,23,8th Mile Dasarahalli,13.04541,77.50795,8th mile dasarahalli
MF-258CB_REV,24,T Dasarahalli,13.04309,77.51288,t dasarahalli
MF-258CB_REV,25,Jalahalli Cross,13.0399,77.51879,jalahalli cross
MF-258CB_REV,26,Peenya Industry Metro Station,13.03599,77.52579,peenya industry metro station
MF-258CB_REV,27,SRS Peenya,13.03471,77.52987,srs peenya
MF-258CB_REV,28,Peenya Metro Station,13.03299,77.53297,peenya metro station
MF-258CB_REV,29,CMTI,13.03143,77.53561,cmti
MF-258CB_REV,30,Goraguntepalya,13.02835,77.54123,goraguntepalya
MF-258CB_REV,31,MEI Factory,13.02652,77.54439,mei factory
MF-258CB_REV,32,RMC Yard (Yeshawanthapura New Railway Station),13.02462,77.54776,rmc yard (yeshawanthapura new railway station)
MF-258CB_REV,33,Govardhan Talkies,13.01853,77.55339,govardhan talkies
MF-258CB_REV,34,Yeshawanthapura Bus Station,13.01801,77.55662,yeshawanthapura bus station
MF-26_REV,1,Chowdeshwarinagara Bus Stand,13.00135,77.52087,chowdeshwarinagara bus stand
MF-26_REV,2,Aladamara Laggere,13.01324,77.52099,aladamara laggere
MF-26_REV,3,Parvathi Nagara,13.01623,77.5203,parvathi nagara
MF-26_REV,4,MEI Colony Laggere,13.01996,77.5207,mei colony laggere
MF-26_REV,5,Laggere Cross,13.02265,77.52336,laggere cross
MF-26_REV,6,Rajagopala Nagara Police Station,13.0236,77.52178,rajagopala nagara police station
MF-26_REV,7,TVS Cross Peenya,13.02868,77.51957,tvs cross peenya
MF-26_REV,8,Jalahalli Cross,13.03949,77.51843,jalahalli cross
MF-304K_REV,1,Channasandra,12.98334,77.76702,channasandra
MF-304K_REV,2,MVJ College Channasandra,12.98286,77.76121,mvj college channasandra
MF-304K_REV,3,Hope Farm,12.9839,77.75189,hope farm
MF-304K_REV,4,BPL,12.98531,77.74768,bpl
MF-304K_REV,5,GR Tech Park ITPL,12.98666,77.74351,gr tech park itpl
MF-304K_REV,6,ITPL,12.98754,77.73636,itpl
MF-304K_REV,7,Pattandur Agrahara Gate,12.9878,77.73366,pattandur agrahara gate
MF-304K_REV,8,Big Bazzar ITPL,12.98827,77.73061,big bazzar itpl
MF-304K_REV,9,Prestige Shantiniketana /Manipal Hospital,12.98872,77.72844,prestige shantiniketana /manipal hospital
MF-304K_REV,10,Rajapalya,12.99138,77.72084,rajapalya
MF-304K_REV,11,Hoodi,12.99191,77.71576,hoodi
MF-304K_REV,12,Hoodi Metro Station,12.98863,77.7115,hoodi metro station
MF-304K_REV,13,Graphite Junction,12.98524,77.70808,graphite junction
MF-304K_REV,14,Brook Steel ESI,12.99295,77.70547,brook steel esi
MF-304K_REV,15,Garudacharpalya,12.99388,77.70172,garudacharpalya
MF-304K_REV,16,Singaianapalya Phoenix,12.99542,77.6954,singaianapalya phoenix
MF-304K_REV,17,Mahadevapura,12.9972,77.69069,mahadevapura
MF-304K_REV,18,B Narayanapura,13.00028,77.68415,b narayanapura
MF-304K_REV,19,KR Pura Railway Station,12.99998,77.67654,kr pura railway station
MF-304K_REV,20,Tin Factory,12.99645,77.66857,tin factory
MF-401_REV,1,Yelahanka Old Town,13.10091,77.59436,yelahanka old town
MF-401_REV,2,Yelahanka Santhe Circle,13.09852,77.59698,yelahanka santhe circle
MF-401_REV,3,NES Office,13.09766,77.59166,nes office
MF-401_REV,4,Sheshadripuram College,13.09951,77.58834,sheshadripuram college
MF-401_REV,5,Sharavathi Hotel,13.09798,77.58442,sharavathi hotel
MF-401_REV,6,Chikka Bommasandra Cross,13.09353,77.58251,chikka bommasandra cross
MF-401_REV,7,Yalahanka Satellite Town,13.0958,77.57921,yalahanka satellite town
MF-401_REV,8,Mother Dairy Cross Yalahanka,13.09933,77.57719,mother dairy cross yalahanka
MF-401_REV,9,Mother Dairy Yalahanka,13.09877,77.57479,mother dairy yalahanka
MF-401_REV,10,Atturu Layout,13.09778,77.56763,atturu layout
MF-401_REV,11,Thirumala Dhaba,13.09763,77.56324,thirumala dhaba
MF-401_REV,12,Bettahalli Layout,13.09238,77.55958,bettahalli layout
MF-401_REV,13,Chikka Bettahalli,13.08945,77.55629,chikka bettahalli
MF-401_REV,14,Jalli Machine,13.08595,77.55535,jalli machine
MF-401_REV,15,Depot-45 Gate,13.08298,77.55066,depot-45 gate
MF-401_REV,16,MS Palya,13.08145,77.54831,ms palya
MF-401_REV,17,SBI Bank,13.07239,77.54625,sbi bank
MF-401_REV,18,Jalahalli East,13.06759,77.54464,jalahalli east
MF-401_REV,19,Kendriya Vidyalaya,13.06556,77.54428,kendriya vidyalaya
MF-401_REV,20,Gangamma Circle,13.05776,77.54635,gangamma circle
MF-401_REV,21,HMT Club House,13.0535,77.55068,hmt club house
MF-401_REV,22,BEL Market 1,13.05192,77.55193,bel market 1
MF-401_REV,23,State Bank of India,13.05051,77.55309,state bank of india
MF-401_REV,24,BEL Circle,13.0452,77.55669,bel circle
MF-401_REV,25,Gokula,13.04152,77.55725,gokula
MF-401_REV,26,Mathikere,13.03467,77.55748,mathikere
MF-401_REV,27,MS Ramaiah College,13.02871,77.56159,ms ramaiah college
MF-401_REV,28,Diwanarapalya,13.02679,77.56182,diwanarapalya
MF-401_REV,29,Ayyappa Temple Yashawanthapura,13.02167,77.56321,ayyappa temple yashawanthapura
MF-401_REV,30,Yeshawanthapura Tollgate,13.01797,77.56097,yeshawanthapura tollgate
MF-401_REV,31,Yeshawanthapura Bus Station,13.01801,77.55662,yeshawanthapura bus station
MF-42_REV,1,Kengeri Bus Station,12.91379,77.4871,kengeri bus station
MF-42_REV,2,Kengeri Police Station,12.91044,77.48206,kengeri police station
MF-42_REV,3,Kengeri Ganesha Temple,12.91143,77.48037,kengeri ganesha temple
MF-42_REV,4,Kommaghatta Junction,12.91448,77.48149,kommaghatta junction
MF-42_REV,5,Robin Theatre,12.91602,77.47986,robin theatre
MF-42_REV,6,Bande Mutt Gate Kengeri,12.91916,77.47743,bande mutt gate kengeri
MF-42_REV,7,Beedi Karmikara Colony Gate,12.92237,77.47478,beedi karmikara colony gate
MF-42_REV,8,Kengeri Club,12.92355,77.47297,kengeri club
MF-42_REV,9,Kommaghatta,12.93007,77.46502,kommaghatta
MF-42_REV,10,Ramasandra Cross,12.93259,77.46163,ramasandra cross
MF-42_REV,11,Banglow Sulikere,12.93304,77.45183,banglow sulikere
MF-42_REV,12,Byrohalli Gate,12.93438,77.44817,byrohalli gate
MF-42_REV,13,Sulikere Cross,12.93479,77.44652,sulikere cross
MF-42_REV,14,Sulikere,12.93906,77.44804,sulikere
MF-42_REV,15,Sulikere Cross,12.93484,77.44647,sulikere cross
MF-42_REV,16,Balaji Badavane Sulikere,12.93569,77.44328,balaji badavane sulikere
MF-42_REV,17,Nursery Maragondanahalli,12.93632,77.43844,nursery maragondanahalli
MF-42_REV,18,Maragondanahalli Cross,12.93493,77.4314,maragondanahalli cross
MF-42_REV,19,Krishnasagara,12.93612,77.42869,krishnasagara
MF-42_REV,20,Gulaganjahalli Cross,12.94152,77.42525,gulaganjahalli cross
MF-42_REV,21,Chikkammanapalya,12.95049,77.42292,chikkammanapalya
MF-42_REV,22,Yalachaguppe,12.95933,77.42103,yalachaguppe
MF-42_REV,23,Dodda Aladamara Cross,12.96391,77.40741,dodda aladamara cross
MF-42_REV,24,Manjunatha Nagara,12.96436,77.40374,manjunatha nagara
MF-42_REV,25,Tavarekere,12.96567,77.4001,tavarekere
MF-5_REV,1,Sir M Vishweshwaraiah Railway Station,12.99966,77.64099,sir m vishweshwaraiah railway station
MF-5_REV,2,Old Baiyappanahalli,12.99431,77.64424,old baiyappanahalli
MF-5_REV,3,Bayyappanahalli Cross,12.98559,77.64255,bayyappanahalli cross
MF-5_REV,4,Binnamangala,12.9835,77.64067,binnamangala
MF-5_REV,5,Indiranagara Police Station/KFC,12.9781,77.64094,indiranagara police station/kfc
MF-5_REV,6,Indiranagara 6th Main,12.974,77.64118,indiranagara 6th main
MF-5_REV,7,Indiranagara 12th Main,12.97035,77.64134,indiranagara 12th main
MF-5_REV,8,New Horizon School,12.96897,77.64142,new horizon school
MF-5_REV,9,Indiranagara 100ft Road,12.96711,77.64154,indiranagara 100ft road
MF-5_REV,10,Dhoopanahalli,12.96342,77.64169,dhoopanahalli
MF-5_REV,11,Domlur Flyover,12.95799,77.64146,domlur flyover
MF-5_REV,12,Dell Domluru,12.95291,77.64065,dell domluru
MF-5_REV,13,Military Bridge,12.94599,77.64015,military bridge
MF-5_REV,14,Shrinivagilu Ejipura,12.93842,77.63291,shrinivagilu ejipura
MF-5_REV,15,Sony World 100ft Road  Koramangala,12.93685,77.62659,sony world 100ft road  koramangala
MF-5_REV,16,Canara Bank Koramangala,12.93407,77.62369,canara bank koramangala
MF-5_REV,17,BDA Complex Koramangala,12.93109,77.62248,bda complex koramangala
MF-5_REV,18,Koramangala Water Tank,12.92792,77.62121,koramangala water tank
MF-5_REV,19,Kudure Mukha Colony,12.92572,77.6254,kudure mukha colony
MF-5_REV,20,Krupanidhi College,12.92388,77.62852,krupanidhi college
MF-5_REV,21,Central Silk Board,12.91816,77.62232,central silk board
NICE-10_REV,1,Electronic City,12.84756,77.6707,electronic city
NICE-10_REV,2,Konappana Agarhara,12.8548,77.66502,konappana agarhara
NICE-10_REV,3,ELC NICE Road,12.85806,77.65885,elc nice road
NICE-10_REV,4,NICE Road 17th Stone,12.8646,77.64375,nice road 17th stone
NICE-10_REV,5,NICE Road 16th Stone,12.864,77.62551,nice road 16th stone
NICE-10_REV,6,NICE Road 15th Stone,12.85483,77.61009,nice road 15th stone
NICE-10_REV,7,NICE Road Bannerughatta Road Junction,12.85004,77.58986,nice road bannerughatta road junction
NICE-10_REV,8,NICE Road 14th Stone,12.84843,77.57191,nice road 14th stone
NICE-10_REV,9,NICE Road 13th Stone,12.84933,77.55834,nice road 13th stone
NICE-10_REV,10,Poorvankara Apartment,12.85334,77.54208,poorvankara apartment
NICE-10_REV,11,NICE Road Kanakapura Road Junction,12.85828,77.52614,nice road kanakapura road junction
NICE-10_REV,12,NICE Road 12th Stone,12.85989,77.52208,nice road 12th stone
NICE-10_REV,13,NICE Road 11th Stone,12.86431,77.51118,nice road 11th stone
NICE-10_REV,14,10th Stone NICE Road,12.87242,77.49865,10th stone nice road
NICE-10_REV,15,NICE Office,12.88089,77.49311,nice office
NICE-10_REV,16,NICE Road 9th Stone,12.88753,77.48528,nice road 9th stone
NICE-10_REV,17,NICE Road Mysore Road Junction,12.90175,77.47068,nice road mysore road junction
NICE-10_REV,18,NICE Road 8th Stone,12.92682,77.46936,nice road 8th stone
NICE-10_REV,19,NICE Road 7th Stone,12.93789,77.46943,nice road 7th stone
NICE-10_REV,20,NICE Road 6th Stone,12.94599,77.46993,nice road 6th stone
NICE-10_REV,21,NICE Road 5th Stone,12.97116,77.47127,nice road 5th stone
NICE-10_REV,22,NICE Road Magadi Road Junction,12.9901,77.47227,nice road magadi road junction
NICE-10_REV,23,NICE Road 4th Stone,13.00933,77.47494,nice road 4th stone
NICE-10_REV,24,NICE Road 3rd Stone,13.02279,77.4754,nice road 3rd stone
NICE-10_REV,25,NICE Road 2nd Stone,13.03242,77.47554,nice road 2nd stone
NICE-10_REV,26,NICE Road 1st Stone,13.04219,77.47506,nice road 1st stone
NICE-10_REV,27,NICE Road Tumkur Road Junction,13.05403,77.47667,nice road tumkur road junction
NICE-10_REV,28,Madavara,13.05665,77.47343,madavara
SBS-1K_REV,1,Kadugodi Bus Station,12.99563,77.75855,kadugodi bus station
SBS-1K_REV,2,Kadugodi Bridge,12.99439,77.75775,kadugodi bridge
SBS-1K_REV,3,Hope Farm,12.98273,77.75223,hope farm
SBS-1K_REV,4,Coffee Day Hope Farm,12.97987,77.75168,coffee day hope farm
SBS-1K_REV,5,Munish Singh Hospital,12.97738,77.75122,munish singh hospital
SBS-1K_REV,6,Sai Baba General Hospital,12.97454,77.75065,sai baba general hospital
SBS-1K_REV,7,White Field Post Office,12.96932,77.74996,white field post office
SBS-1K_REV,8,Brooke Bond,12.96454,77.74869,brooke bond
SBS-1K_REV,9,Forum Mall,12.95943,77.7468,forum mall
SBS-1K_REV,10,Varthur Kodi,12.95664,77.74472,varthur kodi
SBS-1K_REV,11,Ramagondanahalli,12.95695,77.73949,ramagondanahalli
SBS-1K_REV,12,Siddapura,12.95607,77.73057,siddapura
SBS-1K_REV,13,Thubarahalli,12.95575,77.72042,thubarahalli
SBS-1K_REV,14,Kundalahalli Gate,12.95592,77.71378,kundalahalli gate
SBS-1K_REV,15,Munnekolalu Cross (Spice Garden),12.95634,77.70878,munnekolalu cross (spice garden)
SBS-1K_REV,16,Marathahalli Bridge,12.95694,77.70062,marathahalli bridge
SBS-1K_REV,17,Marathahalli,12.95611,77.69372,marathahalli
SBS-1K_REV,18,Yamalur Cross,12.95498,77.68756,yamalur cross
SBS-1K_REV,19,HAL Kalyana Mantap,12.95448,77.68225,hal kalyana mantap
SBS-1K_REV,20,Helicopter Division,12.95662,77.67535,helicopter division
SBS-1K_REV,21,HAL Main Gate,12.95854,77.66505,hal main gate
SBS-1K_REV,22,Konena Agrahara,12.95902,77.65946,konena agrahara
SBS-1K_REV,23,Murugeshpalya,12.95927,77.65611,murugeshpalya
SBS-1K_REV,24,NAL Manipal Hospital,12.95961,77.64991,nal manipal hospital
SBS-1K_REV,25,Kodihalli,12.95997,77.64687,kodihalli
SBS-1K_REV,26,Domlur Flyover,12.96045,77.64251,domlur flyover
SBS-1K_REV,27,Domlur,12.96122,77.63667,domlur
SBS-1K_REV,28,Commando Hospital,12.96271,77.62756,commando hospital
SBS-1K_REV,29,Military Accounts Office,12.96691,77.62117,military accounts office
SBS-1K_REV,30,Trinity Circle,12.97071,77.61959,trinity circle
SBS-1K_REV,31,Electric B Station,12.97405,77.61394,electric b station
SBS-1K_REV,32,Manipal Centre MG Road,12.97552,77.61356,manipal centre mg road
SBS-1K_REV,33,Maniksha Parade Ground,12.97746,77.60771,maniksha parade ground
SBS-1K_REV,34,BRV Talkies Cubbon Road,12.97911,77.60273,brv talkies cubbon road
SBS-1K_REV,35,Shivajinagara Bus Station,12.98328,77.60304,shivajinagara bus station
TR-4_REV,1,Nagavara,13.03825,77.62352,nagavara
TR-4_REV,2,Glass Factory,13.03429,77.62277,glass factory
TR-4_REV,3,Govindapura Cross,13.03249,77.62209,govindapura cross
TR-4_REV,4,Arebic College,13.03049,77.62121,arebic college
TR-4_REV,5,Kadugondanahalli Railway Gate,13.02599,77.62003,kadugondanahalli railway gate
TR-4_REV,6,Kadugondanahalli Police Station,13.02128,77.61912,kadugondanahalli police station
TR-4_REV,7,Venkateshapura,13.0155,77.61762,venkateshapura
TR-4_REV,8,Postal and Telecom Colony,13.01201,77.61614,postal and telecom colony
TR-4_REV,9,Muslim Colony,13.01085,77.61541,muslim colony
TR-4_REV,10,Periyar Nagara Circle,13.00853,77.61328,periyar nagara circle
TR-4_REV,11,Canara Bank Tannery Road,13.00625,77.61245,canara bank tannery road
TR-4_REV,12,Doddy,13.00266,77.61215,doddy
TR-4_REV,13,Frazer Town,13.00115,77.61196,frazer town
TR-4_REV,14,Coles Park,12.99534,77.60829,coles park
TR-4_REV,15,Bamboo Bazaar,12.99208,77.60402,bamboo bazaar
TR-4_REV,16,CSI Hospital,12.98983,77.59938,csi hospital
TR-4_REV,17,Indian Express,12.98408,77.59827,indian express
TR-4_REV,18,Shivajinagara Bus Station,12.98396,77.60323,shivajinagara bus station
TR-4_REV,19,Indian Express,12.98393,77.5974,indian express
TR-4_REV,20,MG Statue (Chinnaswamy Stadium),12.97708,77.59921,mg statue (chinnaswamy stadium)
TR-4_REV,21,Museum,12.97397,77.59585,museum
TR-4_REV,22,St Josephs Indian School/ Malya Hospital,12.97052,77.5943,st josephs indian school/ malya hospital
TR-4_REV,23,Corporation,12.96701,77.58822,corporation
TR-4_REV,24,Town Hall,12.96355,77.58375,town hall
TR-4_REV,25,KR Market,12.96406,77.5768,kr market
TR-4_REV,26,Vinayaka Talkies,12.96333,77.56779,vinayaka talkies
TR-4_REV,27,CR Police Ground,12.96258,77.5601,cr police ground
TR-4_REV,28,Maramma Temple,12.96291,77.55872,maramma temple
TR-4_REV,29,Goripalya,12.96355,77.55783,goripalya
TR-4_REV,30,Jagajeevanram Nagara,12.96461,77.55486,jagajeevanram nagara
V-285M_REV,1,Doddaballapura Bus Stand,13.29346,77.54224,doddaballapura bus stand
V-285M_REV,2,D Cross Doddaballapura,13.30659,77.54594,d cross doddaballapura
V-285M_REV,3,Doddaballapura Railway Station,13.28041,77.55176,doddaballapura railway station
V-285M_REV,4,Aparel Park,13.27266,77.55205,aparel park
V-285M_REV,5,Navodaya School Doddaballapura,13.26922,77.5523,navodaya school doddaballapura
V-285M_REV,6,Bashettalli,13.26176,77.5527,bashettalli
V-285M_REV,7,Bank Circle Bashettyhalli,13.25811,77.55281,bank circle bashettyhalli
V-285M_REV,8,Railway Gate,13.25155,77.55394,railway gate
V-285M_REV,9,Jinke Bachahalli Gate,13.24607,77.5526,jinke bachahalli gate
V-285M_REV,10,Hosa Hudya,13.23656,77.55107,hosa hudya
V-285M_REV,11,Marasandra Govt School,13.23113,77.55027,marasandra govt school
V-285M_REV,12,Marasandra Circle,13.22281,77.54973,marasandra circle
V-285M_REV,13,Aradeshanahalli Gate,13.21648,77.55266,aradeshanahalli gate
V-285M_REV,14,YAPB Toll (Volvo),13.21308,77.55444,yapb toll (volvo)
V-285M_REV,15,Suradenapura Gate,13.20445,77.55912,suradenapura gate
V-285M_REV,16,Sri Ramanahalli,13.19517,77.56296,sri ramanahalli
V-285M_REV,17,Rajanukunte,13.17167,77.56446,rajanukunte
V-285M_REV,18,Honnenahalli,13.16003,77.56665,honnenahalli
V-285M_REV,19,Singanayakanahalli Gate,13.1477,77.56982,singanayakanahalli gate
V-285M_REV,20,Avalahalli,13.13538,77.56924,avalahalli
V-285M_REV,21,Nagenahalli Gate,13.13007,77.57144,nagenahalli gate
V-285M_REV,22,C R P F Yelahanka,13.12298,77.57554,c r p f yelahanka
V-285M_REV,23,Ananthapura Gate,13.11478,77.57907,ananthapura gate
V-285M_REV,24,Puttenahalli,13.11016,77.58024,puttenahalli
V-285M_REV,25,Wheel And Axle Plant,13.10603,77.58227,wheel and axle plant
V-285M_REV,26,Escorts,13.10278,77.58564,escorts
V-285M_REV,27,Sheshadripuram College,13.10041,77.58864,sheshadripuram college
V-285M_REV,28,NES Office,13.09784,77.59167,nes office
V-285M_REV,29,Yalahanka Police Station,13.09478,77.59442,yalahanka police station
V-285M_REV,30,Allalasandra Gate,13.08686,77.59386,allalasandra gate
V-285M_REV,31,Jakkur Aerodrum,13.07701,77.59301,jakkur aerodrum
V-285M_REV,32,GKVK GATE,13.07276,77.59292,gkvk gate
V-285M_REV,33,Byatarayanapura,13.06693,77.59337,byatarayanapura
V-285M_REV,34,Kodigehalli Gate,13.05734,77.59362,kodigehalli gate
V-285M_REV,35,Military Dairy Farm (Esteem Mall),13.04974,77.59287,military dairy farm (esteem mall)
V-285M_REV,36,Hebbala,13.03917,77.58951,hebbala
V-285M_REV,37,Canara Bank Hebbala,13.0357,77.58909,canara bank hebbala
V-285M_REV,38,Veterinary Hospital,13.03018,77.58697,veterinary hospital
V-285M_REV,39,CBI,13.02653,77.58565,cbi
V-285M_REV,40,Mekhri Circle,13.01756,77.584,mekhri circle
V-285M_REV,41,Palace Ground,13.01061,77.58399,palace ground
V-285M_REV,42,RM Guttahalli,13.00009,77.58425,rm guttahalli
V-285M_REV,43,Shivananda Store,12.98666,77.57938,shivananda store
V-285M_REV,44,Swastik Sheshadripuram College,12.98798,77.57422,swastik sheshadripuram college
V-285M_REV,45,Central,12.9898,77.57204,central
V-285M_REV,46,Kempegowda Bus Station,12.97749,77.57327,kempegowda bus station
V-300MV_REV,1,Kempegowda Bus Station,12.97749,77.57327,kempegowda bus station
V-300MV_REV,2,Cauvery Bhavana,12.97372,77.58157,cauvery bhavana
V-300MV_REV,3,Maharani College,12.97697,77.58567,maharani college
V-300MV_REV,4,Vidhana Soudha Karnataka High Court,12.97821,77.59135,vidhana soudha karnataka high court
V-300MV_REV,5,Indian Express,12.98362,77.59646,indian express
V-300MV_REV,6,CSI Hospital,12.98983,77.59938,csi hospital
V-300MV_REV,7,Bamboo Bazaar,12.99208,77.60402,bamboo bazaar
V-300MV_REV,8,Coles Park,12.99534,77.60829,coles park
V-300MV_REV,9,Coles Road,12.99632,77.61247,coles road
V-300MV_REV,10,Mosque Road,13.00032,77.61609,mosque road
V-300MV_REV,11,ITC Factory,12.9986,77.62211,itc factory
V-300MV_REV,12,Jai Bharath Nagara,13.00158,77.63079,jai bharath nagara
V-300MV_REV,13,Maruthi Sevanagara,13.00241,77.63435,maruthi sevanagara
V-300MV_REV,14,Sir M Vishweshwaraiah Railway Station,12.99966,77.64099,sir m vishweshwaraiah railway station
V-331A_REV,1,Kadugodi Bus Station,12.99563,77.75855,kadugodi bus station
V-331A_REV,2,Kadugodi Bridge,12.99439,77.75775,kadugodi bridge
V-331A_REV,3,Hope Farm,12.9839,77.75189,hope farm
V-331A_REV,4,BPL,12.98531,77.74768,bpl
V-331A_REV,5,GR Tech Park ITPL,12.98666,77.74351,gr tech park itpl
V-331A_REV,6,ITPL,12.98754,77.73636,itpl
V-331A_REV,7,Pattandur Agrahara Gate,12.9878,77.73366,pattandur agrahara gate
V-331A_REV,8,ITPL Back Gate Big Bazzar,12.9863,77.73171,itpl back gate big bazzar
V-331A_REV,9,Sathya Sai Hospital,12.98263,77.72823,sathya sai hospital
V-331A_REV,10,White Field Bus Station (Vydehi Hospital),12.97642,77.72684,white field bus station (vydehi hospital)
V-331A_REV,11,KTPO,12.9768,77.72242,ktpo
V-331A_REV,12,I Gate,12.97717,77.71882,i gate
V-331A_REV,13,Kundalahalli Metro Station,12.97737,77.71639,kundalahalli metro station
V-331A_REV,14,SAP Labs,12.97765,77.71448,sap labs
V-331A_REV,15,Graphite India,12.97705,77.71005,graphite india
V-331A_REV,16,Kundalahalli Colony,12.97052,77.71245,kundalahalli colony
V-331A_REV,17,CMRIT College,12.96763,77.71447,cmrit college
V-331A_REV,18,AECS Layout Cross,12.96495,77.71832,aecs layout cross
V-331A_REV,19,BEML Layout Gate,12.96054,77.7165,beml layout gate
V-331A_REV,20,Kundalahalli,12.95815,77.71571,kundalahalli
V-331A_REV,21,Kundalahalli Gate,12.95592,77.71378,kundalahalli gate
V-331A_REV,22,Munnekolalu Cross (Spice Garden),12.95634,77.70878,munnekolalu cross (spice garden)
V-331A_REV,23,Marathahalli Bridge,12.95694,77.70062,marathahalli bridge
V-331A_REV,24,Marathahalli,12.95611,77.69372,marathahalli
V-331A_REV,25,Yamalur Cross,12.95498,77.68756,yamalur cross
V-331A_REV,26,HAL Kalyana Mantap,12.95448,77.68225,hal kalyana mantap
V-331A_REV,27,Helicopter Division,12.95662,77.67535,helicopter division
V-331A_REV,28,HAL Main Gate,12.95854,77.66505,hal main gate
V-331A_REV,29,Konena Agrahara,12.95902,77.65946,konena agrahara
V-331A_REV,30,Murugeshpalya,12.95927,77.65611,murugeshpalya
V-331A_REV,31,NAL Manipal Hospital,12.95961,77.64991,nal manipal hospital
V-331A_REV,32,Kodihalli,12.95997,77.64687,kodihalli
V-331A_REV,33,Domlur Flyover,12.96045,77.64251,domlur flyover
V-331A_REV,34,Domlur,12.96122,77.63667,domlur
V-331A_REV,35,Commando Hospital,12.96271,77.62756,commando hospital
V-331A_REV,36,Military Accounts Office,12.96707,77.6203,military accounts office
V-331A_REV,37,Trinity Circle,12.97071,77.61959,trinity circle
V-331A_REV,38,Manipal Centre MG Road,12.97552,77.61356,manipal centre mg road
V-331A_REV,39,Maniksha Parade Ground,12.97746,77.60771,maniksha parade ground
V-331A_REV,40,Shivajinagara Bus Station,12.98328,77.60304,shivajinagara bus station
V-342F_REV,1,Sarjapura,12.86125,77.78568,sarjapura
V-342F_REV,2,Sarjapura Circle,12.86089,77.78331,sarjapura circle
V-342F_REV,3,Sompura Gate,12.86202,77.772,sompura gate
V-342F_REV,4,Crystal Apartment Sarjapura Road,12.8677,77.76709,crystal apartment sarjapura road
V-342F_REV,5,Yamare,12.87198,77.76652,yamare
V-342F_REV,6,Chambenahalli,12.87932,77.7616,chambenahalli
V-342F_REV,7,Thigalara Chowdenahalli Cross,12.88176,77.75687,thigalara chowdenahalli cross
V-342F_REV,8,Dommasandra,12.87953,77.75375,dommasandra
V-342F_REV,9,Dommasandra Circle,12.88311,77.75246,dommasandra circle
V-342F_REV,10,Muttanalluru Cross,12.88733,77.73836,muttanalluru cross
V-342F_REV,11,Sulikunte,12.89228,77.72851,sulikunte
V-342F_REV,12,Kodathi Gate,12.89653,77.7203,kodathi gate
V-342F_REV,13,Sarjapura Wipro Campus,12.89886,77.71369,sarjapura wipro campus
V-342F_REV,14,Ambedkar Nagara,12.89914,77.71286,ambedkar nagara
V-342F_REV,15,Carmelram Gate,12.90343,77.70399,carmelram gate
V-342F_REV,16,Doddakannalli,12.90719,77.69557,doddakannalli
V-342F_REV,17,Radhareddy Layout,12.90869,77.68985,radhareddy layout
V-342F_REV,18,Junnasandra Gate Wipro Regional Office,12.91068,77.68451,junnasandra gate wipro regional office
V-342F_REV,19,Kaikondrahalli,12.91392,77.67761,kaikondrahalli
V-342F_REV,20,Bellanduru Gate SJP Road,12.91864,77.66931,bellanduru gate sjp road
V-342F_REV,21,Ibbaluru,12.92135,77.66195,ibbaluru
V-342F_REV,22,Agara Junction,12.92464,77.64937,agara junction
V-342F_REV,23,Jakkasandra,12.92454,77.63826,jakkasandra
V-342F_REV,24,Koramangala 1st Block,12.9249,77.63458,koramangala 1st block
V-342F_REV,25,St francis College,12.92432,77.63124,st francis college
V-342F_REV,26,Kudure Mukha Colony,12.92553,77.62563,kudure mukha colony
V-342F_REV,27,Koramangala Water Tank,12.92753,77.62075,koramangala water tank
V-342F_REV,28,St Johns Hospital,12.92933,77.61594,st johns hospital
V-342F_REV,29,Hosur Road junction,12.93201,77.61316,hosur road junction
V-342F_REV,30,Muneshwara Devasthana,12.93638,77.60651,muneshwara devasthana
V-342F_REV,31,Bengaluru Dairy Circle,12.93709,77.60105,bengaluru dairy circle
V-342F_REV,32,Nimhans Hospital,12.93871,77.59824,nimhans hospital
V-342F_REV,33,Lakkasandra,12.94383,77.59713,lakkasandra
V-342F_REV,34,Wilson Garden 10th Cross,12.9467,77.59608,wilson garden 10th cross
V-342F_REV,35,Wilson Garden Police Station,12.95064,77.59558,wilson garden police station
V-342F_REV,36,Shanthinagara Bus Station,12.95483,77.59235,shanthinagara bus station
V-342F_REV,37,KH Road,12.95815,77.59299,kh road
V-342F_REV,38,Pallavi Talkies,12.9679,77.59102,pallavi talkies
V-342F_REV,39,Corporation,12.96839,77.58675,corporation
V-342F_REV,40,Mysore Bank,12.97253,77.58199,mysore bank
V-342F_REV,41,Kempegowda Bus Station,12.97749,77.57327,kempegowda bus station
V-356M_REV,1,Anekal,12.70939,77.69641,anekal
V-356M_REV,2,Chowdareddy Circle,12.71125,77.69931,chowdareddy circle
V-356M_REV,3,Anekal Circle,12.71674,77.70009,anekal circle
V-356M_REV,4,Janatha Colony,12.72419,77.70376,janatha colony
V-356M_REV,5,Kavala Hosahalli,12.72591,77.70433,kavala hosahalli
V-356M_REV,6,Chikka Hagade Gate,12.73141,77.70639,chikka hagade gate
V-356M_REV,7,Karpura Gate,12.73568,77.70798,karpura gate
V-356M_REV,8,Avadadenahalli Gate,12.74649,77.7078,avadadenahalli gate
V-356M_REV,9,Byagadadenahalli Gate,12.75211,77.70668,byagadadenahalli gate
V-356M_REV,10,VBHC Apartment Gate,12.7574,77.70466,vbhc apartment gate
V-356M_REV,11,RK Farm,12.75903,77.70379,rk farm
V-356M_REV,12,Marsuru Gate,12.76964,77.70141,marsuru gate
V-356M_REV,13,Ramakrishnapura Gate,12.77889,77.70211,ramakrishnapura gate
V-356M_REV,14,Iggluru,12.7865,77.70328,iggluru
V-356M_REV,15,Surya Nagara,12.79071,77.70562,surya nagara
V-356M_REV,16,Suryacity Gate,12.79258,77.70601,suryacity gate
V-356M_REV,17,Chandapura KEB,12.79852,77.70598,chandapura keb
V-356M_REV,18,Chandapura,12.80227,77.7045,chandapura
V-356M_REV,19,Hennagara Gate,12.80586,77.69939,hennagara gate
V-356M_REV,20,BTL College,12.8117,77.69472,btl college
V-356M_REV,21,Bommasandra,12.81932,77.68858,bommasandra
V-356M_REV,22,Hebbagodi,12.8257,77.683,hebbagodi
V-356M_REV,23,SFS High School Hebbagodi,12.83342,77.6801,sfs high school hebbagodi
V-356M_REV,24,Huskur Gate,12.83603,77.67916,huskur gate
V-356M_REV,25,Veerasandra,12.84012,77.67674,veerasandra
V-356M_REV,26,Electronic City,12.84756,77.6707,electronic city
V-356M_REV,27,Konappana Agarhara,12.8548,77.66502,konappana agarhara
V-356M_REV,29,Hosa Road,12.86988,77.65299,hosa road
V-356M_REV,30,Singasandra,12.8774,77.64704,singasandra
V-356M_REV,31,Kudlu Gate,12.88977,77.63918,kudlu gate
V-356M_REV,32,Garvebhavipalya,12.89609,77.63534,garvebhavipalya
V-356M_REV,33,Bommanahalli,12.90477,77.62999,bommanahalli
V-356M_REV,34,Roopena Agrahara,12.91158,77.62579,roopena agrahara
V-356M_REV,35,Madivala,12.92023,77.62066,madivala
V-356M_REV,36,Ayyappaswamy Temple Madivala,12.92478,77.61791,ayyappaswamy temple madivala
V-356M_REV,37,St Johns Hospital,12.92909,77.61531,st johns hospital
V-356M_REV,38,Hosur Road junction,12.93201,77.61316,hosur road junction
V-356M_REV,39,Muneshwara Devasthana,12.93638,77.60651,muneshwara devasthana
V-356M_REV,40,Bengaluru Dairy Circle,12.93709,77.60105,bengaluru dairy circle
V-356M_REV,41,Nimhans Hospital,12.93871,77.59824,nimhans hospital
V-356M_REV,42,Lakkasandra,12.94383,77.59713,lakkasandra
V-356M_REV,43,7th Cross Wilson Garden,12.94699,77.59436,7th cross wilson garden
V-356M_REV,44,Lalbagh Hopcoms,12.95122,77.59132,lalbagh hopcoms
V-356M_REV,45,Lalbagh Main Gate,12.95427,77.58449,lalbagh main gate
V-356M_REV,46,Town Hall,12.96361,77.58515,town hall
V-356M_REV,47,Corporation,12.96839,77.58675,corporation
V-356M_REV,48,Mysore Bank,12.97253,77.58199,mysore bank
V-356M_REV,49,Kempegowda Bus Station,12.97749,77.57327,kempegowda bus station
V-360B_REV,1,Attibele Bus Stand,12.77865,77.77077,attibele bus stand
V-360B_REV,2,Yadavanahalli,12.78543,77.75071,yadavanahalli
V-360B_REV,3,Guestline Hotel,12.78658,77.74192,guestline hotel
V-360B_REV,4,Guddahatti Gate,12.78847,77.73576,guddahatti gate
V-360B_REV,5,Neraluru Gate,12.79217,77.72813,neraluru gate
V-360B_REV,6,Tirumagondanahalli,12.79438,77.72032,tirumagondanahalli
V-360B_REV,7,Hale Chandapura,12.80167,77.71143,hale chandapura
V-360B_REV,8,Chandapura,12.80227,77.7045,chandapura
V-360B_REV,9,Hennagara Gate,12.80586,77.69939,hennagara gate
V-360B_REV,10,BTL College,12.8117,77.69472,btl college
V-360B_REV,11,Bommasandra,12.81932,77.68858,bommasandra
V-360B_REV,12,Hebbagodi,12.8257,77.683,hebbagodi
V-360B_REV,13,SFS High School Hebbagodi,12.83342,77.6801,sfs high school hebbagodi
V-360B_REV,14,Huskur Gate,12.83603,77.67916,huskur gate
V-360B_REV,15,Veerasandra,12.84012,77.67674,veerasandra
V-360B_REV,16,Electronic City,12.84756,77.6707,electronic city
V-360B_REV,17,Konappana Agarhara,12.8548,77.66502,konappana agarhara
V-360B_REV,19,Hosa Road,12.86988,77.65299,hosa road
V-360B_REV,20,Singasandra,12.8774,77.64704,singasandra
V-360B_REV,21,Kudlu Gate,12.88977,77.63918,kudlu gate
V-360B_REV,22,Garvebhavipalya,12.89609,77.63534,garvebhavipalya
V-360B_REV,23,Bommanahalli,12.90477,77.62999,bommanahalli
V-360B_REV,24,Roopena Agrahara,12.91158,77.62579,roopena agrahara
V-360B_REV,25,Madivala,12.92023,77.62066,madivala
V-360B_REV,26,St Johns Hospital,12.92909,77.61531,st johns hospital
V-360B_REV,27,Hosur Road junction,12.93201,77.61316,hosur road junction
V-360B_REV,28,Muneshwara Devasthana,12.93638,77.60651,muneshwara devasthana
V-360B_REV,29,Bengaluru Dairy Circle,12.93709,77.60105,bengaluru dairy circle
V-360B_REV,30,Nimhans Hospital,12.93871,77.59824,nimhans hospital
V-360B_REV,31,Lakkasandra,12.94383,77.59713,lakkasandra
V-360B_REV,32,Wilson Garden 10th Cross,12.9467,77.59608,wilson garden 10th cross
V-360B_REV,33,Wilson Garden Police Station,12.95064,77.59558,wilson garden police station
V-360B_REV,34,Shanthinagara Bus Station,12.95483,77.59235,shanthinagara bus station
V-360B_REV,35,KH Road,12.95815,77.59299,kh road
V-360B_REV,36,Pallavi Talkies,12.9679,77.59102,pallavi talkies
V-360B_REV,37,Corporation,12.96839,77.58675,corporation
V-360B_REV,38,Mysore Bank,12.97253,77.58199,mysore bank
V-360B_REV,39,Kempegowda Bus Station,12.97749,77.57327,kempegowda bus station
V-500A_REV,1,Banashankari Bus Station,12.91736,77.5727,banashankari bus station
V-500A_REV,2,Sangam Circle,12.91704,77.57875,sangam circle
V-500A_REV,3,Jayanagara 5th Block,12.91701,77.58413,jayanagara 5th block
V-500A_REV,4,Marenahalli (Marenahalli Metro Station),12.91688,77.58858,marenahalli (marenahalli metro station)
V-500A_REV,5,Ragigudda Temple,12.91678,77.59349,ragigudda temple
V-500A_REV,6,East End Jayanagara,12.91671,77.59629,east end jayanagara
V-500A_REV,7,MICO Layout BTM,12.91657,77.60427,mico layout btm
V-500A_REV,8,BTM Layout Water Tank,12.91654,77.60711,btm layout water tank
V-500A_REV,9,BTM Layout 16th Main,12.9165,77.60932,btm layout 16th main
V-500A_REV,10,Kuvempunagara Bus Station(BTM Layout),12.91597,77.61623,kuvempunagara bus station(btm layout)
V-500A_REV,11,Central Silk Board,12.91689,77.62177,central silk board
V-500A_REV,12,SI Apartment HSR Layout,12.91668,77.6294,si apartment hsr layout
V-500A_REV,13,14th Main HSR Layout,12.91619,77.63521,14th main hsr layout
V-500A_REV,14,Depot-25 Gate (Central Silk Board),12.91952,77.64294,depot-25 gate (central silk board)
V-500A_REV,15,Agara Junction,12.92433,77.65073,agara junction
V-500A_REV,16,Ibbaluru,12.92129,77.66217,ibbaluru
V-500A_REV,17,Sarjapura Ring Road Junction,12.92203,77.66825,sarjapura ring road junction
V-500A_REV,18,Bellanduru Petrol Bunk,12.92309,77.6705,bellanduru petrol bunk
V-500A_REV,19,Bellanduru City Light Appartment,12.92412,77.67278,bellanduru city light appartment
V-500A_REV,20,Eco Space,12.92776,77.68049,eco space
V-500A_REV,21,Devarabisanahalli Ring Road,12.93145,77.68686,devarabisanahalli ring road
V-500A_REV,22,New Horizon College,12.93544,77.69123,new horizon college
V-500A_REV,23,Kadubisanahalli,12.94259,77.69717,kadubisanahalli
V-500A_REV,24,Multiplex Marathahalli,12.95227,77.70002,multiplex marathahalli
V-500A_REV,25,Kalamandira Marathahalli Bridge,12.95993,77.70143,kalamandira marathahalli bridge
V-500A_REV,26,Karthik Nagara,12.96821,77.7017,karthik nagara
V-500A_REV,27,Dodda Nekkundi Bridge/Rainbow Hospital,12.97499,77.69764,dodda nekkundi bridge/rainbow hospital
V-500A_REV,28,EMC2,12.98256,77.69301,emc2
V-500A_REV,29,Mahadevapura Ring Road,12.98823,77.6895,mahadevapura ring road
V-500A_REV,30,B Narayanapura Ring Road,12.99583,77.68417,b narayanapura ring road
V-500A_REV,31,KR Pura Railway Station,13.00022,77.67597,kr pura railway station
V-500A_REV,32,Tin Factory,12.99698,77.66937,tin factory
V-500A_REV,33,Kasthurinagara,13.004,77.66328,kasthurinagara
V-500A_REV,34,B Channasandra Bridge(Ramamurthy Nagara Ring Road),13.01128,77.66242,b channasandra bridge(ramamurthy nagara ring road)
V-500A_REV,35,Vijaya Bank Colony Ring Road,13.01726,77.65992,vijaya bank colony ring road
V-500A_REV,36,Horamavu Signal,13.01966,77.65437,horamavu signal
V-500A_REV,37,Babusabpalya,13.02274,77.64721,babusabpalya
V-500A_REV,38,Kalyananagara,13.02654,77.63688,kalyananagara
V-500A_REV,39,Hennur Junction,13.02964,77.63134,hennur junction
V-500A_REV,40,HBR Layout,13.03517,77.62857,hbr layout
V-500A_REV,41,Nagawara Junction,13.0402,77.62454,nagawara junction
V-500A_REV,42,Manyatha Tech Park,13.0412,77.62095,manyatha tech park
V-500A_REV,43,Veerannapalya,13.04231,77.61382,veerannapalya
V-500A_REV,44,Kempapura,13.04379,77.6005,kempapura
V-500A_REV,45,Hebbala Bridge,13.04259,77.5925,hebbala bridge
V-500CA_REV,1,ITPL,12.98754,77.73636,itpl
V-500CA_REV,2,Pattandur Agrahara Gate,12.9878,77.73366,pattandur agrahara gate
V-500CA_REV,3,Big Bazzar  ITPL,12.98795,77.7318,big bazzar  itpl
V-500CA_REV,4,ITPL Back Gate Big Bazzar,12.9863,77.73171,itpl back gate big bazzar
V-500CA_REV,5,Sathya Sai Hospital,12.98263,77.72823,sathya sai hospital
V-500CA_REV,6,White Field Bus Station (Vydehi Hospital),12.97642,77.72684,white field bus station (vydehi hospital)
V-500CA_REV,7,KTPO,12.9768,77.72242,ktpo
V-500CA_REV,8,I Gate,12.97717,77.71882,i gate
V-500CA_REV,9,Kundalahalli Metro Station,12.97737,77.71639,kundalahalli metro station
V-500CA_REV,10,SAP Labs,12.97765,77.71448,sap labs
V-500CA_REV,11,Graphite India,12.97705,77.71005,graphite india
V-500CA_REV,12,Kundalahalli Colony,12.97052,77.71245,kundalahalli colony
V-500CA_REV,13,CMRIT College,12.96763,77.71447,cmrit college
V-500CA_REV,14,AECS Layout Cross,12.96495,77.71832,aecs layout cross
V-500CA_REV,15,BEML Layout Gate,12.96054,77.7165,beml layout gate
V-500CA_REV,16,Kundalahalli,12.95815,77.71571,kundalahalli
V-500CA_REV,17,Kundalahalli Gate,12.95592,77.71378,kundalahalli gate
V-500CA_REV,18,Munnekolalu Cross (Spice Garden),12.95634,77.70878,munnekolalu cross (spice garden)
V-500CA_REV,19,Marathahalli Bridge,12.95671,77.70131,marathahalli bridge
V-500CA_REV,20,Multiplex Marathahalli,12.95227,77.70002,multiplex marathahalli
V-500CA_REV,21,Kadubisanahalli,12.94259,77.69717,kadubisanahalli
V-500CA_REV,22,New Horizon College,12.93544,77.69123,new horizon college
V-500CA_REV,23,Devarabisanahalli Ring Road,12.93145,77.68686,devarabisanahalli ring road
V-500CA_REV,24,Eco Space,12.92776,77.68049,eco space
V-500CA_REV,25,Bellanduru City Light Appartment,12.92412,77.67278,bellanduru city light appartment
V-500CA_REV,26,Bellanduru Petrol Bunk,12.92309,77.6705,bellanduru petrol bunk
V-500CA_REV,27,Sarjapura Ring Road Junction,12.92203,77.66825,sarjapura ring road junction
V-500CA_REV,28,Ibbaluru,12.92129,77.66217,ibbaluru
V-500CA_REV,29,Agara Junction,12.92433,77.65073,agara junction
V-500CA_REV,30,Depot-25 Gate (Central Silk Board),12.91952,77.64294,depot-25 gate (central silk board)
V-500CA_REV,31,14th Main HSR Layout,12.91619,77.63521,14th main hsr layout
V-500CA_REV,32,SI Apartment HSR Layout,12.91668,77.6294,si apartment hsr layout
V-500CA_REV,33,Central Silk Board,12.91689,77.62177,central silk board
V-500CA_REV,34,Kuvempunagara Bus Station(BTM Layout),12.91597,77.61623,kuvempunagara bus station(btm layout)
V-500CA_REV,35,BTM Layout 16th Main,12.9165,77.60932,btm layout 16th main
V-500CA_REV,36,BTM Layout Water Tank,12.91654,77.60711,btm layout water tank
V-500CA_REV,37,MICO Layout BTM,12.91657,77.60427,mico layout btm
V-500CA_REV,38,East End Jayanagara,12.91671,77.59629,east end jayanagara
V-500CA_REV,39,Ragigudda Temple,12.91678,77.59349,ragigudda temple
V-500CA_REV,40,Marenahalli (Marenahalli Metro Station),12.91688,77.58858,marenahalli (marenahalli metro station)
V-500CA_REV,41,Jayanagara 5th Block,12.91701,77.58413,jayanagara 5th block
V-500CA_REV,42,Sangam Circle,12.91704,77.57875,sangam circle
V-500CA_REV,43,Banashankari Bus Station,12.91736,77.5727,banashankari bus station
V-500CK_REV,1,Banashankari Bus Station,12.91736,77.5727,banashankari bus station
V-500CK_REV,2,Sangam Circle,12.91704,77.57875,sangam circle
V-500CK_REV,3,Jayanagara 5th Block,12.91701,77.58413,jayanagara 5th block
V-500CK_REV,4,Marenahalli (Marenahalli Metro Station),12.91688,77.58858,marenahalli (marenahalli metro station)
V-500CK_REV,5,Ragigudda Temple,12.91678,77.59349,ragigudda temple
V-500CK_REV,6,East End Jayanagara,12.91671,77.59629,east end jayanagara
V-500CK_REV,7,MICO Layout BTM,12.91657,77.60427,mico layout btm
V-500CK_REV,8,BTM Layout Water Tank,12.91654,77.60711,btm layout water tank
V-500CK_REV,9,Kuvempunagara Bus Station(BTM Layout),12.91597,77.61623,kuvempunagara bus station(btm layout)
V-500CK_REV,10,BTM Layout 16th Main,12.9165,77.60932,btm layout 16th main
V-500CK_REV,11,Central Silk Board,12.91689,77.62177,central silk board
V-500CK_REV,12,SI Apartment HSR Layout,12.91668,77.6294,si apartment hsr layout
V-500CK_REV,13,14th Main HSR Layout,12.91619,77.63521,14th main hsr layout
V-500CK_REV,14,Depot-25 Gate (Central Silk Board),12.91952,77.64294,depot-25 gate (central silk board)
V-500CK_REV,15,Agara Junction,12.92433,77.65073,agara junction
V-500CK_REV,16,Ibbaluru,12.92129,77.66217,ibbaluru
V-500CK_REV,17,Sarjapura Ring Road Junction,12.92203,77.66825,sarjapura ring road junction
V-500CK_REV,18,Bellanduru Petrol Bunk,12.92309,77.6705,bellanduru petrol bunk
V-500CK_REV,19,Bellanduru City Light Appartment,12.92412,77.67278,bellanduru city light appartment
V-500CK_REV,20,Eco Space,12.92776,77.68049,eco space
V-500CK_REV,21,Devarabisanahalli Ring Road,12.93145,77.68686,devarabisanahalli ring road
V-500CK_REV,22,New Horizon College,12.93544,77.69123,new horizon college
V-500CK_REV,23,Kadubisanahalli,12.94259,77.69717,kadubisanahalli
V-500CK_REV,24,Multiplex Marathahalli,12.95227,77.70002,multiplex marathahalli
V-500CK_REV,25,Marathahalli Bridge,12.95671,77.70131,marathahalli bridge
V-500CK_REV,26,Munnekolalu Cross (Spice Garden),12.95634,77.70878,munnekolalu cross (spice garden)
V-500CK_REV,27,Kundalahalli Gate,12.95592,77.71378,kundalahalli gate
V-500CK_REV,28,Kundalahalli,12.95815,77.71571,kundalahalli
V-500CK_REV,29,BEML Layout Gate,12.96054,77.7165,beml layout gate
V-500CK_REV,30,AECS Layout Cross,12.96495,77.71832,aecs layout cross
V-500CK_REV,31,CMRIT College,12.96763,77.71447,cmrit college
V-500CK_REV,32,Kundalahalli Colony,12.97052,77.71245,kundalahalli colony
V-500CK_REV,33,Graphite India,12.97705,77.71005,graphite india
V-500CK_REV,34,SAP Labs,12.97765,77.71448,sap labs
V-500CK_REV,35,Kundalahalli Metro Station,12.97737,77.71639,kundalahalli metro station
V-500CK_REV,36,I Gate,12.97717,77.71882,i gate
V-500CK_REV,37,KTPO,12.9768,77.72242,ktpo
V-500CK_REV,38,White Field Bus Station (Vydehi Hospital),12.97642,77.72684,white field bus station (vydehi hospital)
V-500CK_REV,39,Sathya Sai Hospital,12.98263,77.72823,sathya sai hospital
V-500CK_REV,40,ITPL Back Gate Big Bazzar,12.9863,77.73171,itpl back gate big bazzar
V-500CK_REV,41,Pattandur Agrahara Gate,12.9878,77.73366,pattandur agrahara gate
V-500CK_REV,42,ITPL,12.98754,77.73636,itpl
V-500CK_REV,43,GR Tech Park ITPL,12.98666,77.74351,gr tech park itpl
V-500CK_REV,44,BPL,12.98531,77.74768,bpl
V-500CK_REV,45,Hope Farm,12.9839,77.75189,hope farm
V-500CK_REV,46,Kadugodi Bridge,12.99439,77.75775,kadugodi bridge
V-500CK_REV,47,Kadugodi Bus Station,12.99563,77.75855,kadugodi bus station
V-500D_REV,1,Central Silk Board,12.91736,77.6236,central silk board
V-500D_REV,2,SI Apartment HSR Layout,12.91668,77.6294,si apartment hsr layout
V-500D_REV,3,14th Main HSR Layout,12.91619,77.63521,14th main hsr layout
V-500D_REV,4,Depot-25 Gate (Central Silk Board),12.91952,77.64294,depot-25 gate (central silk board)
V-500D_REV,5,Agara Junction,12.92433,77.65073,agara junction
V-500D_REV,6,Ibbaluru,12.92129,77.66217,ibbaluru
V-500D_REV,7,Sarjapura Ring Road Junction,12.92203,77.66825,sarjapura ring road junction
V-500D_REV,8,Bellanduru Petrol Bunk,12.92309,77.6705,bellanduru petrol bunk
V-500D_REV,9,Bellanduru City Light Appartment,12.92412,77.67278,bellanduru city light appartment
V-500D_REV,10,Eco Space,12.92776,77.68049,eco space
V-500D_REV,11,Devarabisanahalli Ring Road,12.93145,77.68686,devarabisanahalli ring road
V-500D_REV,12,New Horizon College,12.93544,77.69123,new horizon college
V-500D_REV,13,Kadubisanahalli,12.94259,77.69717,kadubisanahalli
V-500D_REV,14,Multiplex Marathahalli,12.95227,77.70002,multiplex marathahalli
V-500D_REV,15,Kalamandira Marathahalli Bridge,12.95993,77.70143,kalamandira marathahalli bridge
V-500D_REV,16,Karthik Nagara,12.96821,77.7017,karthik nagara
V-500D_REV,17,Dodda Nekkundi Bridge/Rainbow Hospital,12.97499,77.69764,dodda nekkundi bridge/rainbow hospital
V-500D_REV,18,EMC2,12.98256,77.69301,emc2
V-500D_REV,19,Mahadevapura Ring Road,12.98823,77.6895,mahadevapura ring road
V-500D_REV,20,B Narayanapura Ring Road,12.99583,77.68417,b narayanapura ring road
V-500D_REV,21,KR Pura Railway Station,13.00022,77.67597,kr pura railway station
V-500D_REV,22,Tin Factory,12.99698,77.66937,tin factory
V-500D_REV,23,Kasthurinagara,13.004,77.66328,kasthurinagara
V-500D_REV,24,B Channasandra Bridge(Ramamurthy Nagara Ring Road),13.01128,77.66242,b channasandra bridge(ramamurthy nagara ring road)
V-500D_REV,25,Vijaya Bank Colony Ring Road,13.01726,77.65992,vijaya bank colony ring road
V-500D_REV,26,Horamavu Signal,13.01966,77.65437,horamavu signal
V-500D_REV,27,Babusabpalya,13.02274,77.64721,babusabpalya
V-500D_REV,28,Kalyananagara,13.02654,77.63688,kalyananagara
V-500D_REV,29,Hennur Junction,13.02964,77.63134,hennur junction
V-500D_REV,30,HBR Layout,13.03517,77.62857,hbr layout
V-500D_REV,31,Nagawara Junction,13.0402,77.62454,nagawara junction
V-500D_REV,32,Manyatha Tech Park,13.0412,77.62095,manyatha tech park
V-500D_REV,33,Veerannapalya,13.04231,77.61382,veerannapalya
V-500D_REV,34,Kempapura,13.04379,77.6005,kempapura
V-500D_REV,35,Hebbala Bridge,13.04259,77.5925,hebbala bridge
V-500F_REV,1,Kadugodi Bus Station,12.99563,77.75855,kadugodi bus station
V-500F_REV,2,Kadugodi Bridge,12.99439,77.75775,kadugodi bridge
V-500F_REV,3,Hope Farm,12.9839,77.75189,hope farm
V-500F_REV,4,BPL,12.98531,77.74768,bpl
V-500F_REV,5,GR Tech Park ITPL,12.98666,77.74351,gr tech park itpl
V-500F_REV,6,ITPL,12.98754,77.73636,itpl
V-500F_REV,7,Pattandur Agrahara Gate,12.9878,77.73366,pattandur agrahara gate
V-500F_REV,8,Big Bazzar  ITPL,12.98795,77.7318,big bazzar  itpl
V-500F_REV,9,Sathya Sai Hospital,12.98263,77.72823,sathya sai hospital
V-500F_REV,10,White Field Bus Station (Vydehi Hospital),12.97642,77.72684,white field bus station (vydehi hospital)
V-500F_REV,11,KTPO,12.9768,77.72242,ktpo
V-500F_REV,12,I Gate,12.97717,77.71882,i gate
V-500F_REV,13,Kundalahalli Metro Station,12.97737,77.71639,kundalahalli metro station
V-500F_REV,14,SAP Labs,12.97765,77.71448,sap labs
V-500F_REV,15,Graphite India,12.97705,77.71005,graphite india
V-500F_REV,16,Kundalahalli Colony,12.97052,77.71245,kundalahalli colony
V-500F_REV,17,CMRIT College,12.96763,77.71447,cmrit college
V-500F_REV,18,AECS Layout Cross,12.96495,77.71832,aecs layout cross
V-500F_REV,19,BEML Layout Gate,12.96054,77.7165,beml layout gate
V-500F_REV,20,Kundalahalli,12.95815,77.71571,kundalahalli
V-500F_REV,21,Kundalahalli Gate,12.95592,77.71378,kundalahalli gate
V-500F_REV,22,Munnekolalu Cross (Spice Garden),12.95634,77.70878,munnekolalu cross (spice garden)
V-500F_REV,23,Marathahalli Bridge,12.95671,77.70131,marathahalli bridge
V-500F_REV,24,Multiplex Marathahalli,12.95227,77.70002,multiplex marathahalli
V-500F_REV,25,Kadubisanahalli,12.94259,77.69717,kadubisanahalli
V-500F_REV,26,New Horizon College,12.93544,77.69123,new horizon college
V-500F_REV,27,Devarabisanahalli Ring Road,12.93145,77.68686,devarabisanahalli ring road
V-500F_REV,28,Eco Space,12.92776,77.68049,eco space
V-500F_REV,29,Bellanduru City Light Appartment,12.92412,77.67278,bellanduru city light appartment
V-500F_REV,30,Bellanduru Petrol Bunk,12.92309,77.6705,bellanduru petrol bunk
V-500F_REV,31,Sarjapura Ring Road Junction,12.92203,77.66825,sarjapura ring road junction
V-500F_REV,32,Ibbaluru,12.92129,77.66217,ibbaluru
V-500F_REV,33,Agara Junction,12.92433,77.65073,agara junction
V-500F_REV,34,Depot-25 Gate (Central Silk Board),12.91952,77.64294,depot-25 gate (central silk board)
V-500F_REV,35,14th Main HSR Layout,12.91619,77.63521,14th main hsr layout
V-500F_REV,36,SI Apartment HSR Layout,12.91668,77.6294,si apartment hsr layout
V-500F_REV,37,Central Silk Board,12.91736,77.6236,central silk board
V-500HS_REV,1,Hebbala Bridge,13.04259,77.5925,hebbala bridge
V-500HS_REV,2,Kempapura,13.04379,77.6005,kempapura
V-500HS_REV,3,Veerannapalya,13.04231,77.61382,veerannapalya
V-500HS_REV,4,Manyatha Tech Park,13.0412,77.62095,manyatha tech park
V-500HS_REV,5,Nagawara Junction,13.0402,77.62454,nagawara junction
V-500HS_REV,6,HBR Layout,13.03517,77.62857,hbr layout
V-500HS_REV,7,Hennur Junction,13.02964,77.63134,hennur junction
V-500HS_REV,8,Kalyananagara,13.02654,77.63688,kalyananagara
V-500HS_REV,9,Babusabpalya,13.02274,77.64721,babusabpalya
V-500HS_REV,10,Horamavu Signal,13.01966,77.65437,horamavu signal
V-500HS_REV,11,Vijaya Bank Colony Ring Road,13.01726,77.65992,vijaya bank colony ring road
V-500HS_REV,12,B Channasandra Bridge(Ramamurthy Nagara Ring Road),13.01128,77.66242,b channasandra bridge(ramamurthy nagara ring road)
V-500HS_REV,13,Kasthurinagara,13.004,77.66328,kasthurinagara
V-500HS_REV,14,Tin Factory,12.99698,77.66937,tin factory
V-500HS_REV,15,KR Pura Railway Station,13.00022,77.67597,kr pura railway station
V-500HS_REV,16,B Narayanapura Ring Road,12.99583,77.68417,b narayanapura ring road
V-500HS_REV,17,Mahadevapura Ring Road,12.98823,77.6895,mahadevapura ring road
V-500HS_REV,18,EMC2,12.98256,77.69301,emc2
V-500HS_REV,19,Dodda Nekkundi Bridge/Rainbow Hospital,12.97499,77.69764,dodda nekkundi bridge/rainbow hospital
V-500HS_REV,20,Karthik Nagara,12.96821,77.7017,karthik nagara
V-500HS_REV,21,Kalamandira Marathahalli Bridge,12.95993,77.70143,kalamandira marathahalli bridge
V-500HS_REV,22,Multiplex Marathahalli,12.95227,77.70002,multiplex marathahalli
V-500HS_REV,23,Kadubisanahalli,12.94259,77.69717,kadubisanahalli
V-500HS_REV,24,New Horizon College,12.93544,77.69123,new horizon college
V-500HS_REV,25,Devarabisanahalli Ring Road,12.93145,77.68686,devarabisanahalli ring road
V-500HS_REV,26,Eco Space,12.92776,77.68049,eco space
V-500HS_REV,27,Bellanduru City Light Appartment,12.92412,77.67278,bellanduru city light appartment
V-500HS_REV,28,Bellanduru Petrol Bunk,12.92309,77.6705,bellanduru petrol bunk
V-500HS_REV,29,Sarjapura Road Ibbaluru Junction,12.9204,77.66585,sarjapura road ibbaluru junction
V-500HS_REV,30,Kaikondrahalli,12.91404,77.67756,kaikondrahalli
V-500HS_REV,31,Junnasandra Gate Wipro Regional Office,12.91086,77.68439,junnasandra gate wipro regional office
V-500HS_REV,32,Radhareddy Layout,12.90883,77.6897,radhareddy layout
V-500HS_REV,33,Doddakannalli,12.90731,77.69556,doddakannalli
V-500HS_REV,34,Carmelram Gate,12.90352,77.70401,carmelram gate
V-500HS_REV,35,Ambedkar Nagara,12.89929,77.71273,ambedkar nagara
V-500HS_REV,36,Sarjapura Wipro Campus,12.89903,77.71354,sarjapura wipro campus
V-500HS_REV,37,Kodathi Gate,12.8966,77.72037,kodathi gate
V-500HS_REV,38,Sulikunte,12.89246,77.72846,sulikunte
V-500HS_REV,39,Muttanalluru Cross,12.88744,77.73839,muttanalluru cross
V-500HS_REV,40,Dommasandra Circle,12.88322,77.75241,dommasandra circle
V-500HS_REV,41,Dommasandra,12.8796,77.75371,dommasandra
V-500HS_REV,42,Thigalara Chowdenahalli Cross,12.88172,77.75677,thigalara chowdenahalli cross
V-500HS_REV,43,Chambenahalli,12.8793,77.7617,chambenahalli
V-500HS_REV,44,Yamare,12.87227,77.76646,yamare
V-500HS_REV,45,Crystal Apartment Sarjapura Road,12.86759,77.76725,crystal apartment sarjapura road
V-500HS_REV,46,Sompura Gate,12.86207,77.77213,sompura gate
V-500HS_REV,47,Sarjapura Circle,12.86102,77.78352,sarjapura circle
V-500HS_REV,48,Sarjapura,12.86136,77.7856,sarjapura
V-G7_REV,1,Janapriya Township,12.99903,77.44278,janapriya township
V-G7_REV,2,Mutturayanaswamy Temple,12.99177,77.44268,mutturayanaswamy temple
V-G7_REV,3,Kadabagere Cross,12.98912,77.44947,kadabagere cross
V-G7_REV,4,Machohalli Gate,12.99088,77.45429,machohalli gate
V-G7_REV,5,Forest Gate,12.99185,77.45952,forest gate
V-G7_REV,6,Chikka Gollarahatti,12.99147,77.46559,chikka gollarahatti
V-G7_REV,7,Kachohalli Gate,12.99056,77.46871,kachohalli gate
V-G7_REV,8,Gollarahatti,12.98862,77.47274,gollarahatti
V-G7_REV,9,College Cross Byadarahalli,12.98569,77.47952,college cross byadarahalli
V-G7_REV,10,Byadarahalli,12.9852,77.48196,byadarahalli
V-G7_REV,11,East West College Cross,12.98568,77.48629,east west college cross
V-G7_REV,12,Anjananagara,12.98617,77.48817,anjananagara
V-G7_REV,13,Herohalli Cross1,12.98736,77.4924,herohalli cross1
V-G7_REV,14,Janapriya Apartment,12.98895,77.49938,janapriya apartment
V-G7_REV,15,Sunkadakatte,12.98946,77.50638,sunkadakatte
V-G7_REV,16,Kottigepalya,12.98786,77.51405,kottigepalya
V-G7_REV,17,Summanahalli,12.98682,77.52077,summanahalli
V-G7_REV,18,Kamakshipalya,12.98385,77.52924,kamakshipalya
V-G7_REV,19,KHB Colony,12.98142,77.53525,khb colony
V-G7_REV,20,Agrahara Dasarahalli,12.97853,77.54293,agrahara dasarahalli
V-G7_REV,21,Magadi Road TollGate,12.97459,77.54897,magadi road tollgate
V-G7_REV,22,Prasanna Theatre,12.9754,77.55234,prasanna theatre
V-G7_REV,23,6th Block Rajajinagara,12.97944,77.55359,6th block rajajinagara
V-G7_REV,24,Gopalapura,12.98063,77.55789,gopalapura
V-G7_REV,25,Sujatha Talkies,12.98262,77.56234,sujatha talkies
V-G7_REV,26,Okalipura,12.98267,77.56837,okalipura
V-G7_REV,27,Kempegowda Bus Station,12.97749,77.57327,kempegowda bus station
V-MF1C_REV,1,Central Silk Board,12.91803,77.62355,central silk board
V-MF1C_REV,2,SI Apartment HSR Layout,12.91668,77.6294,si apartment hsr layout
V-MF1C_REV,3,14th Main HSR Layout,12.91619,77.63521,14th main hsr layout
V-MF1C_REV,4,Depot-25 Gate (Central Silk Board),12.91952,77.64294,depot-25 gate (central silk board)
V-MF1C_REV,5,Agara Junction,12.92433,77.65073,agara junction
V-MF1C_REV,6,Ibbaluru,12.92129,77.66217,ibbaluru
V-MF1C_REV,7,Sarjapura Ring Road Junction,12.92203,77.66825,sarjapura ring road junction
V-MF1C_REV,8,Bellanduru Petrol Bunk,12.92309,77.6705,bellanduru petrol bunk
V-MF1C_REV,9,Bellanduru City Light Appartment,12.92412,77.67278,bellanduru city light appartment
V-MF1C_REV,10,Eco Space,12.92776,77.68049,eco space
V-MF1C_REV,11,Devarabisanahalli Ring Road,12.93145,77.68686,devarabisanahalli ring road
V-MF1C_REV,12,New Horizon College,12.93544,77.69123,new horizon college
V-MF1C_REV,13,Kadubisanahalli,12.94259,77.69717,kadubisanahalli
V-MF1C_REV,14,Multiplex Marathahalli,12.95227,77.70002,multiplex marathahalli
V-MF1C_REV,15,Kalamandira Marathahalli Bridge,12.95993,77.70143,kalamandira marathahalli bridge
V-MF1C_REV,16,Karthik Nagara,12.96821,77.7017,karthik nagara
V-MF1C_REV,17,Dodda Nekkundi Bridge/Rainbow Hospital,12.97499,77.69764,dodda nekkundi bridge/rainbow hospital
V-MF1C_REV,18,EMC2,12.98256,77.69301,emc2
V-MF1C_REV,19,Mahadevapura Ring Road,12.98823,77.6895,mahadevapura ring road
V-MF1C_REV,20,B Narayanapura Ring Road,12.99583,77.68417,b narayanapura ring road
V-MF1C_REV,21,KR Pura Metro Station,13.00014,77.67664,kr pura metro station
