cluster_key,canonical_name
(theneyuru)i basapura gate,(Theneyuru)I Basapura Gate
10th cross magadi road,10th Cross Magadi Road
10th stone nice road,10th Stone NICE Road
11th block anjanapura,11th Block Anjanapura
12th block nagarabhavi,12th Block Nagarabhavi
12th main 7th cross btm layout,12th Main 7th Cross BTM Layout
13th main 7th cross btm layout,13th Main 7th Cross BTM Layout
14th main hsr layout,14th Main HSR Layout
16th main hopcoms btm layout,16th Main Hopcoms BTM Layout
18th cross srirampura,18th Cross Srirampura
18th main jayanagara,18th Main Jayanagara
19th main 13th cross hsr layout,19th Main 13th Cross HSR Layout
1st block rajajinagara,1st Block Rajajinagara
1st block vidyaranyapura,1st Block Vidyaranyapura
1st block vishweshwaraiah layout,1st Block Vishweshwaraiah Layout
1st cross magadi road,1st Cross Magadi Road
1st main kodichikkanahalli,1st Main Kodichikkanahalli
1st stage 3rd block nagarabhavi,1st Stage 3rd Block Nagarabhavi
1st stage 3rd block nagarabhavi (nayandahalli),1st Stage 3rd Block Nagarabhavi (Nayandahalli)
1st stage 3rd block nagarabhavi (summanahalli),1st Stage 3rd Block Nagarabhavi (Summanahalli)
1st stage hbr layout,1st Stage Hbr Layout
2nd stage 11th block nagarabhavi,2nd Stage 11th Block Nagarabhavi
2nd stage 9th block nagarabhavi,2nd Stage 9th Block Nagarabhavi
2nd stage h b r layout (1st main),2nd Stage H B R Layout (1st Main)
2nd stage h b r layout (2nd cross),2nd Stage H B R Layout (2nd Cross)
2nd stage kanteeravanagara,2nd Stage Kanteeravanagara
2nd stage kuvempunagara,2nd Stage Kuvempunagara
3rd block junction banashankari 6th phase,3rd Block Junction Banashankari 6th Phase
3rd block vidyaranyapura,3rd Block Vidyaranyapura
3rd main road annapoorneshwarinagara,3rd Main Road Annapoorneshwarinagara
3rd stage basaveshwaranagara,3rd Stage Basaveshwaranagara
4th block hbr layout,4th Block Hbr Layout
4th stone nice road,4th Stone NICE Road
4th t block jayanagara,4th T Block Jayanagara
5th block hbr layout,5th Block Hbr Layout
5th block vishweshwaraiah layout,5th Block Vishweshwaraiah Layout
5th cross magadi road,5th Cross Magadi Road
5th cross sriramapura,5th Cross Sriramapura
5th phase yelahanka new town,5th Phase Yelahanka New Town
5th stone nice road,5th Stone NICE Road
7th cross wilson garden,7th Cross Wilson Garden
80 feet road kalyan nagara,80 Feet Road Kalyan Nagara
80 feet road kalyananagara,80 Feet Road Kalyananagara
80ft road banasawadi,80Ft Road Banasawadi
80ft road hrbr layout,80Ft Road Hrbr Layout
80ft road ms ramaiah college,80Ft Road MS Ramaiah College
8th main 3rd cross junction,8th Main 3rd Cross Junction
8th main kamalanagara,8th Main Kamalanagara
8th mile dasarahalli,8th Mile Dasarahalli
8th mile t dasarahalli,8th Mile T Dasarahalli
9th block jayanagara (40th cross),9th Block Jayanagara (40th Cross)
9th stone nice road,9th Stone NICE Road
a g export garments nelamangala,A G Export Garments Nelamangala
a p j abdul kalam statue,A P J Abdul Kalam Statue
aane kempegowdana doddy,Aane Kempegowdana Doddy
abbaiah circle sarjapura,Abbaiah Circle Sarjapura
abbaiah layout,Abbaiah Layout
abbanakuppe,Abbanakuppe
abbanakuppe colony,Abbanakuppe Colony
abbanakuppe keb,Abbanakuppe KEB
abbigere,Abbigere
abbigere cross,Abbigere Cross
abbigere dinne,Abbigere Dinne
abbigere gate,Abbigere Gate
acharya college,Acharya College
acharya institute of technology,Acharya Institute Of Technology
achyuthanagara gate,Achyuthanagara Gate
active public school hommadevanahalli,Active Public School Hommadevanahalli
adakamaranahalli,Adakamaranahalli
adakamaranahalli (magadi road),Adakamaranahalli (Magadi Road)
adakamaranahalli cross (magadi road),Adakamaranahalli Cross (Magadi Road)
adakimaranahalli,Adakimaranahalli
adarshanagara,Adarshanagara
adde vishwanathapura,Adde Vishwanathapura
addiganahalli,Addiganahalli
addiganahalli extension,Addiganahalli Extension
addiganahalli extension 1,Addiganahalli Extension 1
adigara kallahalli,Adigara Kallahalli
adigondanahalli,Adigondanahalli
adishwara bombay dying,Adishwara Bombay Dying
aditya bakery,Aditya Bakery
admc quarters office,Admc Quarters Office
ado sonnahatti,Ado Sonnahatti
adrsha savana,Adrsha Savana
adugodi,Adugodi
adugodi police quarters,Adugodi Police Quarters
adugodi police station,Adugodi Police Station
aduru###14,Aduru (South Bengaluru)
aduru###15,Aduru (Central Bengaluru)
aecs dental college,Aecs Dental College
aecs layout,Aecs Layout
aecs layout cross,Aecs Layout Cross
aecs layout singasandra,Aecs Layout Singasandra
aerodrum,Aerodrum
aerodrum devanahalli road,Aerodrum Devanahalli Road
aerospace bagalur,Aerospace Bagalur
agalakote,Agalakote
agara,Agara
agara cross,Agara Cross
agara junction,Agara Junction
agrahara dasarahalli,Agrahara Dasarahalli
agrahara layout,Agrahara Layout
agrahara layout cross,Agrahara Layout Cross
agraharapalya gate,Agraharapalya Gate
ags layout,Ags Layout
ags layout arehalli,Ags Layout Arehalli
ags layout cross,Ags Layout Cross
ainahalli,Ainahalli
air force quarters,Air Force Quarters
air lines dhaba gate,Air Lines Dhaba Gate
airport trumpet,Airport Trumpet
ajjagondanahalli,Ajjagondanahalli
ajjanahalli,Ajjanahalli
ajmeer apartment neeladri road,Ajmeer Apartment Neeladri Road
akkayammana betta,Akkayammana Betta
akkayammana betta huttanahalli cross,Akkayammana Betta Huttanahalli Cross
akkithimmana halli,Akkithimmana Halli
akkithimmanahalli,Akkithimmanahalli
akkithimmanahalli 1,Akkithimmanahalli 1
akshayanagara,Akshayanagara
akshayanagara new town,Akshayanagara New Town
akshya nagara,Akshya Nagara
al ameen residential school,Al Ameen Residential School
al-agro factory,Al-Agro Factory
alada mara ramamurthy nagar,Alada Mara Ramamurthy Nagar
aladamara chikkanahalli cross###0,Aladamara Chikkanahalli Cross (South Bengaluru)
aladamara chikkanahalli cross###3,Aladamara Chikkanahalli Cross (South Bengaluru)
aladamara laggere,Aladamara Laggere
aladamara papareddypalya,Aladamara Papareddypalya
alahalli,Alahalli
alambadi,Alambadi
alanayakanahalli gate,Alanayakanahalli Gate
alappanahalli,Alappanahalli
ali bommasandra,Ali Bommasandra
alisda,Alisda
aliyuru,Aliyuru
allalasandra,Allalasandra
allalasandra gate,Allalasandra Gate
allalasandra gate yalahanka,Allalasandra Gate Yalahanka
allammanapalya,Allammanapalya
alpha college chikka gubbi,Alpha College Chikka Gubbi
alphine apartment,Alphine Apartment
aluru,Aluru
aluru bda 2nd stage,Aluru BDA 2nd Stage
aluru cross,Aluru Cross
amarajyothi badavane,Amarajyothi Badavane
amba bhavani nagara,Amba Bhavani Nagara
ambalagere,Ambalagere
ambedkar bhavana,Ambedkar Bhavana
ambedkar institute of technology,Ambedkar Institute Of Technology
ambedkar medical college shampura,Ambedkar Medical College Shampura
ambedkar nagara,Ambedkar Nagara
ambika school,Ambika School
amc college,Amc College
amc college bannerghatta road,Amc College Bannerghatta Road
amma ashrama cross,Amma Ashrama Cross
amogha layout,Amogha Layout
amritha ayurvedic hospital,Amritha Ayurvedic Hospital
amrutahalli,Amrutahalli
amruth nagara,Amruth Nagara
amruth sweets,Amruth Sweets
amrutha engineering college,Amrutha Engineering College
amruthahalli,Amruthahalli
amruthanagara,Amruthanagara
amruthanagara canara bank,Amruthanagara Canara Bank
amruthanagara hebbala,Amruthanagara Hebbala
anagalipura,Anagalipura
anagalipura gate,Anagalipura Gate
ananda ashrama (bgt rd),Ananda Ashrama (Bgt Rd)
ananda rao circle,Ananda Rao Circle
anandanagara,Anandanagara
anandapura,Anandapura
anantapura gate,Anantapura Gate
ananthapura,Ananthapura
ananthapura gate,Ananthapura Gate
ancharahalli gate,Ancharahalli Gate
anche muskuru,Anche Muskuru
anche palya,Anche Palya
anchemuskuru,Anchemuskuru
anchepalya nelamangla road,Anchepalya Nelamangla Road
anchepalya###229,Anchepalya (West Bengaluru)
anchepalya###232,Anchepalya (South-West Bengaluru)
anchipura,Anchipura
anchipura colony,Anchipura Colony
anchipura cross,Anchipura Cross
andhrahalli,Andhrahalli
andhrahalli gate,Andhrahalli Gate
andhrahalli govt school,Andhrahalli Govt School
andrahalli,Andrahalli
anehalla,Anehalla
anekal,Anekal
anekal circle,Anekal Circle
anekal road junction,Anekal Road Junction
anepalya,Anepalya
anjan vidya kendra school,Anjan Vidya Kendra School
anjanamurthy,Anjanamurthy
anjananagar gollarahatti,Anjananagar Gollarahatti
anjananagara,Anjananagara
anjanapura,Anjanapura
anjanapura 10 block,Anjanapura 10 Block
anjanapura 10th block,Anjanapura 10th Block
anjanapura 1st block,Anjanapura 1st Block
anjanapura 2nd block,Anjanapura 2nd Block
anjanapura 2nd block cross (lbsn),Anjanapura 2nd Block Cross (Lbsn)
anjanapura cross,Anjanapura Cross
anjaneya temple anekal,Anjaneya Temple Anekal
anjaneya temple bidaraguppe,Anjaneya Temple Bidaraguppe
anjaneya temple devanahalli,Anjaneya Temple Devanahalli
anjaneya temple madhure,Anjaneya Temple Madhure
anjaneya temple nelamangala,Anjaneya Temple Nelamangala
anjaneya temple thigalarapalya,Anjaneya Temple Thigalarapalya
ankanahalli,Ankanahalli
ankegowdana doddy,Ankegowdana Doddy
annapoorneshwari nagara,Annapoorneshwari Nagara
annapoorneshwari nagara cross,Annapoorneshwari Nagara Cross
annapoorneshwarinagara,Annapoorneshwarinagara
annapoorneshwarinagara cross,Annapoorneshwarinagara Cross
annapoorneshwarinagara water tank,Annapoorneshwarinagara Water Tank
annapurneshwari badavane,Annapurneshwari Badavane
annasandrapalya,Annasandrapalya
annasandrapalya cross,Annasandrapalya Cross
anneshwara circle,Anneshwara Circle
anubhavanagara,Anubhavanagara
anugondana halli cross,Anugondana Halli Cross
anugondanahalli,Anugondanahalli
anugondanahalli cross,Anugondanahalli Cross
anugraha badavane (bilekahalli),Anugraha Badavane (Bilekahalli)
anupahalli,Anupahalli
aparel park,Aparel Park
apartment sarjapura road,Apartment Sarjapura Road
apco factory,Apco Factory
apex bank,Apex Bank
apmc yard,Apmc Yard
apollo hospital,Apollo Hospital
appasandra,Appasandra
aps college,Aps College
aps college somanahalli,Aps College Somanahalli
arabic college,Arabic College
aradeshanahalli,Aradeshanahalli
aradeshanahalli gate,Aradeshanahalli Gate
arakere byrapura,Arakere Byrapura
arakere gate,Arakere Gate
arakere gate byrapura,Arakere Gate Byrapura
aralalusandra,Aralalusandra
aralalusandra cross,Aralalusandra Cross
aralimara,Aralimara
aralimara (pk kalyana mantapa ),Aralimara (Pk Kalyana Mantapa )
aralimara hosahalli,Aralimara Hosahalli
aralimara industrial area rajajinagara,Aralimara Industrial Area Rajajinagara
aralimara sunkadakatte,Aralimara Sunkadakatte
aralimara ullalu,Aralimara Ullalu
aralimaradapalya cross,Aralimaradapalya Cross
aralumallige,Aralumallige
aralumallige cross,Aralumallige Cross
arasanahalli###1,Arasanahalli (North-East Bengaluru)
arasanahalli###2,Arasanahalli (East Bengaluru)
arathipalya,Arathipalya
aravinda limited,Aravinda Limited
arch lingadeeranahalli,Arch Lingadeeranahalli
arch railway gollahalli,Arch Railway Gollahalli
archakara badavane,Archakara Badavane
are bannimangala,Are Bannimangala
arebic college,Arebic College
arebommanahalli t begur,Arebommanahalli T Begur
arehalli cross,Arehalli Cross
arehalli###17,Arehalli (North Bengaluru)
arehalli###18,Arehalli (East Bengaluru)
arehalli###36,Arehalli (South-East Bengaluru)
arehalli###55,Arehalli (West Bengaluru)
arenur,Arenur
arishinakunte###74,Arishinakunte (North-East Bengaluru)
arishinakunte###86,Arishinakunte (Bengaluru)
arivesandra,Arivesandra
army public school (parachute regiment),Army Public School (Parachute Regiment)
army public school asc center,Army Public School Asc Center
army public school kamaraja road,Army Public School Kamaraja Road
arogya dhama,Arogya Dhama
art of living,Art Of Living
art of living (kanakapura road),Art Of Living (Kanakapura Road)
art of living ravishankar ashram,Art Of Living Ravishankar Ashram
asc center,Asc Center
asc centre,Asc Centre
ashoka pillar,Ashoka Pillar
ashoka polytechnic,Ashoka Polytechnic
ashrama,Ashrama
ashrama nelamangala,Ashrama Nelamangala
ashrama ramohalli,Ashrama Ramohalli
ashwath nagara,Ashwath Nagara
ashwath nagara cross,Ashwath Nagara Cross
ashwathanagara nagawara,Ashwathanagara Nagawara
ashwathkatte kodihalli,Ashwathkatte Kodihalli
ashwathkatte manorayanapalya,Ashwathkatte Manorayanapalya
ashwathkatte sultanpalya,Ashwathkatte Sultanpalya
ashwathnagara,Ashwathnagara
asian paints dabaspet,Asian Paints Dabaspet
aspire bee school,Aspire Bee School
athimagere gate,Athimagere Gate
attibele,Attibele
attibele bus stand,Attibele Bus Stand
attibele sulibele,Attibele Sulibele
attiguppe,Attiguppe
attivatta,Attivatta
attivatta gate,Attivatta Gate
atturu layout,Atturu Layout
atturu layout vegetable market,Atturu Layout Vegetable Market
atturu layout yelahanka road,Atturu Layout Yelahanka Road
atturu###2,Atturu (East Bengaluru)
atturu###7,Atturu (North Bengaluru)
audugodi,Audugodi
audugodi police station,Audugodi Police Station
austin town,Austin Town
austin town neelasandra,Austin Town Neelasandra
auto gas/royal school,Auto Gas/Royal School
avadadenahalli gate,Avadadenahalli Gate
avalahalli bda layout,Avalahalli BDA Layout
avalahalli bda park girinagara,Avalahalli BDA Park Girinagara
avalahalli electronic city,Avalahalli Electronic City
avalahalli hosakote,Avalahalli Hosakote
avalahalli new bda layout,Avalahalli New BDA Layout
avalahalli###106,Avalahalli (North Bengaluru)
avalahalli###31,Avalahalli (South-West Bengaluru)
avalahalli###6,Avalahalli (Central Bengaluru)
avalakuppe cross,Avalakuppe Cross
avaragere,Avaragere
avaragere cross,Avaragere Cross
avasarala factory kanakapura road,Avasarala Factory Kanakapura Road
avathi,Avathi
averahalli,Averahalli
averahalli cross###5,Averahalli Cross (Bengaluru)
averahalli cross###8,Averahalli Cross (Bengaluru)
avinash petrol bunk,Avinash Petrol Bunk
avinasha petrol bunk,Avinasha Petrol Bunk
ayurvedic hospital,Ayurvedic Hospital
ayurvedic hospital bodhanahosahalli,Ayurvedic Hospital Bodhanahosahalli
ayyappa nagara muneshwara temple sadaramangala,Ayyappa Nagara Muneshwara Temple Sadaramangala
ayyappa nagara sadaramangala,Ayyappa Nagara Sadaramangala
ayyappa school kereguddadahalli,Ayyappa School Kereguddadahalli
ayyappa temple yashawanthapura,Ayyappa Temple Yashawanthapura
ayyappaswamy temple madivala,Ayyappaswamy Temple Madivala
azad nagar,Azad Nagar
aziz palya,Aziz Palya
b channasandra,B Channasandra
b channasandra bridge,B Channasandra Bridge
b channasandra bridge(ramamurthy nagara ring road),B Channasandra Bridge(Ramamurthy Nagara Ring Road)
b hosur circle,B Hosur Circle
b krishnappa nagara,B Krishnappa Nagara
b marenahalli###4,B Marenahalli (North-East Bengaluru)
b marenahalli###6,B Marenahalli (North-East Bengaluru)
b nagasandra,B Nagasandra
b narayanapura,B Narayanapura
b narayanapura ring road,B Narayanapura Ring Road
b palya razakapalya,B Palya Razakapalya
b station,B Station
babusab palya,Babusab Palya
babusabpalya,Babusabpalya
babusabpalya 302,Babusabpalya 302
bachahalli gate,Bachahalli Gate
bachenahatti,Bachenahatti
badekatte,Badekatte
badrapura,Badrapura
bagalagunte,Bagalagunte
bagalur,Bagalur
bagalur colony,Bagalur Colony
bagalur cross,Bagalur Cross
bagalur santhe,Bagalur Santhe
bagaluru,Bagaluru
bagaluru cross,Bagaluru Cross
bagluru old police station,Bagluru Old Police Station
bagmane tech park,Bagmane Tech Park
bagmane tech park (graphite india),Bagmane Tech Park (Graphite India)
baguru,Baguru
baguru colony,Baguru Colony
baladimmanahalli,Baladimmanahalli
balageranahalli cross,Balageranahalli Cross
balagere,Balagere
balaji apartment hsr layout,Balaji Apartment HSR Layout
balaji badavane sulikere,Balaji Badavane Sulikere
balaji layout,Balaji Layout
balaji layout 100ft road,Balaji Layout 100Ft Road
balaji theatre magadi,Balaji Theatre Magadi
balavikas international school,Balavikas International School
balavikas school gidadakonenahalli,Balavikas School Gidadakonenahalli
balekatte,Balekatte
balepura,Balepura
balepura gate,Balepura Gate
baleveeranahalli,Baleveeranahalli
balgere,Balgere
balluru,Balluru
balluru cross,Balluru Cross
baluvanahalli cross,Baluvanahalli Cross
bamboo bazaar,Bamboo Bazaar
banandur circle,Banandur Circle
bananduru,Bananduru
banarahalli,Banarahalli
banasawadi 100 feet road,Banasawadi 100 Feet Road
banasawadi###0,Banasawadi (Central Bengaluru)
banasawadi###19,Banasawadi (Central Bengaluru)
banashankari,Banashankari
banashankari 1st stage muneshwara block keb,Banashankari 1st Stage Muneshwara Block KEB
banashankari 3rd stage 2nd phase,Banashankari 3rd Stage 2nd Phase
banashankari 3rd stage 3rd phase,Banashankari 3rd Stage 3rd Phase
banashankari 5th stage,Banashankari 5th Stage
banashankari bus station,Banashankari Bus Station
banashankari hunasemara,Banashankari Hunasemara
banashankari post office,Banashankari Post Office
banashankari ttmc,Banashankari TTMC
banaswadi fire station,Banaswadi Fire Station
banawadi,Banawadi
bandaiahanapalya,Bandaiahanapalya
bandapura,Bandapura
bandapura gate,Bandapura Gate
bandapura village,Bandapura Village
bande bommasandra,Bande Bommasandra
bande bommasandra cross,Bande Bommasandra Cross
bande inorpalya,Bande Inorpalya
bande kodigehalli,Bande Kodigehalli
bande kodigehalli palya,Bande Kodigehalli Palya
bande kodigehallipalya cross,Bande Kodigehallipalya Cross
bande maramma bus station,Bande Maramma Bus Station
bande mutt badavane radiant enclave,Bande Mutt Badavane Radiant Enclave
bande mutt gate kengeri,Bande Mutt Gate Kengeri
bande mutt kunchugal,Bande Mutt Kunchugal
bandi reddy circle,Bandi Reddy Circle
bangalore dairy circle,Bangalore Dairy Circle
bangalore high school,Bangalore High School
bangalore univercity gate mysore road,Bangalore Univercity Gate Mysore Road
bangalore university administrative block,Bangalore University Administrative Block
bangalore university gate mysore road,Bangalore University Gate Mysore Road
bangarappa nagara,Bangarappa Nagara
banglow sulikere,Banglow Sulikere
banjara layout,Banjara Layout
banjara palya,Banjara Palya
banjarapalya,Banjarapalya
bank amruthahalli,Bank Amruthahalli
bank circle bashettyhalli,Bank Circle Bashettyhalli
bank colony,Bank Colony
bannerghatta circle,Bannerghatta Circle
bannerghatta national park,Bannerghatta National Park
bannerughatta circle,Bannerughatta Circle
bannerughatta national park,Bannerughatta National Park
bannigiri,Bannigiri
bannigiri cross,Bannigiri Cross
bannikuppe,Bannikuppe
bannimangala,Bannimangala
bapuji layout saraswathi nagara,Bapuji Layout Saraswathi Nagara
bapuji nagara,Bapuji Nagara
bapujinagara,Bapujinagara
baradi,Baradi
baraguru,Baraguru
basammanahalli,Basammanahalli
basammanahalli cross,Basammanahalli Cross
basappa circle,Basappa Circle
basappa layout,Basappa Layout
basappa layout mattahalli,Basappa Layout Mattahalli
basappanapalya,Basappanapalya
basappanapalya cross,Basappanapalya Cross
basapura electronic city,Basapura Electronic City
basava gangotri samsthe,Basava Gangotri Samsthe
basavana devastana,Basavana Devastana
basavanagara kengeri,Basavanagara Kengeri
basavanagara###15,Basavanagara (Central Bengaluru)
basavanagara###5,Basavanagara (West Bengaluru)
basavanagudi police station,Basavanagudi Police Station
basavanahalli,Basavanahalli
basavanahalli cross,Basavanahalli Cross
basavanahalli mylahhali,Basavanahalli Mylahhali
basavanapalya,Basavanapalya
basavanapura church,Basavanapura Church
basavanapura gate,Basavanapura Gate
basavanapura###10,Basavanapura (North Bengaluru)
basavanapura###11,Basavanapura (South-West Bengaluru)
basavanapura###2,Basavanapura (Bengaluru)
basavanna devasthana ck palya,Basavanna Devasthana Ck Palya
basavanna temple hoovinayakanahalli,Basavanna Temple Hoovinayakanahalli
basavenahalli,Basavenahalli
basavenahalli colony,Basavenahalli Colony
basaveshwara college,Basaveshwara College
basaveshwara nagara,Basaveshwara Nagara
basaveshwara nagara circle,Basaveshwara Nagara Circle
basaveshwaranagara 2nd phase,Basaveshwaranagara 2nd Phase
basaveshwaranagara banandur,Basaveshwaranagara Banandur
basaveshwaranagara new bus stand,Basaveshwaranagara New Bus Stand
bashayam circle,Bashayam Circle
bashayam circle sadashiva nagara,Bashayam Circle Sadashiva Nagara
bashettalli,Bashettalli
bashyam circle rajajinagara,Bashyam Circle Rajajinagara
bashyam circle sadashivanagara,Bashyam Circle Sadashivanagara
bashyam circle###2,Bashyam Circle (West Bengaluru)
bashyam circle###3,Bashyam Circle (West Bengaluru)
bata show room banashankari,Bata Show Room Banashankari
bayalahalli gate(bande kodigehalli),Bayalahalli Gate(Bande Kodigehalli)
bayyanapalya,Bayyanapalya
bayyandahalli,Bayyandahalli
bayyandahalli colony,Bayyandahalli Colony
bayyappanahalli,Bayyappanahalli
bayyappanahalli cross,Bayyappanahalli Cross
bayyappanahalli gate,Bayyappanahalli Gate
bayyappanahalli metro station,Bayyappanahalli Metro Station
bayyappanahalli metro station back gate,Bayyappanahalli Metro Station Back Gate
bcc layout,Bcc Layout
bcc layout cross,Bcc Layout Cross
bcmc layout raghuvanahalli,Bcmc Layout Raghuvanahalli
bda complex banashankari 2nd stage,BDA Complex Banashankari 2nd Stage
bda complex cross nagarabhavi,BDA Complex Cross Nagarabhavi
bda complex hbr layout,BDA Complex Hbr Layout
bda complex hsr layout,BDA Complex HSR Layout
bda complex nagarabhavi,BDA Complex Nagarabhavi
bda flats kommaghatta,BDA Flats Kommaghatta
bda park bande maramma temple,BDA Park Bande Maramma Temple
bds nagara,Bds Nagara
beedi karmikara colony,Beedi Karmikara Colony
beedi karmikara colony gate,Beedi Karmikara Colony Gate
beerasandra chapradakallu,Beerasandra Chapradakallu
beerawara,Beerawara
beereshwara nagara,Beereshwara Nagara
begadadevanahalli,Begadadevanahalli
begihalli,Begihalli
beguru lake,Beguru Lake
beguru nice road junction,Beguru NICE Road Junction
beguru###23,Beguru (North-East Bengaluru)
beguru###55,Beguru (North-East Bengaluru)
beguru###56,Beguru (South Bengaluru)
bekary chunchaghatta,Bekary Chunchaghatta
bel circle,BEL Circle
bel factory,BEL Factory
bel hospital,BEL Hospital
bel layout dasanapura,BEL Layout Dasanapura
bel market,BEL Market
bel market 1,BEL Market 1
belagumba,Belagumba
belathuru,Belathuru
belenus hospital near carmelram gate,Belenus Hospital Near Carmelram Gate
bella halli,Bella Halli
bellahalli,Bellahalli
bellahalli cross,Bellahalli Cross
bellahalli cross ths main road,Bellahalli Cross Ths Main Road
bellandur gate,Bellandur Gate
bellanduru city light apartment,Bellanduru City Light Apartment
bellanduru city light appartment,Bellanduru City Light Appartment
bellanduru gate sarjapura road,Bellanduru Gate Sarjapura Road
bellanduru gate sjp road,Bellanduru Gate Sjp Road
bellanduru petrol bunk,Bellanduru Petrol Bunk
bellathur,Bellathur
bellikere,Bellikere
bellikere cross,Bellikere Cross
beml complex,Beml Complex
beml factory,Beml Factory
beml gate###4,Beml Gate (Central Bengaluru)
beml gate###52,Beml Gate (Central Bengaluru)
beml layout 5th stage,Beml Layout 5th Stage
beml layout gate,Beml Layout Gate
bendiganahalli cross,Bendiganahalli Cross
bendiganahalli###1,Bendiganahalli (East Bengaluru)
bendiganahalli###2,Bendiganahalli (South Bengaluru)
bendiganahalli###5,Bendiganahalli (North-East Bengaluru)
bengaluru central jail,Bengaluru Central Jail
bengaluru children hospital,Bengaluru Children Hospital
bengaluru children hospital1,Bengaluru Children Hospital1
bengaluru dairy circle,Bengaluru Dairy Circle
bengaluru high school,Bengaluru High School
bengaluru university gate,Bengaluru University Gate
bengaluru university quarters,Bengaluru University Quarters
bennehalli,Bennehalli
bennigana halli,Bennigana Halli
benniganahalli,Benniganahalli
benniganahalli bridge,Benniganahalli Bridge
best county,Best County
besthamanahalli,Besthamanahalli
bethan byatha,Bethan Byatha
bethimgere,Bethimgere
bethimgere cross,Bethimgere Cross
betta halli gate,Betta Halli Gate
betta halli layout,Betta Halli Layout
bettadasanapura,Bettadasanapura
bettahalasuru,Bettahalasuru
bettahalasuru circle,Bettahalasuru Circle
bettahalasuru cross,Bettahalasuru Cross
bettahalasuru hospital,Bettahalasuru Hospital
bettahalasuru village,Bettahalasuru Village
bettahalli colony###10,Bettahalli Colony (Bengaluru)
bettahalli colony###9,Bettahalli Colony (Bengaluru)
bettahalli cross,Bettahalli Cross
bettahalli gate###2,Bettahalli Gate (North-East Bengaluru)
bettahalli gate###3,Bettahalli Gate (North-East Bengaluru)
bettahalli kaval,Bettahalli Kaval
bettahalli layout,Bettahalli Layout
bettahalli###2,Bettahalli (Bengaluru)
bettahalli###3,Bettahalli (Bengaluru)
bettahallipalya,Bettahallipalya
bettakote,Bettakote
bettanahalli site,Bettanahalli Site
bettanapalya,Bettanapalya
bettenahalli,Bettenahalli
bevina mara,Bevina Mara
bevina mara kannamangala,Bevina Mara Kannamangala
bgs college chikkaballapura,Bgs College Chikkaballapura
bgs college gate devagere,Bgs College Gate Devagere
bgs health city gate abhiman studio,Bgs Health City Gate Abhiman Studio
bgs international residential school,Bgs International Residential School
bgs pu college thotagere,Bgs Pu College Thotagere
bgs school banandur,Bgs School Banandur
bhadrappa layout,Bhadrappa Layout
bhagwan mahaveer jain hospital,Bhagwan Mahaveer Jain Hospital
bhagya nagara,Bhagya Nagara
bhakthara halli cross,Bhakthara Halli Cross
bhaktharahalli,Bhaktharahalli
bhaktharahalli cross,Bhaktharahalli Cross
bhakthi yoga ashrama,Bhakthi Yoga Ashrama
bhakthipura cross,Bhakthipura Cross
bhantaraguppe,Bhantaraguppe
bharath nagara 1st phase,Bharath Nagara 1st Phase
bharath nagara 2nd stage,Bharath Nagara 2nd Stage
bharath petrol bunk thyamagondlu,Bharath Petrol Bunk Thyamagondlu
bharathi nagara,Bharathi Nagara
bharathi nursing home jayanagara,Bharathi Nursing Home Jayanagara
bharathnagara sunkadakatte,Bharathnagara Sunkadakatte
bhartiya city chokkanahalli,Bhartiya City Chokkanahalli
bhattarahalli,Bhattarahalli
bhattarahalli bank of india,Bhattarahalli Bank Of India
bhattarahalli cross,Bhattarahalli Cross
bhavani nagara 2nd stage,Bhavani Nagara 2nd Stage
bhavani nagara 2nd stage cross,Bhavani Nagara 2nd Stage Cross
bhavapura,Bhavapura
bheemajyothi nagara shankara mutt,Bheemajyothi Nagara Shankara Mutt
bheemanakuppe,Bheemanakuppe
bheemanakuppe cross,Bheemanakuppe Cross
bhel concord layout,Bhel Concord Layout
bhel gate,Bhel Gate
bhel layout,Bhel Layout
bhel layout cross,Bhel Layout Cross
bhel layout maramma temple,Bhel Layout Maramma Temple
bhel layout water tank,Bhel Layout Water Tank
bhel###237,Bhel (West Bengaluru)
bhel###239,Bhel (South Bengaluru)
bhimakanahalli gate,Bhimakanahalli Gate
bhodana hosahalli,Bhodana Hosahalli
bhodhana hosahalli,Bhodhana Hosahalli
bhoganahalli,Bhoganahalli
bhokipura,Bhokipura
bhoopasandra,Bhoopasandra
bhoopasandra ayyappa bakery,Bhoopasandra Ayyappa Bakery
bhorka steel,Bhorka Steel
bhovi colony,Bhovi Colony
bhovipalya###10,Bhovipalya (North Bengaluru)
bhovipalya###12,Bhovipalya (South-East Bengaluru)
bhovipalya###2,Bhovipalya (North Bengaluru)
bhuvanahalli gate,Bhuvanahalli Gate
bhuvanahalli###0,Bhuvanahalli (North-East Bengaluru)
bhuvanahalli###1,Bhuvanahalli (North-East Bengaluru)
bhuvaneshwari nagara 1st stage,Bhuvaneshwari Nagara 1st Stage
bhuvaneshwari nagara 2nd stage,Bhuvaneshwari Nagara 2nd Stage
bhuvaneshwari nagara mahalakshmi temple,Bhuvaneshwari Nagara Mahalakshmi Temple
bhuvaneshwari nagara###3,Bhuvaneshwari Nagara (Central Bengaluru)
bhuvaneshwari nagara###6,Bhuvaneshwari Nagara (West Bengaluru)
bhuvaneshwari nagara###7,Bhuvaneshwari Nagara (West Bengaluru)
bhuvaneshwari petrol bunk,Bhuvaneshwari Petrol Bunk
bible college byrathi,Bible College Byrathi
bidadi,Bidadi
bidadi railway station,Bidadi Railway Station
bidalapura,Bidalapura
bidalapura cross###2,Bidalapura Cross (North-East Bengaluru)
bidalapura cross###4,Bidalapura Cross (North-East Bengaluru)
bidaragere,Bidaragere
bidaraguppe,Bidaraguppe
bidarahalli,Bidarahalli
bidarahalli cross,Bidarahalli Cross
bidarahalli dargah,Bidarahalli Dargah
bidarahalli school,Bidarahalli School
bidiganahalli cross,Bidiganahalli Cross
bidrahalli,Bidrahalli
bies kuduregere,Bies Kuduregere
big bazaar,Big Bazaar
big bazzar itpl,Big Bazzar ITPL
big market sahakaranagara,Big Market Sahakaranagara
bikashipura,Bikashipura
bikkana hosahalli,Bikkana Hosahalli
bikkanahalli,Bikkanahalli
bilavaradahalli,Bilavaradahalli
bilavaradahalli cross,Bilavaradahalli Cross
bilekahalli,Bilekahalli
bilekalli,Bilekalli
bileshivale,Bileshivale
bilijaji,Bilijaji
bilikallu,Bilikallu
billa kempanahalli,Billa Kempanahalli
billa kempanahalli gate,Billa Kempanahalli Gate
billamaranahalli,Billamaranahalli
billapura,Billapura
billinakote,Billinakote
bingipura,Bingipura
bingipura cross,Bingipura Cross
binnamangala gokare,Binnamangala Gokare
binnamangala towads nelamangala),Binnamangala Towads Nelamangala)
binnamangala###182,Binnamangala (Bengaluru)
binnamangala###216,Binnamangala (Central Bengaluru)
binni layout,Binni Layout
binni mill,Binni Mill
binni pete,Binni Pete
binny mill eta garden,Binny Mill Eta Garden
binny mill###55,Binny Mill (West Bengaluru)
binny mill###56,Binny Mill (West Bengaluru)
binnypet,Binnypet
biocon jigani road,Biocon Jigani Road
birla haralur road,Birla Haralur Road
bisanahalli,Bisanahalli
bisanahalli cross,Bisanahalli Cross
biscuit factory,Biscuit Factory
biscuits factory###24,Biscuits Factory (Bengaluru)
biscuits factory###26,Biscuits Factory (East Bengaluru)
bishop coton girls high school,Bishop Coton Girls High School
bittasandra,Bittasandra
bittasandra colony,Bittasandra Colony
bk circle,Bk Circle
bloom field garden,Bloom Field Garden
bme-1 nice road,Bme-1 NICE Road
bme-2 nice road,Bme-2 NICE Road
bmsit college campous yelahanka,Bmsit College Campous Yelahanka
bmtc depot-12 gate kengeri,BMTC Depot-12 Gate Kengeri
bmtc depot-15,BMTC Depot-15
bmtc depot-15 koramangala,BMTC Depot-15 Koramangala
bmtc depot-6,BMTC Depot-6
bmtc training centre,BMTC Training Centre
bn bachegowda badavane,Bn Bachegowda Badavane
bn bachegowda badavane colony,Bn Bachegowda Badavane Colony
bob colony,Bob Colony
bodanahosahalli,Bodanahosahalli
bolamaranahalli,Bolamaranahalli
bolare,Bolare
bolare gate,Bolare Gate
boldwin girls high school,Boldwin Girls High School
bombay dyeing yashwanthapura,Bombay Dyeing Yashwanthapura
bombay estate guruvanahalli,Bombay Estate Guruvanahalli
bommachanahalli,Bommachanahalli
bommachannahalli,Bommachannahalli
bommana halli devasthana,Bommana Halli Devasthana
bommanabande,Bommanabande
bommanahalli fly over,Bommanahalli Fly Over
bommanahalli###191,Bommanahalli (Central Bengaluru)
bommanahalli###21,Bommanahalli (Bengaluru)
bommandahalli,Bommandahalli
bommandanahalli cross,Bommandanahalli Cross
bommasandra,Bommasandra
bommasandra canara bank,Bommasandra Canara Bank
bommasandra village,Bommasandra Village
bommashettyhalli,Bommashettyhalli
bommashettyhalli cross,Bommashettyhalli Cross
bommawara gate,Bommawara Gate
bommenahalli,Bommenahalli
bommenahalli colony,Bommenahalli Colony
bone mill,Bone Mill
booathanahalli,Booathanahalli
book factory thanisandra,Book Factory Thanisandra
boorugunte,Boorugunte
boothanahalli,Boothanahalli
bordugallu,Bordugallu
borehalli,Borehalli
borewell,Borewell
born babies,Born Babies
bosch main gate bidadi,Bosch Main Gate Bidadi
bp indian school nelamangala,Bp Indian School Nelamangala
bpl###15,BPL (Central Bengaluru)
bpl###224,BPL (Central Bengaluru)
bpl###227,BPL (South-West Bengaluru)
brahma devara gudda,Brahma Devara Gudda
bridge,Bridge
brigade atmosphere,Brigade Atmosphere
brigade meadows kanakapura road,Brigade Meadows Kanakapura Road
brigade millenium,Brigade Millenium
brigade omega apartment,Brigade Omega Apartment
brigade palm springs,Brigade Palm Springs
brigade road,Brigade Road
bristol quarters,Bristol Quarters
broad casting compound kadanur,Broad Casting Compound Kadanur
brook bond,Brook Bond
brook haven jp nagara 8th phase,Brook Haven JP Nagara 8th Phase
brook steel esi,Brook Steel ESI
brooke bond,Brooke Bond
brudavana nagara jinke vana,Brudavana Nagara Jinke Vana
brundavana badavane,Brundavana Badavane
brundavana nagara,Brundavana Nagara
brundavana peenya,Brundavana Peenya
brundavana peenya 2nd stage,Brundavana Peenya 2nd Stage
brundavananagara jinke park,Brundavananagara Jinke Park
brv talkies cubbon road,Brv Talkies Cubbon Road
bsf yalahanka,Bsf Yalahanka
btl college,Btl College
btm layout,BTM Layout
btm layout 16th main,BTM Layout 16th Main
btm layout 16th main road,BTM Layout 16th Main Road
btm layout 7th main,BTM Layout 7th Main
btm layout bus stop,BTM Layout Bus Stop
btm layout south,BTM Layout South
btm layout water tank,BTM Layout Water Tank
btm water tank,BTM Water Tank
btr garden,Btr Garden
bts layout basaveshwaranagara,Bts Layout Basaveshwaranagara
buc adm block,Buc Adm Block
buc ladies hostel,Buc Ladies Hostel
buc library,Buc Library
buc quarters,Buc Quarters
budigere,Budigere
budigere cross,Budigere Cross
budihal,Budihal
budihal gate###8,Budihal Gate (Bengaluru)
budihal gate###9,Budihal Gate (North-East Bengaluru)
budumanahalli,Budumanahalli
budumanahalli cross,Budumanahalli Cross
bukkasagara,Bukkasagara
bull temple,Bull Temple
bullahalli,Bullahalli
buragamarada palya,Buragamarada Palya
burumarana doddy,Burumarana Doddy
bwssb quarters,Bwssb Quarters
bwssb quarters nayandahalli,Bwssb Quarters Nayandahalli
bwssb tavarekere,Bwssb Tavarekere
byadarahalli gate,Byadarahalli Gate
byadarahalli###14,Byadarahalli (Bengaluru)
byadarahalli###4,Byadarahalli (West Bengaluru)
byadarahalli###5,Byadarahalli (East Bengaluru)
byagadadenahalli gate,Byagadadenahalli Gate
byalahalli garment,Byalahalli Garment
byalahalli###2,Byalahalli (North-East Bengaluru)
byalahalli###4,Byalahalli (East Bengaluru)
byalalu,Byalalu
byana palya,Byana Palya
byandana halli,Byandana Halli
byandana halli colony,Byandana Halli Colony
byappanahalli rly gate,Byappanahalli Rly Gate
byatarayana doddy,Byatarayana Doddy
byatarayana doddy cross,Byatarayana Doddy Cross
byatarayana pura,Byatarayana Pura
byatarayanapura,Byatarayanapura
byatha,Byatha
byatha cross,Byatha Cross
bychakuppe,Bychakuppe
bychapura,Bychapura
bychapura appartment,Bychapura Appartment
bychohalli,Bychohalli
bylakonenahalli,Bylakonenahalli
bylanjaneya swamy temple gollahalli,Bylanjaneya Swamy Temple Gollahalli
byra doddy circle,Byra Doddy Circle
byramangala,Byramangala
byramangala circle,Byramangala Circle
byramangala cross,Byramangala Cross
byranahalli cross,Byranahalli Cross
byranayakanahalli,Byranayakanahalli
byranayakanahalli railway station,Byranayakanahalli Railway Station
byrapura,Byrapura
byrasandra aralumallige,Byrasandra Aralumallige
byrasandra cross,Byrasandra Cross
byrasandra dinne,Byrasandra Dinne
byrasandra new bus stand,Byrasandra New Bus Stand
byrasandra###0,Byrasandra (West Bengaluru)
byrasandra###4,Byrasandra (South-West Bengaluru)
byrasandrapalya gate,Byrasandrapalya Gate
byrashettyhalli,Byrashettyhalli
byrathi,Byrathi
byrathi bande,Byrathi Bande
byrathi cross,Byrathi Cross
byraveshwara layout,Byraveshwara Layout
byraveshwaranagara,Byraveshwaranagara
byregowdanahalli colony,Byregowdanahalli Colony
byregowdanahalli2,Byregowdanahalli2
byregowdanahalli3,Byregowdanahalli3
byrohalli,Byrohalli
byrohalli gate,Byrohalli Gate
c q a l,C Q A L
c r p f kaggalipura main road,C R P F Kaggalipura Main Road
c r p f yelahanka,C R P F Yelahanka
cable factory ittagallapura,Cable Factory Ittagallapura
cable factory kakolu road,Cable Factory Kakolu Road
cadabams,Cadabams
cambridge north campus,Cambridge North Campus
cambridge public school yalahanka,Cambridge Public School Yalahanka
canara bank begur,Canara Bank Begur
canara bank hebbal,Canara Bank Hebbal
canara bank hebbala###0,Canara Bank Hebbala (Central Bengaluru)
canara bank hebbala###223,Canara Bank Hebbala (West Bengaluru)
canara bank koramangala,Canara Bank Koramangala
canara bank millers road,Canara Bank Millers Road
canara bank rajaji nagara,Canara Bank Rajaji Nagara
canara bank rajajinagara 1st block,Canara Bank Rajajinagara 1st Block
canara bank subramanyanagara,Canara Bank Subramanyanagara
canara bank tannery road,Canara Bank Tannery Road
canara bank vidyaranyapura,Canara Bank Vidyaranyapura
canara bank###4,Canara Bank (Central Bengaluru)
canara bank###6,Canara Bank (West Bengaluru)
canara bank###7,Canara Bank (Central Bengaluru)
cantonment railway station,Cantonment Railway Station
cargo village,Cargo Village
carmel convent jayanagara,Carmel Convent Jayanagara
carmelaram gate,Carmelaram Gate
carmelaram railway station,Carmelaram Railway Station
carmelram gate,Carmelram Gate
carmelram railway station,Carmelram Railway Station
carmelram school railway gate,Carmelram School Railway Gate
cauvery bhavana,Cauvery Bhavana
cauvery nagara,Cauvery Nagara
cauvery public school sahakarnagara,Cauvery Public School Sahakarnagara
cauvery school sahakara nagara,Cauvery School Sahakara Nagara
cbi,Cbi
cbi office,Cbi Office
center for learning school campus magadi road,Center For Learning School Campus Magadi Road
central,Central
central silk board,Central Silk Board
cfsp farm,Cfsp Farm
cghs,Cghs
cghs nagavar palya,Cghs Nagavar Palya
chaithanya samarpan apartment,Chaithanya Samarpan Apartment
chakkalatti,Chakkalatti
chakkasandra gate,Chakkasandra Gate
challagatta,Challagatta
challaghatta,Challaghatta
challahalli,Challahalli
challahalli colony,Challahalli Colony
challeghatta,Challeghatta
chamarajapet###194,Chamarajapet (West Bengaluru)
chamarajapet###198,Chamarajapet (West Bengaluru)
chamarajapete ramamandira,Chamarajapete Ramamandira
chambenahalli,Chambenahalli
chambenahalli gate,Chambenahalli Gate
chamundeshwari layout,Chamundeshwari Layout
chamundi nagara,Chamundi Nagara
chamundi nagara magadi road,Chamundi Nagara Magadi Road
chandapura,Chandapura
chandapura cross,Chandapura Cross
chandapura keb,Chandapura KEB
chandra layout,Chandra Layout
chandra layout 1st stage,Chandra Layout 1st Stage
chandra layout circle,Chandra Layout Circle
chandra nagara,Chandra Nagara
chandra nagara cross,Chandra Nagara Cross
chandra public school,Chandra Public School
chandra school,Chandra School
chandrappa circle,Chandrappa Circle
chandrappanagara,Chandrappanagara
channa marayyanapalya,Channa Marayyanapalya
channa nayakanapalya,Channa Nayakanapalya
channabyregowda circle hosakote,Channabyregowda Circle Hosakote
channadasi palya,Channadasi Palya
channadasipalya,Channadasipalya
channadevi agrahara,Channadevi Agrahara
channadevi agrahara cross,Channadevi Agrahara Cross
channahalli gate,Channahalli Gate
channakeshavanagara,Channakeshavanagara
channammanakere achukattu,Channammanakere Achukattu
channammanapalya,Channammanapalya
channappa circle,Channappa Circle
channapura gate,Channapura Gate
channarayapatna,Channarayapatna
channarayapatna school,Channarayapatna School
channasandra colony,Channasandra Colony
channasandra###116,Channasandra (East Bengaluru)
channasandra###124,Channasandra (West Bengaluru)
channasandra###13,Channasandra (North Bengaluru)
channegowdana doddy,Channegowdana Doddy
channenahalli,Channenahalli
channenahalli arch,Channenahalli Arch
chapparadakallu,Chapparadakallu
chapradakallu,Chapradakallu
charles school,Charles School
charls school toll gate,Charls School Toll Gate
chatra (yeliyuru gate),Chatra (Yeliyuru Gate)
cheemachanahalli,Cheemachanahalli
cheemandahalli,Cheemandahalli
cheemandahalli cross,Cheemandahalli Cross
cheemasandra gate,Cheemasandra Gate
cheemasandra###0,Cheemasandra (Central Bengaluru)
cheemasandra###1,Cheemasandra (North-East Bengaluru)
chelekere circle,Chelekere Circle
cheluvayyanapalya,Cheluvayyanapalya
chennathimmana gollahalli gate,Chennathimmana Gollahalli Gate
chenuvalli,Chenuvalli
chikka adugodi,Chikka Adugodi
chikka arasanahalli,Chikka Arasanahalli
chikka banavara,Chikka Banavara
chikka banawara sante beedi,Chikka Banawara Sante Beedi
chikka basti,Chikka Basti
chikka basti masjid,Chikka Basti Masjid
chikka beguru,Chikka Beguru
chikka belavagala gate,Chikka Belavagala Gate
chikka bellandur,Chikka Bellandur
chikka bellanduru,Chikka Bellanduru
chikka bettahalli,Chikka Bettahalli
chikka bidarakallu,Chikka Bidarakallu
chikka bommasandra,Chikka Bommasandra
chikka bommasandra cross,Chikka Bommasandra Cross
chikka byalakere,Chikka Byalakere
chikka dasarahalli,Chikka Dasarahalli
chikka dasarahalli cross,Chikka Dasarahalli Cross
chikka devasandra kr puram,Chikka Devasandra KR Puram
chikka dunnasandra,Chikka Dunnasandra
chikka gollarahatti,Chikka Gollarahatti
chikka gubbi,Chikka Gubbi
chikka gubbi cross,Chikka Gubbi Cross
chikka hagade,Chikka Hagade
chikka hagade gate,Chikka Hagade Gate
chikka haralagere,Chikka Haralagere
chikka hosahalli,Chikka Hosahalli
chikka indluwadi,Chikka Indluwadi
chikka kammanahalli,Chikka Kammanahalli
chikka kodigehalli,Chikka Kodigehalli
chikka kogilu gate,Chikka Kogilu Gate
chikka kukkanahalli,Chikka Kukkanahalli
chikka kuntanahalli,Chikka Kuntanahalli
chikka kuntanahalli cross,Chikka Kuntanahalli Cross
chikka madhure,Chikka Madhure
chikka mariyappanapalya,Chikka Mariyappanapalya
chikka maskal,Chikka Maskal
chikka nagamangala,Chikka Nagamangala
chikka nagamangala gate,Chikka Nagamangala Gate
chikka nallala,Chikka Nallala
chikka nekkundi,Chikka Nekkundi
chikka puttaiahnapalya,Chikka Puttaiahnapalya
chikka sanne gate,Chikka Sanne Gate
chikka tanda manchenahalli cross,Chikka Tanda Manchenahalli Cross
chikka tattamangala gate,Chikka Tattamangala Gate
chikka thataguni,Chikka Thataguni
chikka thirupathi,Chikka Thirupathi
chikka thogurupalya,Chikka Thogurupalya
chikka tirupathi,Chikka Tirupathi
chikka tumkur,Chikka Tumkur
chikka tumkur cross,Chikka Tumkur Cross
chikka tumkur lake,Chikka Tumkur Lake
chikka veeraiahanapalya cross,Chikka Veeraiahanapalya Cross
chikka veeraiahnapalya,Chikka Veeraiahnapalya
chikkaballapura,Chikkaballapura
chikkabanavara railway station,Chikkabanavara Railway Station
chikkabanawara,Chikkabanawara
chikkabanawara railway gate,Chikkabanawara Railway Gate
chikkabelavangala gate,Chikkabelavangala Gate
chikkabettahalli,Chikkabettahalli
chikkabidarakallu,Chikkabidarakallu
chikkabommasandra cross,Chikkabommasandra Cross
chikkagattiganabbe,Chikkagattiganabbe
chikkagollarahatti,Chikkagollarahatti
chikkagubbi cross,Chikkagubbi Cross
chikkahosahalli gate,Chikkahosahalli Gate
chikkahullur,Chikkahullur
chikkajala,Chikkajala
chikkallasandra,Chikkallasandra
chikkallasandra aralimara,Chikkallasandra Aralimara
chikkallasandra bank colony,Chikkallasandra Bank Colony
chikkamaranahalli colony,Chikkamaranahalli Colony
chikkamaranahalli###0,Chikkamaranahalli (Bengaluru)
chikkamaranahalli###2,Chikkamaranahalli (North-East Bengaluru)
chikkammanapalya,Chikkammanapalya
chikkana hosahalli,Chikkana Hosahalli
chikkanahalli (railway gollahalli),Chikkanahalli (Railway Gollahalli)
chikkanahalli bande,Chikkanahalli Bande
chikkanahalli school,Chikkanahalli School
chikkanahalli###18,Chikkanahalli (Bengaluru)
chikkanahalli###2,Chikkanahalli (West Bengaluru)
chikkanahalli###33,Chikkanahalli (South Bengaluru)
chikkanahalli###34,Chikkanahalli (Bengaluru)
chikkanahalli###37,Chikkanahalli (North-East Bengaluru)
chikkanayakanahalli,Chikkanayakanahalli
chikkanayakanahalli dinne,Chikkanayakanahalli Dinne
chikkegowdanapalya,Chikkegowdanapalya
chikkellur cross,Chikkellur Cross
chimandahalli,Chimandahalli
chinmaya mission hospital,Chinmaya Mission Hospital
chinnaiahnapalya,Chinnaiahnapalya
chinnakurchi,Chinnakurchi
chinnappa garden,Chinnappa Garden
chinnappa layout,Chinnappa Layout
chinnappana garden,Chinnappana Garden
chinnaswamy stadium,Chinnaswamy Stadium
chinnayyanapalya silk farm,Chinnayyanapalya Silk Farm
chinthala madivala,Chinthala Madivala
chinthala madivala cross,Chinthala Madivala Cross
chinthala madiwala,Chinthala Madiwala
chirayu pali clinic,Chirayu Pali Clinic
chitrakala parishath new campus srinivasapura,Chitrakala Parishath New Campus Srinivasapura
chocolate,Chocolate
chokkahalli factory gate,Chokkahalli Factory Gate
chokkahalli gate,Chokkahalli Gate
chokkanahali government school,Chokkanahali Government School
chokkanahalli gate,Chokkanahalli Gate
chokkanahalli###13,Chokkanahalli (Central Bengaluru)
chokkanahalli###15,Chokkanahalli (North-East Bengaluru)
chokkanahalli###16,Chokkanahalli (North Bengaluru)
chokkasandra,Chokkasandra
chokkasandra cross,Chokkasandra Cross
chokkasandra gate,Chokkasandra Gate
cholanayakanahalli,Cholanayakanahalli
cholappanahalli gate,Cholappanahalli Gate
choodasandra,Choodasandra
choodasandra circle,Choodasandra Circle
choudappa layout,Choudappa Layout
chowdanahalli,Chowdanahalli
chowdappanahalli,Chowdappanahalli
chowdareddy circle,Chowdareddy Circle
chowdary line,Chowdary Line
chowdeshwari,Chowdeshwari
chowdeshwari nagara thataguni,Chowdeshwari Nagara Thataguni
chowdeshwari temple b channasandra,Chowdeshwari Temple B Channasandra
chowdeshwari temple###1,Chowdeshwari Temple (South Bengaluru)
chowdeshwari temple###3,Chowdeshwari Temple (West Bengaluru)
chowdeshwarinagara bus stand,Chowdeshwarinagara Bus Stand
chowdeshwarinagara jp park,Chowdeshwarinagara JP Park
chowdeshwarinagara thataguni,Chowdeshwarinagara Thataguni
chowdeshwarinagara###14,Chowdeshwarinagara (Bengaluru)
chowdeshwarinagara###17,Chowdeshwarinagara (West Bengaluru)
christ international school cross,Christ International School Cross
christ school,Christ School
christal house learning school,Christal House Learning School
chudahalli,Chudahalli
chunchaghatta,Chunchaghatta
chunchanakuppe,Chunchanakuppe
church rm nagar,Church Rm Nagar
church###2,Church (West Bengaluru)
church###3,Church (South Bengaluru)
cil,Cil
cipla avalahalli,Cipla Avalahalli
city civil court,City Civil Court
city civil court (chakra),City Civil Court (Chakra)
city engineering college vasantha vallabha nagara,City Engineering College Vasantha Vallabha Nagara
city railway station,City Railway Station
ck palya,Ck Palya
ck palya cross,Ck Palya Cross
ck palya dinne,Ck Palya Dinne
ck thandya,Ck Thandya
ck thandya cross,Ck Thandya Cross
ck thandya junction,Ck Thandya Junction
clarence school,Clarence School
classic archid apartment kothanuru,Classic Archid Apartment Kothanuru
cmh hospital,Cmh Hospital
cmr college,Cmr College
cmrit,CMRIT
cmrit college,CMRIT College
cmti,Cmti
cmti goragunte palya,Cmti Goragunte Palya
coca cola byramangala,Coca Cola Byramangala
coffee board layout,Coffee Board Layout
coffee day hope farm,Coffee Day Hope Farm
cohera,Cohera
coles park,Coles Park
coles road,Coles Road
college cross byadarahalli,College Cross Byadarahalli
college stop gollarahatti,College Stop Gollarahatti
commando hospital,Commando Hospital
commercial street,Commercial Street
concord apartment electronic city,Concord Apartment Electronic City
concorde napa valley,Concorde Napa Valley
contonment railway station,Contonment Railway Station
convent school,Convent School
corporation,Corporation
corporation office,Corporation Office
corporationpallavi,Corporationpallavi
country club bagaluru,Country Club Bagaluru
cox town,Cox Town
coxtown circle,Coxtown Circle
coxtown water tank,Coxtown Water Tank
cpri,Cpri
cpri quarters,Cpri Quarters
cpwd quarters hsr layout,Cpwd Quarters HSR Layout
cqael cqeae complex,Cqael Cqeae Complex
cr police ground,Cr Police Ground
cross kenganahalli,Cross Kenganahalli
crown plaza,Crown Plaza
crpf,Crpf
crystal apartment sarjapura road,Crystal Apartment Sarjapura Road
cs depot-25 hsr layout,Cs Depot-25 HSR Layout
cs-1st cross magadi road,Cs-1St Cross Magadi Road
cs-5th block hbr layout,Cs-5Th Block Hbr Layout
cs-5th phase yelahanka,Cs-5Th Phase Yelahanka
cs-6th block rajajinagara,Cs-6Th Block Rajajinagara
cs-80 feet road kalyananagara,Cs-80 Feet Road Kalyananagara
cs-8th mile,Cs-8Th Mile
cs-active public school hommadevanahalli,Cs-Active Public School Hommadevanahalli
cs-adishwara bombay dying,Cs-Adishwara Bombay Dying
cs-admc quarters office,Cs-Admc Quarters Office
cs-ajmeer apartment neeladri road,Cs-Ajmeer Apartment Neeladri Road
cs-alphine apartment,Cs-Alphine Apartment
cs-aluru,Cs-Aluru
cs-ambedkar institute of technology,Cs-Ambedkar Institute Of Technology
cs-anchepalya,Cs-Anchepalya
cs-andhrahalli govt school,Cs-Andhrahalli Govt School
cs-anjanamurty,Cs-Anjanamurty
cs-anjaneya temple beguru,Cs-Anjaneya Temple Beguru
cs-annapoorneshwarinagara,Cs-Annapoorneshwarinagara
cs-arakere gate,Cs-Arakere Gate
cs-arehalli taja cake,Cs-Arehalli Taja Cake
cs-arishinakunte,Cs-Arishinakunte
cs-army public school (parachute regiment),Cs-Army Public School (Parachute Regiment)
cs-army public school asc center,Cs-Army Public School Asc Center
cs-army public school kamaraja road,Cs-Army Public School Kamaraja Road
cs-ashoka pillar,Cs-Ashoka Pillar
cs-aspire bee school,Cs-Aspire Bee School
cs-avasarala factory kanakapura road,Cs-Avasarala Factory Kanakapura Road
cs-ayyappa temple banasawadi,Cs-Ayyappa Temple Banasawadi
cs-b channasandra bridge,Cs-B Channasandra Bridge
cs-bagalagunte cross,Cs-Bagalagunte Cross
cs-bagmane tech park,Cs-Bagmane Tech Park
cs-bagmane tech park (graphite india),Cs-Bagmane Tech Park (Graphite India)
cs-baiyappanahalli metro station,Cs-Baiyappanahalli Metro Station
cs-bamboo bazaar,Cs-Bamboo Bazaar
cs-banashankari,Cs-Banashankari
cs-bande mutt arch,Cs-Bande Mutt Arch
cs-bannerughatta circle,Cs-Bannerughatta Circle
cs-basava gangotri samste,Cs-Basava Gangotri Samste
cs-basavanagara kengeri,Cs-Basavanagara Kengeri
cs-beereshwaranagara,Cs-Beereshwaranagara
cs-bel factory,Cs-Bel Factory
cs-belenus hospital near carmelram gate,Cs-Belenus Hospital Near Carmelram Gate
cs-beml factory,Cs-Beml Factory
cs-beml layout jvs,Cs-Beml Layout Jvs
cs-bhartiya city chokkanahalli,Cs-Bhartiya City Chokkanahalli
cs-bhattarahalli bank of india,Cs-Bhattarahalli Bank Of India
cs-bhodhana hosahalli,Cs-Bhodhana Hosahalli
cs-bhoopasandra,Cs-Bhoopasandra
cs-bhuvaneshwari nagar,Cs-Bhuvaneshwari Nagar
cs-bidarahalli,Cs-Bidarahalli
cs-binny mill eta garden,Cs-Binny Mill Eta Garden
cs-bishop coton girls high school,Cs-Bishop Coton Girls High School
cs-bmsit college campous yelahanka,Cs-Bmsit College Campous Yelahanka
cs-bommasandra canara bank,Cs-Bommasandra Canara Bank
cs-bone mill,Cs-Bone Mill
cs-bpl arekere,Cs-Bpl Arekere
cs-brigade millenium,Cs-Brigade Millenium
cs-bristol quarters,Cs-Bristol Quarters
cs-buc quarters,Cs-Buc Quarters
cs-budigere,Cs-Budigere
cs-byrathi bande,Cs-Byrathi Bande
cs-cbi,Cs-Cbi
cs-centre for learning school varadenahalli,Cs-Centre For Learning School Varadenahalli
cs-chandra layout,Cs-Chandra Layout
cs-chandrappa circle,Cs-Chandrappa Circle
cs-channasandra,Cs-Channasandra
cs-chikka bellanduru,Cs-Chikka Bellanduru
cs-chikkabanavara,Cs-Chikkabanavara
cs-chinnappa garden,Cs-Chinnappa Garden
cs-chowdary line,Cs-Chowdary Line
cs-chowdeshwarinagara orr,Cs-Chowdeshwarinagara Orr
cs-christal house learning school,Cs-Christal House Learning School
cs-classic archid apartment kothanuru,Cs-Classic Archid Apartment Kothanuru
cs-cmp centre and school,Cs-Cmp Centre And School
cs-cpwd hsr layout,Cs-Cpwd HSR Layout
cs-cv raman nagara railway gate,Cs-Cv Raman Nagara Railway Gate
cs-cws-3,Cs-Cws-3
cs-dayanand sagar college kanakapura road,Cs-Dayanand Sagar College Kanakapura Road
cs-dayananda sagar college banashankari,Cs-Dayananda Sagar College Banashankari
cs-deepa complex,Cs-Deepa Complex
cs-deepanjalinagara,Cs-Deepanjalinagara
cs-depot-06 gate,Cs-Depot-06 Gate
cs-depot-10 gate,Cs-Depot-10 Gate
cs-depot-12 gate,Cs-Depot-12 Gate
cs-depot-14 gate,Cs-Depot-14 Gate
cs-depot-24 gate,Cs-Depot-24 Gate
cs-depot-31,Cs-Depot-31
cs-depot-34,Cs-Depot-34
cs-depot-42 gate,Cs-Depot-42 Gate
cs-devis road,Cs-Devis Road
cs-dhoopanahalli,Cs-Dhoopanahalli
cs-dodda nagamangala tirumala bekary,Cs-Dodda Nagamangala Tirumala Bekary
cs-doddabele,Cs-Doddabele
cs-doddakannalli,Cs-Doddakannalli
cs-domlur marriad accomadation,Cs-Domlur Marriad Accomadation
cs-dsc hal gm palya,Cs-Dsc HAL Gm Palya
cs-east end jayanagara,Cs-East End Jayanagara
cs-ejipura,Cs-Ejipura
cs-electronic city,Cs-Electronic City
cs-esha hospital attur layout,Cs-Esha Hospital Attur Layout
cs-faz farms,Cs-Faz Farms
cs-featherlite factory hejjala,Cs-Featherlite Factory Hejjala
cs-fetherlite factory guddadahalli,Cs-Fetherlite Factory Guddadahalli
cs-ganapathi enclave,Cs-Ganapathi Enclave
cs-gangondanahalli chandra layout,Cs-Gangondanahalli Chandra Layout
cs-garuda mall magrath road,Cs-Garuda Mall Magrath Road
cs-gbj colony gate doddanekkundi,Cs-Gbj Colony Gate Doddanekkundi
cs-genius global school kodathi,Cs-Genius Global School Kodathi
cs-girinagara extension,Cs-Girinagara Extension
cs-gkw layout,Cs-Gkw Layout
cs-gm palya,Cs-Gm Palya
cs-gnana bodhini high school,Cs-Gnana Bodhini High School
cs-gongatipura,Cs-Gongatipura
cs-good earth malhar,Cs-Good Earth Malhar
cs-goraguntepalya (towards yashwanthapura ttmc),Cs-Goraguntepalya (Towards Yashwanthapura TTMC)
cs-gottigere,Cs-Gottigere
cs-govt soap factory,Cs-Govt Soap Factory
cs-gowdanapalya,Cs-Gowdanapalya
cs-gruhalakshmi layout,Cs-Gruhalakshmi Layout
cs-gubbi cross,Cs-Gubbi Cross
cs-gunjuru,Cs-Gunjuru
cs-hado siddapura,Cs-Hado Siddapura
cs-hal ardc,Cs-Hal Ardc
cs-hal gnanajyothi school,Cs-Hal Gnanajyothi School
cs-hal hospital,Cs-Hal Hospital
cs-hal lca,Cs-Hal Lca
cs-hal main gate,Cs-Hal Main Gate
cs-hal market/sbi bank,Cs-Hal Market/Sbi Bank
cs-hal museum,Cs-Hal Museum
cs-hal new public school,Cs-Hal New Public School
cs-hasanath college dickenson road,Cs-Hasanath College Dickenson Road
cs-havanur circle,Cs-Havanur Circle
cs-head start school kommasandra,Cs-Head Start School Kommasandra
cs-hegganahalli,Cs-Hegganahalli
cs-heritage estate,Cs-Heritage Estate
cs-hosa road,Cs-Hosa Road
cs-hosakerehalli cross,Cs-Hosakerehalli Cross
cs-hosakote keb circle,Cs-Hosakote KEB Circle
cs-hp petrol bunk coles road,Cs-Hp Petrol Bunk Coles Road
cs-iihs sadashivanagara,Cs-Iihs Sadashivanagara
cs-indian airforce yelahanka,Cs-Indian Airforce Yelahanka
cs-indiranagara 12th main,Cs-Indiranagara 12th Main
cs-indiranagara kfc,Cs-Indiranagara Kfc
cs-indiranagara police station/kfc,Cs-Indiranagara Police Station/Kfc
cs-isro karthik nagara,Cs-Isro Karthik Nagara
cs-isro murugeshpalya,Cs-Isro Murugeshpalya
cs-isro quarters jalahalli,Cs-Isro Quarters Jalahalli
cs-itpl,Cs-Itpl
cs-ittamadu reliance smart point,Cs-Ittamadu Reliance Smart Point
cs-jai bharath nagar,Cs-Jai Bharath Nagar
cs-jalahalli cross,Cs-Jalahalli Cross
cs-jalavayuvihar,Cs-Jalavayuvihar
cs-jambu savari dinne,Cs-Jambu Savari Dinne
cs-janatha bazar banashankari,Cs-Janatha Bazar Banashankari
cs-jindal,Cs-Jindal
cs-jnanakshi vidyaniketan school,Cs-Jnanakshi Vidyaniketan School
cs-jp nagara 15th cross,Cs-Jp Nagara 15th Cross
cs-jp nagara 6th phase,Cs-Jp Nagara 6th Phase
cs-jp nagara metro station,Cs-Jp Nagara Metro Station
cs-juggat pharma,Cs-Juggat Pharma
cs-k narayanapura,Cs-K Narayanapura
cs-k narayanapura cross,Cs-K Narayanapura Cross
cs-kachamaranahalli,Cs-Kachamaranahalli
cs-kacharakanahalli,Cs-Kacharakanahalli
cs-kadugodi bus stand,Cs-Kadugodi Bus Stand
cs-kalkere,Cs-Kalkere
cs-kalyana mantapa koramangala,Cs-Kalyana Mantapa Koramangala
cs-kalyananagara bus stand,Cs-Kalyananagara Bus Stand
cs-kamakya talkies,Cs-Kamakya Talkies
cs-kamalanagara,Cs-Kamalanagara
cs-kangovi pvt ltd kukkanahalli,Cs-Kangovi PVT LTD Kukkanahalli
cs-kannamangala railway gollahalli,Cs-Kannamangala Railway Gollahalli
cs-kannur circle,Cs-Kannur Circle
cs-karekal cross,Cs-Karekal Cross
cs-kastruriba road,Cs-Kastruriba Road
cs-kaval byrasandra,Cs-Kaval Byrasandra
cs-kempegowda bus station,Cs-Kempegowda Bus Station
cs-kempegowda institute nursing hostel,Cs-Kempegowda Institute Nursing Hostel
cs-kempegowda swimming pool,Cs-Kempegowda Swimming Pool
cs-kendriya vidyalaya asc center,Cs-Kendriya Vidyalaya Asc Center
cs-kendriya vidyalaya drdo quarters,Cs-Kendriya Vidyalaya Drdo Quarters
cs-kendriya vidyalaya halasuru (megc),Cs-Kendriya Vidyalaya Halasuru (Megc)
cs-kendriya vidyalaya malleshwara,Cs-Kendriya Vidyalaya Malleshwara
cs-kengeri bus stand,Cs-Kengeri Bus Stand
cs-kengeri railway station,Cs-Kengeri Railway Station
cs-kengeri work shop,Cs-Kengeri Work Shop
cs-kims makkalakoota,Cs-Kims Makkalakoota
cs-kittanahalli,Cs-Kittanahalli
cs-kle hostel goraguntepalya,Cs-Kle Hostel Goraguntepalya
cs-kle society college,Cs-Kle Society College
cs-kodathi gate,Cs-Kodathi Gate
cs-koli farm gate,Cs-Koli Farm Gate
cs-kommaghatta,Cs-Kommaghatta
cs-konanakunte cross,Cs-Konanakunte Cross
cs-kongovi pvt ltd peenya,Cs-Kongovi PVT LTD Peenya
cs-koramangala ttmc,Cs-Koramangala TTMC
cs-kothnoor dinne jp nagara 8th phase,Cs-Kothnoor Dinne JP Nagara 8th Phase
cs-kr puram govt hospital,Cs-Kr Puram Govt Hospital
cs-kr puram railway station,Cs-Kr Puram Railway Station
cs-kudlu slum quaters,Cs-Kudlu Slum Quaters
cs-kumbalagodu,Cs-Kumbalagodu
cs-lake view appartment near beedi colony,Cs-Lake View Appartment Near Beedi Colony
cs-mahathma vidhyalaya muttanalluru,Cs-Mahathma Vidhyalaya Muttanalluru
cs-makali,Cs-Makali
cs-maligondanahalli,Cs-Maligondanahalli
cs-malya adithi school,Cs-Malya Adithi School
cs-mantri green apartment sampige talkies,Cs-Mantri Green Apartment Sampige Talkies
cs-marappa garden,Cs-Marappa Garden
cs-marathahalli bridge,Cs-Marathahalli Bridge
cs-mariyannapalya,Cs-Mariyannapalya
cs-maruthi mandira,Cs-Maruthi Mandira
cs-mayohall,Cs-Mayohall
cs-meg center,Cs-Meg Center
cs-miranda school,Cs-Miranda School
cs-mount carmel college,Cs-Mount Carmel College
cs-ms palya,Cs-Ms Palya
cs-muneshwar temple bmd,Cs-Muneshwar Temple Bmd
cs-muneshwara layout,Cs-Muneshwara Layout
cs-munnekolalu,Cs-Munnekolalu
cs-munnekolalu cross,Cs-Munnekolalu Cross
cs-muttanallur cross,Cs-Muttanallur Cross
cs-mylasandra cross,Cs-Mylasandra Cross
cs-nagarabhavi circle,Cs-Nagarabhavi Circle
cs-nagavara junction,Cs-Nagavara Junction
cs-nagavarapalya,Cs-Nagavarapalya
cs-nanjappa circle vrp,Cs-Nanjappa Circle Vrp
cs-narendra tent nagawara,Cs-Narendra Tent Nagawara
cs-national games village gate,Cs-National Games Village Gate
cs-nelamangala bus stand,Cs-Nelamangala Bus Stand
cs-nethravathi block,Cs-Nethravathi Block
cs-ngv koramangala,Cs-Ngv Koramangala
cs-nice junction kengeri,Cs-Nice Junction Kengeri
cs-np medical store rpc layout,Cs-Np Medical Store Rpc Layout
cs-oasis school,Cs-Oasis School
cs-okalipuram,Cs-Okalipuram
cs-old baiyappanahalli,Cs-Old Baiyappanahalli
cs-papas trading pvt ltd,Cs-Papas Trading PVT LTD
cs-parachute,Cs-Parachute
cs-park hotel 1mg,Cs-Park Hotel 1Mg
cs-patalamma temple,Cs-Patalamma Temple
cs-peenya 2nd stage,Cs-Peenya 2nd Stage
cs-people tree hospital girinagara,Cs-People Tree Hospital Girinagara
cs-pes college hostel kasavanahalli,Cs-Pes College Hostel Kasavanahalli
cs-pes college orr,Cs-Pes College Orr
cs-pesit college electronic city,Cs-Pesit College Electronic City
cs-platinum city apartment,Cs-Platinum City Apartment
cs-poornaprajna layout,Cs-Poornaprajna Layout
cs-pottery town,Cs-Pottery Town
cs-raghavendra swamy temple,Cs-Raghavendra Swamy Temple
cs-rajanukunte,Cs-Rajanukunte
cs-ramakrishna ashrama,Cs-Ramakrishna Ashrama
cs-ramamurthy nagara church,Cs-Ramamurthy Nagara Church
cs-ramasandra,Cs-Ramasandra
cs-ramaswamipalya,Cs-Ramaswamipalya
cs-ravi tent,Cs-Ravi Tent
cs-rbi nrupatunga road,Cs-Rbi Nrupatunga Road
cs-rbi quarters cunningham road,Cs-Rbi Quarters Cunningham Road
cs-renaissance prosperio apartment,Cs-Renaissance Prosperio Apartment
cs-rk hegde nagara,Cs-Rk Hegde Nagara
cs-rr medical college,Cs-Rr Medical College
cs-rt nagara police station,Cs-Rt Nagara Police Station
cs-rv college,Cs-Rv College
cs-sacred heart girls' high school,Cs-Sacred Heart Girls' High School
cs-sadashivanagara ing vysya bank,Cs-Sadashivanagara Ing Vysya Bank
cs-sanabil educational trust,Cs-Sanabil Educational Trust
cs-sanjayanagara vybhava talkies,Cs-Sanjayanagara Vybhava Talkies
cs-sapthagiri vidya mandir,Cs-Sapthagiri Vidya Mandir
cs-sarjapura police station,Cs-Sarjapura Police Station
cs-sdm hospital anchepalya,Cs-Sdm Hospital Anchepalya
cs-seetharampalya metro station,Cs-Seetharampalya Metro Station
cs-senior officers quaters,Cs-Senior Officers Quaters
cs-shahi ex pvt ltd u-7 bellanduru,Cs-Shahi Ex PVT LTD U-7 Bellanduru
cs-shahi exports pvt ltd unit-7,Cs-Shahi Exports PVT LTD Unit-7
cs-shakthi hills resort,Cs-Shakthi Hills Resort
cs-shanthinagara bus station,Cs-Shanthinagara Bus Station
cs-shanthinikethana layout,Cs-Shanthinikethana Layout
cs-sheshadripuram fortis hospital,Cs-Sheshadripuram Fortis Hospital
cs-shilp bekary,Cs-Shilp Bekary
cs-shirke khb quarters,Cs-Shirke Khb Quarters
cs-shivanahalli 4th main,Cs-Shivanahalli 4th Main
cs-shobha hills view apartment,Cs-Shobha Hills View Apartment
cs-shubha ultima club house,Cs-Shubha Ultima Club House
cs-sjs cbse gate-2,Cs-Sjs Cbse Gate-2
cs-sompura gate,Cs-Sompura Gate
cs-sony world 80ft road koramangala,Cs-Sony World 80Ft Road Koramangala
cs-sophiya school,Cs-Sophiya School
cs-sri mata amritanandamayi ashram,Cs-Sri Mata Amritanandamayi Ashram
cs-sri rakum school,Cs-Sri Rakum School
cs-sri sai packaging company,Cs-Sri Sai Packaging Company
cs-st benidict school,Cs-St Benidict School
cs-st clare school,Cs-St Clare School
cs-st johns high school thomas cafe,Cs-St Johns High School Thomas Cafe
cs-st johns hospital,Cs-St Johns Hospital
cs-st johns wood apartment tavarekere,Cs-St Johns Wood Apartment Tavarekere
cs-st joseph boys high school musuem road,Cs-St Joseph Boys High School Musuem Road
cs-st vincent palloti school,Cs-St Vincent Palloti School
cs-sultanpalya,Cs-Sultanpalya
cs-swamy vivekanada metro station,Cs-Swamy Vivekanada Metro Station
cs-swastik sheshadripuram,Cs-Swastik Sheshadripuram
cs-syndicate bank colony andraha,Cs-Syndicate Bank Colony Andraha
cs-tarapura officer colony,Cs-Tarapura Officer Colony
cs-tc palya,Cs-Tc Palya
cs-thanisandra,Cs-Thanisandra
cs-tharahunise,Cs-Tharahunise
cs-thataguni sai garden,Cs-Thataguni Sai Garden
cs-the light house international academy,Cs-The Light House International Academy
cs-therelek eng pvt limited avverahalli,Cs-Therelek Eng PVT Limited Avverahalli
cs-therelek engineers pvt ltd peenya,Cs-Therelek Engineers PVT LTD Peenya
cs-tin factory,Cs-Tin Factory
cs-udbhava school gulaganjanahalli,Cs-Udbhava School Gulaganjanahalli
cs-ultra violatt automotion jigani,Cs-Ultra Violatt Automotion Jigani
cs-uttamasagar hotel banasawadi,Cs-Uttamasagar Hotel Banasawadi
cs-uttarahalli,Cs-Uttarahalli
cs-v care hospital,Cs-V Care Hospital
cs-vaddarapalya (anugraha meadows),Cs-Vaddarapalya (Anugraha Meadows)
cs-vaiyalikaval police station,Cs-Vaiyalikaval Police Station
cs-valley school kanakapura road,Cs-Valley School Kanakapura Road
cs-vasanth enclave,Cs-Vasanth Enclave
cs-vidyamanyanagara,Cs-Vidyamanyanagara
cs-vidyaniketan school hebbala,Cs-Vidyaniketan School Hebbala
cs-vidyaranyapura,Cs-Vidyaranyapura
cs-vidyaranyapura bus stand,Cs-Vidyaranyapura Bus Stand
cs-vignananagara,Cs-Vignananagara
cs-vijayanagara,Cs-Vijayanagara
cs-vinayakanagara indira canteen,Cs-Vinayakanagara Indira Canteen
cs-viva toyota hunasamaranahalli,Cs-Viva Toyota Hunasamaranahalli
cs-whispering meadows patelappa layout,Cs-Whispering Meadows Patelappa Layout
cs-wilson garden 10th cross,Cs-Wilson Garden 10th Cross
cs-yashwanthapura ttmc,Cs-Yashwanthapura TTMC
cs-yelahanka satellite town,Cs-Yelahanka Satellite Town
csi hospital,Csi Hospital
csi###0,Csi (West Bengaluru)
csi###13,Csi (West Bengaluru)
cubbon park metro station,Cubbon Park Metro Station
cunningham road,Cunningham Road
cv raman nagara railway gate,Cv Raman Nagara Railway Gate
cv raman nagara###0,Cv Raman Nagara (Central Bengaluru)
cv raman nagara###6,Cv Raman Nagara (Central Bengaluru)
cws-3 bmtc,Cws-3 BMTC
c‌ q a l,C‌ Q A L
d cross doddaballapura,D Cross Doddaballapura
d group employees layout,D Group Employees Layout
d group employees layout srigandhada kaval,D Group Employees Layout Srigandhada Kaval
d hosahalli,D Hosahalli
d hosahalli cross,D Hosahalli Cross
d shettihalli gate,D Shettihalli Gate
d souza circle,D Souza Circle
d souza nagara,D Souza Nagara
dabaspete,Dabaspete
dabbaguli,Dabbaguli
dabbaguli gate,Dabbaguli Gate
dabbaguli gate-2,Dabbaguli Gate-2
dairy circle yalahanka new town,Dairy Circle Yalahanka New Town
dairy hegganahalli,Dairy Hegganahalli
dalai lama college,Dalai Lama College
dalmia circle,Dalmia Circle
damodhar nagara,Damodhar Nagara
dandiganahalli,Dandiganahalli
dandupalya,Dandupalya
dandupalya cross,Dandupalya Cross
dandupalya gate,Dandupalya Gate
dargha,Dargha
darshan farm,Darshan Farm
dasanapura###78,Dasanapura (South-East Bengaluru)
dasanapura###90,Dasanapura (Bengaluru)
dasanayakanahalli,Dasanayakanahalli
dasappanapalya,Dasappanapalya
dasarahalli hebbala,Dasarahalli Hebbala
dasarahalli kere,Dasarahalli Kere
dasarahalli road junction,Dasarahalli Road Junction
dasarahalli###0,Dasarahalli (Central Bengaluru)
dasarahalli###1,Dasarahalli (East Bengaluru)
dasegowdarapalya,Dasegowdarapalya
dasenahalli cross,Dasenahalli Cross
dattatreya peeta doddagubbi,Dattatreya Peeta Doddagubbi
dattatreya temple,Dattatreya Temple
dattatreya temple malleshwara,Dattatreya Temple Malleshwara
davis road,Davis Road
dayananda sagar college,Dayananda Sagar College
dayananda sagar vidya samste,Dayananda Sagar Vidya Samste
deccan,Deccan
deepa complex,Deepa Complex
deepak,Deepak
deepak factory,Deepak Factory
deepak nursing home,Deepak Nursing Home
deepanjali nagara bmt-16,Deepanjali Nagara Bmt-16
deepanjalinagara,Deepanjalinagara
deepanjalinagara depot-16,Deepanjalinagara Depot-16
dekkan,Dekkan
dell,Dell
dell domluru,Dell Domluru
depot 32,Depot 32
depot 38,Depot 38
depot-02 shanthinagara,Depot-02 Shanthinagara
depot-03 shanthinagara,Depot-03 Shanthinagara
depot-04 jayanagara,Depot-04 Jayanagara
depot-06 gate,Depot-06 Gate
depot-06 indiranagara,Depot-06 Indiranagara
depot-07 subhashnagara,Depot-07 Subhashnagara
depot-08 yashawanthapura,Depot-08 Yashawanthapura
depot-09 peenya,Depot-09 Peenya
depot-10 gate,Depot-10 Gate
depot-10 hennuru,Depot-10 Hennuru
depot-11 puttenahalli,Depot-11 Puttenahalli
depot-12 gate,Depot-12 Gate
depot-12 kengeri,Depot-12 Kengeri
depot-13 kathriguppe,Depot-13 Kathriguppe
depot-14 gate,Depot-14 Gate
depot-14 rt nagara,Depot-14 Rt Nagara
depot-15 koramangala,Depot-15 Koramangala
depot-16 deepanajalinagara,Depot-16 Deepanajalinagara
depot-17 chandra layout,Depot-17 Chandra Layout
depot-18 white field,Depot-18 White Field
depot-19 electronic city,Depot-19 Electronic City
depot-19 gate,Depot-19 Gate
depot-20 banashankari,Depot-20 Banashankari
depot-21 beml layout,Depot-21 Beml Layout
depot-23 kalyana nagara,Depot-23 Kalyana Nagara
depot-24 gate,Depot-24 Gate
depot-24 iti layout,Depot-24 Iti Layout
depot-25,Depot-25
depot-25 gate,Depot-25 Gate
depot-25 gate (central silk board),Depot-25 Gate (Central Silk Board)
depot-25 hsr layout,Depot-25 HSR Layout
depot-26 yeshawanthapura,Depot-26 Yeshawanthapura
depot-27 gate,Depot-27 Gate
depot-27 jigani,Depot-27 Jigani
depot-28 hebbala,Depot-28 Hebbala
depot-29 kr puram,Depot-29 KR Puram
depot-30 puttenahalli,Depot-30 Puttenahalli
depot-31 gate,Depot-31 Gate
depot-31 summanahalli,Depot-31 Summanahalli
depot-32 suryacity,Depot-32 Suryacity
depot-33 poornapragna layout,Depot-33 Poornapragna Layout
depot-34 gate,Depot-34 Gate
depot-34 kottanur,Depot-34 Kottanur
depot-35 gate,Depot-35 Gate
depot-35 kannalli,Depot-35 Kannalli
depot-36 bidadi,Depot-36 Bidadi
depot-36 gate,Depot-36 Gate
depot-37 kengeri,Depot-37 Kengeri
depot-38 chikkanagamangala,Depot-38 Chikkanagamangala
depot-38 gate,Depot-38 Gate
depot-39 gate,Depot-39 Gate
depot-39 hoskote,Depot-39 Hoskote
depot-40 dasanapura,Depot-40 Dasanapura
depot-40 gate,Depot-40 Gate
depot-41 gate,Depot-41 Gate
depot-41 gunjuru,Depot-41 Gunjuru
depot-42 gate arrival,Depot-42 Gate Arrival
depot-42 gate departure,Depot-42 Gate Departure
depot-42 kodathi,Depot-42 Kodathi
depot-43 gate,Depot-43 Gate
depot-43 shivanapura,Depot-43 Shivanapura
depot-44 anjanapura,Depot-44 Anjanapura
depot-45 gate,Depot-45 Gate
depot-45 ms palya,Depot-45 MS Palya
depot-46 gate,Depot-46 Gate
depot-46 sadenahalli,Depot-46 Sadenahalli
depot-47 gate,Depot-47 Gate
depot-47 manduru,Depot-47 Manduru
depot-48 byrathibande,Depot-48 Byrathibande
depot-48 gate,Depot-48 Gate
depot-49 bidadi,Depot-49 Bidadi
depot-50 devanahalli,Depot-50 Devanahalli
depot-51 sadaramangala,Depot-51 Sadaramangala
depot-51 sadaramangala arrival,Depot-51 Sadaramangala Arrival
depot-51 sadaramangala departure,Depot-51 Sadaramangala Departure
depot-52 arrival,Depot-52 Arrival
depot-52 departure,Depot-52 Departure
depot-52 huttanahalli,Depot-52 Huttanahalli
depot-9,Depot-9
deshnarayanaswamy temple,Deshnarayanaswamy Temple
design global mavallipura,Design Global Mavallipura
deva machohalli cross,Deva Machohalli Cross
devadiga soudha,Devadiga Soudha
devaganahalli,Devaganahalli
devagere,Devagere
devagere colony###0,Devagere Colony (South-West Bengaluru)
devagere colony###2,Devagere Colony (South-West Bengaluru)
devagere cross,Devagere Cross
devaiah park,Devaiah Park
devalapura,Devalapura
devalapura circle,Devalapura Circle
devanagondi,Devanagondi
devanagondi ioc,Devanagondi Ioc
devanagondi lpg,Devanagondi Lpg
devanagondi railway station,Devanagondi Railway Station
devanagundi,Devanagundi
devanagundi cross,Devanagundi Cross
devanahalli bypass nh-7,Devanahalli Bypass Nh-7
devanahalli cross sulibele,Devanahalli Cross Sulibele
devanahalli govt hospital,Devanahalli Govt Hospital
devanahalli new bus station,Devanahalli New Bus Station
devanahalli old bus stand,Devanahalli Old Bus Stand
devanahalli talluk office,Devanahalli Talluk Office
devananjayyana palya,Devananjayyana Palya
devanayakanahalli,Devanayakanahalli
devaninjayyanapalya,Devaninjayyanapalya
devanna palya,Devanna Palya
devannanapalya,Devannanapalya
devarabisanahalli ring road,Devarabisanahalli Ring Road
devarachikkanahalli,Devarachikkanahalli
devarahalli cross,Devarahalli Cross
devasandra chikkamaranahalli,Devasandra Chikkamaranahalli
devasandra###0,Devasandra (West Bengaluru)
devasandra###4,Devasandra (Central Bengaluru)
devashettyhalli,Devashettyhalli
devasthana bidluru,Devasthana Bidluru
devasthana kariapppana doddy,Devasthana Kariapppana Doddy
devegowda hospital,Devegowda Hospital
devegowda petrol bunk,Devegowda Petrol Bunk
devi nagara,Devi Nagara
devinagara cross,Devinagara Cross
devis road,Devis Road
dhaba gate,Dhaba Gate
dhananayakanahalli,Dhananayakanahalli
dharma nayakana tandya,Dharma Nayakana Tandya
dharmapura cross,Dharmapura Cross
dharmapura gate,Dharmapura Gate
dharmapura###0,Dharmapura (North-East Bengaluru)
dharmapura###4,Dharmapura (South Bengaluru)
dhfl,Dhfl
dhobhi ghatt,Dhobhi Ghatt
dhobi ghat rajajinagara,Dhobi Ghat Rajajinagara
dhoopanahalli,Dhoopanahalli
diacon hospital,Diacon Hospital
dibbur,Dibbur
dibbur cross,Dibbur Cross
dickenson road,Dickenson Road
dinnepalya,Dinnepalya
dinnur cross,Dinnur Cross
dinnur main road,Dinnur Main Road
dinnur sudhamanagara,Dinnur Sudhamanagara
dinnur###12,Dinnur (East Bengaluru)
dinnur###5,Dinnur (West Bengaluru)
dinnur###9,Dinnur (North-East Bengaluru)
divanara palya,Divanara Palya
diwanarapalya,Diwanarapalya
dlf home town,Dlf Home Town
doctors layout kasturinagara,Doctors Layout Kasturinagara
dodda aladamara,Dodda Aladamara
dodda aladamara cross,Dodda Aladamara Cross
dodda balyar kere,Dodda Balyar Kere
dodda basti,Dodda Basti
dodda bettahalli,Dodda Bettahalli
dodda bommasandra,Dodda Bommasandra
dodda bommasandra arch,Dodda Bommasandra Arch
dodda byalakere,Dodda Byalakere
dodda cheemanahalli,Dodda Cheemanahalli
dodda cheemanahalli cross,Dodda Cheemanahalli Cross
dodda dasarahalli,Dodda Dasarahalli
dodda dasarahalli cross,Dodda Dasarahalli Cross
dodda dunnasandra,Dodda Dunnasandra
dodda dunnasandra cross,Dodda Dunnasandra Cross
dodda gubbi,Dodda Gubbi
dodda haralegere,Dodda Haralegere
dodda hullur gate,Dodda Hullur Gate
dodda hulluru school gate,Dodda Hulluru School Gate
dodda jala,Dodda Jala
dodda kurabarahalli,Dodda Kurabarahalli
dodda nagamangala,Dodda Nagamangala
dodda nagamangala tirumala bekary,Dodda Nagamangala Tirumala Bekary
dodda nallala,Dodda Nallala
dodda nekkundi,Dodda Nekkundi
dodda nekkundi bridge/rainbow hospital,Dodda Nekkundi Bridge/Rainbow Hospital
dodda nekkundi cross,Dodda Nekkundi Cross
dodda nekkundi junction,Dodda Nekkundi Junction
dodda thimmanahalli,Dodda Thimmanahalli
dodda thimmasandra,Dodda Thimmasandra
dodda thimmasandra gate,Dodda Thimmasandra Gate
dodda thoguru,Dodda Thoguru
dodda tumkur,Dodda Tumkur
doddaballapura bus stand,Doddaballapura Bus Stand
doddaballapura govt hospital,Doddaballapura Govt Hospital
doddaballapura keb circle,Doddaballapura KEB Circle
doddaballapura railway station,Doddaballapura Railway Station
doddaballapura tollgate,Doddaballapura Tollgate
doddabannahalli,Doddabannahalli
doddabele,Doddabele
doddabele colony,Doddabele Colony
doddabidarakallu,Doddabidarakallu
doddagattiganabbe,Doddagattiganabbe
doddagattiganabbe cross,Doddagattiganabbe Cross
doddahagade,Doddahagade
doddahosahalli,Doddahosahalli
doddajala,Doddajala
doddakallasandra,Doddakallasandra
doddakallasandra metro station,Doddakallasandra Metro Station
doddakammanahalli,Doddakammanahalli
doddakannalli,Doddakannalli
doddakukkanahalli,Doddakukkanahalli
doddakuntanahalli,Doddakuntanahalli
doddamaranahalli,Doddamaranahalli
doddamma temple###21,Doddamma Temple (South Bengaluru)
doddamma temple###28,Doddamma Temple (South Bengaluru)
doddammana devasthana,Doddammana Devasthana
doddanallurahalli,Doddanallurahalli
doddanalluru,Doddanalluru
doddasanne,Doddasanne
dodderei colony,Dodderei Colony
dodderi college,Dodderi College
dodderi grama,Dodderi Grama
dodderi tumkur road,Dodderi Tumkur Road
doddi,Doddi
doddy chikkakuntanahalli,Doddy Chikkakuntanahalli
doddy###66,Doddy (Central Bengaluru)
doddy###9,Doddy (North Bengaluru)
doddypalya,Doddypalya
dombara doddy cross,Dombara Doddy Cross
dombarahalli,Dombarahalli
dombarahatti dongadipura cross###0,Dombarahatti Dongadipura Cross (West Bengaluru)
dombarahatti dongadipura cross###3,Dombarahatti Dongadipura Cross (West Bengaluru)
domlur bridge###2,Domlur Bridge (Central Bengaluru)
domlur bridge###3,Domlur Bridge (Central Bengaluru)
domlur cross,Domlur Cross
domlur flyover,Domlur Flyover
domlur marriad accomodation,Domlur Marriad Accomodation
domlur ttmc bus stand,Domlur TTMC Bus Stand
domlur###1,Domlur (Central Bengaluru)
domlur###109,Domlur (Central Bengaluru)
domlur###19,Domlur (East Bengaluru)
domlur###8,Domlur (Central Bengaluru)
dommara doddy,Dommara Doddy
dommasandra,Dommasandra
dommasandra circle,Dommasandra Circle
donnenahalli,Donnenahalli
doopanahalli,Doopanahalli
dorekavalu,Dorekavalu
double road,Double Road
double road beml layout###32,Double Road Beml Layout (West Bengaluru)
double road beml layout###33,Double Road Beml Layout (West Bengaluru)
double road indiranagara,Double Road Indiranagara
double road shanthinagar,Double Road Shanthinagar
dr ambedkar nagara,Dr Ambedkar Nagara
dr br ambedkar bus terminal (domlur),Dr Br Ambedkar Bus Terminal (Domlur)
dr shivaramkaranth residents,Dr Shivaramkaranth Residents
dr.shivaramakaranth nagara,Dr.Shivaramakaranth Nagara
drdo qts,Drdo Qts
drdo quarters,Drdo Quarters
dsc hal gm palya,Dsc HAL Gm Palya
dsouza circle,Dsouza Circle
dubasi palya cross,Dubasi Palya Cross
dubasipalya,Dubasipalya
dubasipalya cross,Dubasipalya Cross
dudapanahalli,Dudapanahalli
dunnasandra,Dunnasandra
dunnasandra cross,Dunnasandra Cross
duo heights layout,Duo Heights Layout
durga bakery mallathahallli,Durga Bakery Mallathahallli
durga parameshwari temple,Durga Parameshwari Temple
dwaraka layout,Dwaraka Layout
dwaraka nagara###65,Dwaraka Nagara (West Bengaluru)
dwaraka nagara###67,Dwaraka Nagara (North Bengaluru)
dwarka nagar chikkabanavara,Dwarka Nagar Chikkabanavara
dyavalingaiahnapalya,Dyavalingaiahnapalya
dyavarahalli,Dyavarahalli
dyavarahalli cross,Dyavarahalli Cross
dyavarahalli gate,Dyavarahalli Gate
dyavasandra,Dyavasandra
dyavasandra cross,Dyavasandra Cross
e hosuru,E Hosuru
e muthsandra,E Muthsandra
eagleton resort,Eagleton Resort
east end,East End
east end jayanagara,East End Jayanagara
east point college###12,East Point College (Central Bengaluru)
east point college###14,East Point College (Central Bengaluru)
east railway station,East Railway Station
east west college cross,East West College Cross
east west public school,East West Public School
east west school,East West School
ebenezer international school,Ebenezer International School
echal mara vidyaranyapura,Echal Mara Vidyaranyapura
echalamara vidyaranyapura,Echalamara Vidyaranyapura
eco space,Eco Space
edagonahalli,Edagonahalli
ejipura,Ejipura
ejipura school,Ejipura School
elc city phase-2 xavier institute of management,Elc City Phase-2 Xavier Institute Of Management
elc nice road,Elc NICE Road
elc toll point,Elc Toll Point
ele b stn,Ele B Stn
electric b station,Electric B Station
electronic city east phase-ii,Electronic City East Phase-Ii
electronic city fly,Electronic City Fly
electronic city kia,Electronic City Kia
electronic city toll,Electronic City Toll
electronic city wipro main gate,Electronic City Wipro Main Gate
electronic city###188,Electronic City (South Bengaluru)
electronic city###189,Electronic City (South Bengaluru)
elgin floor mill,Elgin Floor Mill
elmeasure kiadb,Elmeasure Kiadb
embassy school,Embassy School
emc2,Emc2
eradu kamba,Eradu Kamba
eradu kamba gonipura,Eradu Kamba Gonipura
eranapalya,Eranapalya
escorts,Escorts
escorts yalahanka road,Escorts Yalahanka Road
eshwara layout,Eshwara Layout
eshwara temple puttayyanapalya,Eshwara Temple Puttayyanapalya
esi hospital indiranagara,ESI Hospital Indiranagara
esi hospital rajajinagara,ESI Hospital Rajajinagara
esi hospital white field,ESI Hospital White Field
estate tavarekere,Estate Tavarekere
exide gate,Exide Gate
fairland shop,Fairland Shop
fathima church,Fathima Church
fathima church gangamma circle,Fathima Church Gangamma Circle
faz farms,Faz Farms
fire station brigade hulimavu,Fire Station Brigade Hulimavu
forest gate,Forest Gate
form house gorinabele,Form House Gorinabele
forties hospital,Forties Hospital
forum city apartment,Forum City Apartment
forum mall###53,Forum Mall (Central Bengaluru)
forum mall###64,Forum Mall (Central Bengaluru)
frazer town,Frazer Town
fullinfaws college yelenahalli,Fullinfaws College Yelenahalli
furit market,Furit Market
g hosahalli,G Hosahalli
g hosahalli road junction,G Hosahalli Road Junction
gadenahalli,Gadenahalli
gadenahalli cross,Gadenahalli Cross
gadenahalli gate,Gadenahalli Gate
gadigaiahana doddy,Gadigaiahana Doddy
gadipalya,Gadipalya
galaxy paradise (tent),Galaxy Paradise (Tent)
ganagalu,Ganagalu
ganagalu cross,Ganagalu Cross
ganagaluru,Ganagaluru
ganagaluru circle,Ganagaluru Circle
ganagaluru cross,Ganagaluru Cross
ganagaluru gate,Ganagaluru Gate
ganakal###10,Ganakal (Bengaluru)
ganakal###11,Ganakal (Bengaluru)
ganakal###14,Ganakal (South-West Bengaluru)
ganakal2,Ganakal2
ganapathi enclave,Ganapathi Enclave
ganapathi layout (jk store),Ganapathi Layout (Jk Store)
ganapathi layout 1st stage(ldvg),Ganapathi Layout 1st Stage(Ldvg)
ganapathi layout(jk store),Ganapathi Layout(Jk Store)
ganapathi nagara raghavendra badavane,Ganapathi Nagara Raghavendra Badavane
ganapathihalli,Ganapathihalli
ganapathipura,Ganapathipura
gandhi bazaar,Gandhi Bazaar
gandhi circle magadi,Gandhi Circle Magadi
gandhi grama,Gandhi Grama
gandhi nagara,Gandhi Nagara
gandhi school,Gandhi School
gandhinagara kaggalipura,Gandhinagara Kaggalipura
gandhipura,Gandhipura
gandipura,Gandipura
ganesh mantapa,Ganesh Mantapa
ganesha bhavan,Ganesha Bhavan
ganesha circle,Ganesha Circle
ganesha circle vaddarahalli,Ganesha Circle Vaddarahalli
ganesha gudi nelamangala,Ganesha Gudi Nelamangala
ganesha temple bettanahalli,Ganesha Temple Bettanahalli
ganesha temple chandra layout,Ganesha Temple Chandra Layout
ganesha temple chandralayout,Ganesha Temple Chandralayout
ganesha temple mahalakshmi layout,Ganesha Temple Mahalakshmi Layout
ganesha temple mahalaskhmi layout,Ganesha Temple Mahalaskhmi Layout
ganesha temple sahakara nagara###16,Ganesha Temple Sahakara Nagara (West Bengaluru)
ganesha temple sahakara nagara###17,Ganesha Temple Sahakara Nagara (West Bengaluru)
ganesha temple tavarekere,Ganesha Temple Tavarekere
ganesha temple thippasandra,Ganesha Temple Thippasandra
ganesha temple vasanthanagara,Ganesha Temple Vasanthanagara
ganesha temple###0,Ganesha Temple (West Bengaluru)
ganesha temple###1,Ganesha Temple (West Bengaluru)
ganesha temple###2,Ganesha Temple (Central Bengaluru)
ganga international school,Ganga International School
ganga nagara,Ganga Nagara
gangadaranapalya,Gangadaranapalya
gangadhara kalyana mantapa,Gangadhara Kalyana Mantapa
gangamma circle,Gangamma Circle
ganganagara,Ganganagara
gangappanahalli,Gangappanahalli
gangapura,Gangapura
gangasandra,Gangasandra
gangavara,Gangavara
gangenahalli cross,Gangenahalli Cross
gangenahalli junction,Gangenahalli Junction
gangenahalli###10,Gangenahalli (Bengaluru)
gangenahalli###26,Gangenahalli (West Bengaluru)
gangodahalli cross (vaikunta bar),Gangodahalli Cross (Vaikunta Bar)
gangodahalli cross 1(vaikunta bar),Gangodahalli Cross 1(Vaikunta Bar)
gangondanahalli,Gangondanahalli
gangondanahalli colony,Gangondanahalli Colony
gangondanahalli cross,Gangondanahalli Cross
gangondanahalli masjid,Gangondanahalli Masjid
gangothri circle,Gangothri Circle
ganigarahalli,Ganigarahalli
ganigarapalya,Ganigarapalya
ganigarapalya cross yantaganahalli,Ganigarapalya Cross Yantaganahalli
ganjoor,Ganjoor
gantaganahalli,Gantaganahalli
gantakana doddy cross,Gantakana Doddy Cross
garden city college,Garden City College
garden city college tc palya,Garden City College Tc Palya
garebhavi palya,Garebhavi Palya
garments factory borugunte,Garments Factory Borugunte
garuda mall,Garuda Mall
garudachar palya,Garudachar Palya
garudacharpalya,Garudacharpalya
garudappa circle thigalarapalya,Garudappa Circle Thigalarapalya
garvebhavi palya,Garvebhavi Palya
garvebhavipalya,Garvebhavipalya
gas factory kempalinganahalli,Gas Factory Kempalinganahalli
gattahalli,Gattahalli
gattigerepalya,Gattigerepalya
gavi gangadareshwara temple,Gavi Gangadareshwara Temple
gavigangadeshwara temple,Gavigangadeshwara Temple
gavinagamangala gate,Gavinagamangala Gate
gaviyana palya,Gaviyana Palya
gaviyappa thimayya layout,Gaviyappa Thimayya Layout
gayathri nagara,Gayathri Nagara
gayathri nagara cross,Gayathri Nagara Cross
gayathrinagara,Gayathrinagara
gbj colony gate doddanekkundi,Gbj Colony Gate Doddanekkundi
geddala halli,Geddala Halli
geddalahalli###88,Geddalahalli (West Bengaluru)
geddalahalli###92,Geddalahalli (Central Bengaluru)
geddalapura,Geddalapura
geetanjali layout,Geetanjali Layout
geethanjali talkies,Geethanjali Talkies
gejjagadahalli cross,Gejjagadahalli Cross
gejjagalpalya,Gejjagalpalya
gejjigadahalli,Gejjigadahalli
gejjigadahalli colony,Gejjigadahalli Colony
geleyara balaga extension rajajinagara,Geleyara Balaga Extension Rajajinagara
geleyara balaga layout,Geleyara Balaga Layout
genius global school kodathi,Genius Global School Kodathi
gerahalli,Gerahalli
gerupalya,Gerupalya
gg palya toll,Gg Palya Toll
ghati subramanya,Ghati Subramanya
gidadakonenahalli,Gidadakonenahalli
gidadakonenahalli cross,Gidadakonenahalli Cross
gidadapalya,Gidadapalya
giddenahalli###1,Giddenahalli (Bengaluru)
giddenahalli###3,Giddenahalli (South Bengaluru)
girigowdana doddy,Girigowdana Doddy
girigowdana doddy colony,Girigowdana Doddy Colony
girigowdana doddy cross,Girigowdana Doddy Cross
girinagara,Girinagara
girinagara 2nd stage,Girinagara 2nd Stage
girinagara extension,Girinagara Extension
giriyamma circle,Giriyamma Circle
giriyappanapalya,Giriyappanapalya
giriyappanapalya cross,Giriyappanapalya Cross
gkvk gate,Gkvk Gate
gkvk###14,Gkvk (West Bengaluru)
gkvk###4,Gkvk (West Bengaluru)
gkw,Gkw
gkw layout,Gkw Layout
glass factory###93,Glass Factory (Central Bengaluru)
glass factory###94,Glass Factory (South-West Bengaluru)
glass house,Glass House
glass house halage vaderahalli,Glass House Halage Vaderahalli
gm palya,Gm Palya
gnana jyothi school,Gnana Jyothi School
gokare,Gokare
gokula,Gokula
golahalli railway station,Golahalli Railway Station
golf club hal,Golf Club HAL
gollahalli cross###10,Gollahalli Cross (South Bengaluru)
gollahalli cross###6,Gollahalli Cross (North-East Bengaluru)
gollahalli cross###9,Gollahalli Cross (South Bengaluru)
gollahalli electronic city,Gollahalli Electronic City
gollahalli###0,Gollahalli (South-West Bengaluru)
gollahalli###2,Gollahalli (South-West Bengaluru)
gollahalli###20,Gollahalli (North-East Bengaluru)
gollahalli###26,Gollahalli (Central Bengaluru)
gollahalli###29,Gollahalli (South Bengaluru)
gollahalli###35,Gollahalli (Bengaluru)
gollahallii road junction,Gollahallii Road Junction
gollarahatti,Gollarahatti
gollarapalya###11,Gollarapalya (Bengaluru)
gollarapalya###12,Gollarapalya (Bengaluru)
gollhalli,Gollhalli
gongatipura,Gongatipura
gonigattapura cross,Gonigattapura Cross
gonighattapura,Gonighattapura
gonighattapura cross,Gonighattapura Cross
gonipura,Gonipura
good earth malhar,Good Earth Malhar
good earth villas cross,Good Earth Villas Cross
gopal estate,Gopal Estate
gopalapura###35,Gopalapura (Bengaluru)
gopalapura###41,Gopalapura (West Bengaluru)
gopalapura###42,Gopalapura (North-East Bengaluru)
gopalapura###5,Gopalapura (Bengaluru)
gopasandra,Gopasandra
gopasandra cross,Gopasandra Cross
gopasandra gate,Gopasandra Gate
goragunte palya,Goragunte Palya
goraguntepalya,Goraguntepalya
goraguntepalya ring road,Goraguntepalya Ring Road
goravanahalli cross,Goravanahalli Cross
gorinabele cross,Gorinabele Cross
goripalya,Goripalya
goripalya cross,Goripalya Cross
gorivegere gate,Gorivegere Gate
gottigehalli,Gottigehalli
gottigehalli junction,Gottigehalli Junction
gottigere,Gottigere
gottigere high school,Gottigere High School
gottigere nice road junction,Gottigere NICE Road Junction
gottipura,Gottipura
gottipura gate,Gottipura Gate
gouthamagara,Gouthamagara
govardhan,Govardhan
govardhan talkies,Govardhan Talkies
government school,Government School
government soap factory,Government Soap Factory
govindapura colony,Govindapura Colony
govindapura cross,Govindapura Cross
govindapura###3,Govindapura (East Bengaluru)
govindapura###5,Govindapura (Central Bengaluru)
govindarajanagara,Govindarajanagara
govt film and television institute,Govt Film And Television Institute
govt first grade college bidadi,Govt First Grade College Bidadi
govt hospital arakere,Govt Hospital Arakere
govt hospital vijayapura,Govt Hospital Vijayapura
govt hospitals,Govt Hospitals
govt junior college chikkaballapura,Govt Junior College Chikkaballapura
govt primary school bommasandra,Govt Primary School Bommasandra
govt school jakkur,Govt School Jakkur
govt school thotada guddadahalli,Govt School Thotada Guddadahalli
govt soap factory,Govt Soap Factory
gowdahalli,Gowdahalli
gowdahalli colony,Gowdahalli Colony
gowdaiahanapalya,Gowdaiahanapalya
gowdanapalya,Gowdanapalya
gowrava bhovi palya,Gowrava Bhovi Palya
gowrava nagara,Gowrava Nagara
gowrenahalli,Gowrenahalli
gpo,Gpo
gr tech park itpl,Gr Tech Park ITPL
grandwell,Grandwell
graphite india,Graphite India
graphite junction,Graphite Junction
green wood high school,Green Wood High School
grg dairy thirupalya,Grg Dairy Thirupalya
grind well,Grind Well
gruhalakshmi layout,Gruhalakshmi Layout
gruhalaxmi layout,Gruhalaxmi Layout
gtre engine division,Gtre Engine Division
gtre###1,Gtre (Central Bengaluru)
gtre###2,Gtre (Central Bengaluru)
gubbalala,Gubbalala
gubbalala gate,Gubbalala Gate
gubbi cross,Gubbi Cross
guddadahalli,Guddadahalli
guddadahalli dinne,Guddadahalli Dinne
guddadahalli hesaraghatta road,Guddadahalli Hesaraghatta Road
guddahalli,Guddahalli
guddahatti,Guddahatti
guddahatti cross,Guddahatti Cross
guddahatti gate,Guddahatti Gate
guddaiahnapalya 1,Guddaiahnapalya 1
guddatti gate,Guddatti Gate
gudde devastana kamalanagara,Gudde Devastana Kamalanagara
guddegowdana channohalli,Guddegowdana Channohalli
gudemaranahalli hand post,Gudemaranahalli Hand Post
gudipalya cross,Gudipalya Cross
gudipalya###0,Gudipalya (South-West Bengaluru)
gudipalya###2,Gudipalya (West Bengaluru)
guduvanahalli gate,Guduvanahalli Gate
guestline hotel,Guestline Hotel
gulaganjahalli,Gulaganjahalli
gulaganjahalli cross,Gulaganjahalli Cross
gulaka malai,Gulaka Malai
gulakamale,Gulakamale
gullahalli gate,Gullahalli Gate
gullahatti kaval,Gullahatti Kaval
gullakaipura,Gullakaipura
gunasheela hospital,Gunasheela Hospital
gundammanapalya,Gundammanapalya
gundammanapalya colony,Gundammanapalya Colony
gundanjaneya swamy temple ravagodlu,Gundanjaneya Swamy Temple Ravagodlu
gundappa road,Gundappa Road
gundenahalli,Gundenahalli
gundenahalli cross,Gundenahalli Cross
gundur colony,Gundur Colony
gundur###4,Gundur (South-East Bengaluru)
gundur###6,Gundur (Central Bengaluru)
gunduru colony,Gunduru Colony
guni agrahara,Guni Agrahara
gunjurpalya,Gunjurpalya
gunjurpalya gate,Gunjurpalya Gate
gunjuru,Gunjuru
gurappana palya,Gurappana Palya
gurappanapalya,Gurappanapalya
guravanahalli,Guravanahalli
gurudwara,Gurudwara
gurudwara/lido,Gurudwara/Lido
gurukula school tharahunase,Gurukula School Tharahunase
guruvanahalli,Guruvanahalli
guruvigere gate,Guruvigere Gate
guttepalya###1,Guttepalya (South-West Bengaluru)
guttepalya###12,Guttepalya (Bengaluru)
gvt school kodiyala karenahalli,Gvt School Kodiyala Karenahalli
h gollahalli,H Gollahalli
h gollahalli cross,H Gollahalli Cross
h hosahalli,H Hosahalli
h krishnappa layout,H Krishnappa Layout
hadohalli,Hadohalli
hadosiddapura,Hadosiddapura
hadripura,Hadripura
hagadur,Hagadur
hagaduru,Hagaduru
hagalahalli,Hagalahalli
hakki pikki colony bannerughatta,Hakki Pikki Colony Bannerughatta
hakki pikki colony cross###2,Hakki Pikki Colony Cross (Bengaluru)
hakki pikki colony cross###7,Hakki Pikki Colony Cross (South-West Bengaluru)
hakki pikki colony cross###9,Hakki Pikki Colony Cross (Bengaluru)
hakki pikki colony###0,Hakki Pikki Colony (Bengaluru)
hakki pikki colony###2,Hakki Pikki Colony (Bengaluru)
hakkipikki colony cross,Hakkipikki Colony Cross
hal 12th main,HAL 12th Main
hal 6th main,HAL 6th Main
hal ardc,HAL Ardc
hal gnanajyothi school,HAL Gnanajyothi School
hal kalyana mantap,HAL Kalyana Mantap
hal kalyanamantapa,HAL Kalyanamantapa
hal lca,HAL Lca
hal main gate,HAL Main Gate
hal market/sbi bank,HAL Market/Sbi Bank
hal museum,HAL Museum
hal new public school,HAL New Public School
halage vaderahalli,Halage Vaderahalli
halanayakanahalli,Halanayakanahalli
halappanahalli,Halappanahalli
halasahalli cross###14,Halasahalli Cross (East Bengaluru)
halasahalli cross###19,Halasahalli Cross (East Bengaluru)
halasahalli###0,Halasahalli (East Bengaluru)
halasahalli###1,Halasahalli (East Bengaluru)
halasur,Halasur
halasur police station,Halasur Police Station
halasuru,Halasuru
halasuru police station,Halasuru Police Station
haldenahalli,Haldenahalli
hale chandapura###1,Hale Chandapura (South Bengaluru)
hale chandapura###49,Hale Chandapura (South Bengaluru)
hale ooru,Hale Ooru
halehalli,Halehalli
halehalli cross,Halehalli Cross
halenahalli purushanahalli,Halenahalli Purushanahalli
haleyur,Haleyur
halubhavipalya,Halubhavipalya
hampapura,Hampapura
hampapura colony cross,Hampapura Colony Cross
hampi nagara 7th main,Hampi Nagara 7th Main
hampi nagara post office,Hampi Nagara Post Office
hampinagara 7th cross,Hampinagara 7th Cross
hampinagara rpc layout,Hampinagara Rpc Layout
hamsa farm###71,Hamsa Farm (North-East Bengaluru)
hamsa farm###72,Hamsa Farm (Bengaluru)
hancharahalli,Hancharahalli
hancharahalli circle,Hancharahalli Circle
hancharahalli gate,Hancharahalli Gate
hanchipura,Hanchipura
handarahalli,Handarahalli
handenahalli attibele,Handenahalli Attibele
handenahalli###16,Handenahalli (East Bengaluru)
handenahalli###40,Handenahalli (South-East Bengaluru)
handigutte,Handigutte
handrahalli,Handrahalli
haniyuru,Haniyuru
hanuman temple beguru,Hanuman Temple Beguru
hanumantha nagara ward office,Hanumantha Nagara Ward Office
hanumanthanagara ward office,Hanumanthanagara Ward Office
hanumanthegowdanapalya,Hanumanthegowdanapalya
haragadde,Haragadde
haragadde cross,Haragadde Cross
haralur junction,Haralur Junction
haraluru cross,Haraluru Cross
haraluru gate###0,Haraluru Gate (North-East Bengaluru)
haraluru gate###4,Haraluru Gate (East Bengaluru)
haraluru###1,Haraluru (East Bengaluru)
haraluru###2,Haraluru (Central Bengaluru)
harapanahalli,Harapanahalli
harapanahalli village,Harapanahalli Village
hari nagara cross,Hari Nagara Cross
haridasa nagara,Haridasa Nagara
harisandra,Harisandra
harisandra cross,Harisandra Cross
harishchandra ghat,Harishchandra Ghat
harohalli gate,Harohalli Gate
harohalli palya,Harohalli Palya
harohalli###1,Harohalli (South Bengaluru)
harohalli###13,Harohalli (East Bengaluru)
harohalli###21,Harohalli (South-East Bengaluru)
harohalli###3,Harohalli (North Bengaluru)
harohalli###5,Harohalli (North-East Bengaluru)
harohalli###7,Harohalli (East Bengaluru)
harohalli###9,Harohalli (South Bengaluru)
harokyatanahalli,Harokyatanahalli
harris road,Harris Road
hasanath college,Hasanath College
hasigaala,Hasigaala
hasiruvalli,Hasiruvalli
hasiruvalli cross,Hasiruvalli Cross
hasiruvallipalya,Hasiruvallipalya
havanur circle,Havanur Circle
havanuru circle,Havanuru Circle
hazarath tippu nagara###2,Hazarath Tippu Nagara (North Bengaluru)
hazarath tippu nagara###3,Hazarath Tippu Nagara (North Bengaluru)
hbr layout,Hbr Layout
head start school gate,Head Start School Gate
head start school kommasandra,Head Start School Kommasandra
hebbagodi,Hebbagodi
hebbal###2,Hebbal (West Bengaluru)
hebbal###3,Hebbal (West Bengaluru)
hebbala,Hebbala
hebbala bridge,Hebbala Bridge
heelalige,Heelalige
heelalige cross,Heelalige Cross
hegde devanapura,Hegde Devanapura
heggadadevanapura,Heggadadevanapura
heggadagere,Heggadagere
heggadagere cross###1,Heggadagere Cross (Bengaluru)
heggadagere cross###3,Heggadagere Cross (Bengaluru)
heggadagere site,Heggadagere Site
hegganahalli cross,Hegganahalli Cross
hegganahalli gate,Hegganahalli Gate
hegganahalli###26,Hegganahalli (North Bengaluru)
hegganahalli###41,Hegganahalli (West Bengaluru)
heggondanahalli,Heggondanahalli
heggondanhalli,Heggondanhalli
hejjala,Hejjala
hejjala colony,Hejjala Colony
hejjala cross,Hejjala Cross
helicopter division,Helicopter Division
heligehalli colony,Heligehalli Colony
hemmigepura,Hemmigepura
hennagara,Hennagara
hennagara gate,Hennagara Gate
hennagra gate,Hennagra Gate
hennur,Hennur
hennur bande,Hennur Bande
hennur bande sai baba temple###38,Hennur Bande Sai Baba Temple (Central Bengaluru)
hennur bande sai baba temple###39,Hennur Bande Sai Baba Temple (Central Bengaluru)
hennur cross,Hennur Cross
hennur depot,Hennur Depot
hennur junction,Hennur Junction
hennur petrol bunk,Hennur Petrol Bunk
hennur ring road,Hennur Ring Road
hennuru junction,Hennuru Junction
hennuru petrol bunk,Hennuru Petrol Bunk
hennuru ring road,Hennuru Ring Road
heritage estate rajanukunte,Heritage Estate Rajanukunte
hero honda,Hero Honda
herohalli cross,Herohalli Cross
herohalli cross1,Herohalli Cross1
herohalli sunkadakatte,Herohalli Sunkadakatte
hesaraghatta,Hesaraghatta
hesaraghatta indo danish farm,Hesaraghatta Indo Danish Farm
hesaraghatta tb cross,Hesaraghatta Tb Cross
hesaraghatta village,Hesaraghatta Village
hesaraghatta workshop,Hesaraghatta Workshop
hg palya,Hg Palya
hgollahalli,Hgollahalli
high ground police station###2,High Ground Police Station (West Bengaluru)
high ground police station###5,High Ground Police Station (West Bengaluru)
high ground police station###7,High Ground Police Station (West Bengaluru)
high school sondekoppa,High School Sondekoppa
high school tharahunase,High School Tharahunase
hilal nagara cross hbr layout,Hilal Nagara Cross Hbr Layout
himagiri,Himagiri
hinnakki,Hinnakki
hinnakki gate,Hinnakki Gate
hiranandani villas,Hiranandani Villas
hirandahalli,Hirandahalli
hirandhalli,Hirandhalli
hittarahalli,Hittarahalli
hittarahalli gate,Hittarahalli Gate
hmt auditorium,HMT Auditorium
hmt club house,HMT Club House
hmt house,HMT House
hmt layout,HMT Layout
hmt layout 8th mile,HMT Layout 8th Mile
hmt layout cross,HMT Layout Cross
hmt layout r t nagara,HMT Layout R T Nagara
hmt post office,HMT Post Office
hmt shopping complex,HMT Shopping Complex
hmt siddarthanagara,HMT Siddarthanagara
hmt watch factory,HMT Watch Factory
hockey ground,Hockey Ground
holiday village apartment,Holiday Village Apartment
hombalamma kere,Hombalamma Kere
hombalammanapete,Hombalammanapete
hommadevanahalli,Hommadevanahalli
hommadevanahalli cross,Hommadevanahalli Cross
honachenahalli,Honachenahalli
honaganahatti,Honaganahatti
hongansandra,Hongansandra
hongasandra,Hongasandra
hongasandra mico layout,Hongasandra Mico Layout
hongemara,Hongemara
hongemara managal,Hongemara Managal
hongemara shivanahalli,Hongemara Shivanahalli
hongsandra,Hongsandra
honnagana hatti,Honnagana Hatti
honnakalasapura cross,Honnakalasapura Cross
honnasandra cross###0,Honnasandra Cross (Bengaluru)
honnasandra cross###2,Honnasandra Cross (Bengaluru)
honnasandra###1,Honnasandra (Bengaluru)
honnasandra###2,Honnasandra (Bengaluru)
honnavara,Honnavara
honnavara gate,Honnavara Gate
honnayyanapalya,Honnayyanapalya
honnenahalli,Honnenahalli
hoodi,Hoodi
hoodi metro station,Hoodi Metro Station
hoovinayakanahalli,Hoovinayakanahalli
hoovinayakanahalli gate,Hoovinayakanahalli Gate
hope farm,Hope Farm
hope form,Hope Form
horamabu petrol bunk,Horamabu Petrol Bunk
horamavu,Horamavu
horamavu agara,Horamavu Agara
horamavu signal,Horamavu Signal
hosa doddi gate,Hosa Doddi Gate
hosa doddy gate,Hosa Doddy Gate
hosa hudya,Hosa Hudya
hosa road,Hosa Road
hosa road fly,Hosa Road Fly
hosahalli cross devanagondi,Hosahalli Cross Devanagondi
hosahalli gate (rathnam hotel),Hosahalli Gate (Rathnam Hotel)
hosahalli kodagalahatti,Hosahalli Kodagalahatti
hosahalli road junction,Hosahalli Road Junction
hosahalli###47,Hosahalli (South Bengaluru)
hosahalli###51,Hosahalli (West Bengaluru)
hosahalli###55,Hosahalli (Central Bengaluru)
hosahalli###56,Hosahalli (North-East Bengaluru)
hosahallipalya,Hosahallipalya
hosakerahalli cross,Hosakerahalli Cross
hosakerahalli village,Hosakerahalli Village
hosakerehalli cross,Hosakerehalli Cross
hosakerehalli junction,Hosakerehalli Junction
hosakerehalli petrol bunk,Hosakerehalli Petrol Bunk
hosakote ayyappa temple,Hosakote Ayyappa Temple
hosakote beo office,Hosakote Beo Office
hosakote bus stand (old),Hosakote Bus Stand (Old)
hosakote bus stand###0,Hosakote Bus Stand (East Bengaluru)
hosakote bus stand###1,Hosakote Bus Stand (East Bengaluru)
hosakote bus station (ttmc),Hosakote Bus Station (TTMC)
hosakote flower market,Hosakote Flower Market
hosakote govt hospital,Hosakote Govt Hospital
hosakote high school,Hosakote High School
hosakote k e b circle,Hosakote K E B Circle
hosakote kodi,Hosakote Kodi
hosakote toll,Hosakote Toll
hosakote toll (volvo),Hosakote Toll (Volvo)
hosapalya colony,Hosapalya Colony
hosapalya kudlu gate,Hosapalya Kudlu Gate
hosapalya###13,Hosapalya (Bengaluru)
hosapalya###14,Hosapalya (Bengaluru)
hosapalya###7,Hosapalya (West Bengaluru)
hosapete,Hosapete
hosapete gate,Hosapete Gate
hoskerehalli,Hoskerehalli
hoskerehalli cross,Hoskerehalli Cross
hoskerehalli kerekodi,Hoskerehalli Kerekodi
hoskote,Hoskote
hosmat hospital,Hosmat Hospital
hosmat hospital (dig office),Hosmat Hospital (Dig Office)
hospital k gollahalli,Hospital K Gollahalli
hossalli,Hossalli
hosur bande,Hosur Bande
hosur road junction,Hosur Road Junction
hosur road junction 1,Hosur Road Junction 1
hosuru,Hosuru
hosuru bande,Hosuru Bande
hotel emerald,Hotel Emerald
hoysala circle kengeri satellite town,Hoysala Circle Kengeri Satellite Town
hoysala nagara,Hoysala Nagara
hoysala nagara sunkadakatte,Hoysala Nagara Sunkadakatte
hoysalanagara vinayaka circle,Hoysalanagara Vinayaka Circle
hp petrol bunk kakolu,Hp Petrol Bunk Kakolu
hrbr 1st stage,Hrbr 1st Stage
hrbr layout cross,Hrbr Layout Cross
hsbc,Hsbc
hsr apartment,HSR Apartment
hsr bda complex,HSR BDA Complex
hsr lay out police station,HSR Lay Out Police Station
hsr layout 2nd sector,HSR Layout 2nd Sector
hsr layout bescom office,HSR Layout Bescom Office
hsr layout keb,HSR Layout KEB
hsr layout petrol bunk,HSR Layout Petrol Bunk
hsr layout police station,HSR Layout Police Station
hugarapalya,Hugarapalya
hulimangala cross###2,Hulimangala Cross (South Bengaluru)
hulimangala cross###8,Hulimangala Cross (South Bengaluru)
hulimangala hosakote,Hulimangala Hosakote
hulimangala###1,Hulimangala (East Bengaluru)
hulimangala###9,Hulimangala (South Bengaluru)
hulimavu,Hulimavu
hulimavu gate,Hulimavu Gate
hullahalli cross,Hullahalli Cross
hullahalli village,Hullahalli Village
hullala cross,Hullala Cross
hullegowdanahalli,Hullegowdanahalli
hullegowdanahalli cross,Hullegowdanahalli Cross
huluvenahalli,Huluvenahalli
huluvenahalli gate,Huluvenahalli Gate
hunasamaranahalli,Hunasamaranahalli
hunasamarenahalli,Hunasamarenahalli
hunase mara banashankari,Hunase Mara Banashankari
hunaseghattapalya,Hunaseghattapalya
hunasemara###86,Hunasemara (West Bengaluru)
hunasemara###88,Hunasemara (West Bengaluru)
hunasemaradapalya,Hunasemaradapalya
hunasenahalli,Hunasenahalli
hunasuru,Hunasuru
hunasuru junction,Hunasuru Junction
hunnigere cross,Hunnigere Cross
hunnigere###8,Hunnigere (Bengaluru)
hunnigere###9,Hunnigere (Bengaluru)
hurali chikkanahalli,Hurali Chikkanahalli
huruli chikkanahalli,Huruli Chikkanahalli
huskur baare,Huskur Baare
huskur bare,Huskur Bare
huskur cross,Huskur Cross
huskur gate,Huskur Gate
huskur village,Huskur Village
huskur###17,Huskur (South Bengaluru)
huskur###3,Huskur (East Bengaluru)
huttanahalli,Huttanahalli
huttanahalli circle,Huttanahalli Circle
hyadalu,Hyadalu
hyundai showroom mysore road,Hyundai Showroom Mysore Road
i basapura,I Basapura
i gate,I Gate
i gate itpl road,I Gate ITPL Road
iaf,Iaf
iaf jalahalli,Iaf Jalahalli
ibbaluru,Ibbaluru
ibbaluru sarjapura road,Ibbaluru Sarjapura Road
ibm gate,Ibm Gate
ichangur,Ichangur
ichanguru,Ichanguru
ideal homes,Ideal Homes
igglur,Igglur
iggluru,Iggluru
ignou singena agrahara,Ignou Singena Agrahara
iihs sadashivanagara,Iihs Sadashivanagara
iim appolo hospital,Iim Appolo Hospital
ilathore cross,Ilathore Cross
ilyas nagara,Ilyas Nagara
ilyas nagara junction,Ilyas Nagara Junction
immadihalli,Immadihalli
immdahalli,Immdahalli
inchara hotel jp nagar,Inchara Hotel JP Nagar
inchara hotel/zaitoon,Inchara Hotel/Zaitoon
income tax layout,Income Tax Layout
income tax layout cross,Income Tax Layout Cross
income tax layout cross 1,Income Tax Layout Cross 1
india garage vannar peth road,India Garage Vannar Peth Road
indian air force,Indian Air Force
indian express,Indian Express
indian institute of horticultural research,Indian Institute Of Horticultural Research
indian institute of horticultural research tb,Indian Institute Of Horticultural Research Tb
indian oil,Indian Oil
indian oil sevanagar,Indian Oil Sevanagar
indira canteen (desi masala),Indira Canteen (Desi Masala)
indira nagar double road,Indira Nagar Double Road
indira nursing home,Indira Nursing Home
indira nursing home tyagarajanagar,Indira Nursing Home Tyagarajanagar
indiragandhi circle,Indiragandhi Circle
indiranagar 6th main,Indiranagar 6th Main
indiranagar double road,Indiranagar Double Road
indiranagar grama,Indiranagar Grama
indiranagar police station,Indiranagar Police Station
indiranagar tumkur road,Indiranagar Tumkur Road
indiranagara,Indiranagara
indiranagara 100ft road,Indiranagara 100Ft Road
indiranagara 12th main,Indiranagara 12th Main
indiranagara 6th main,Indiranagara 6th Main
indiranagara metro station,Indiranagara Metro Station
indiranagara police station/kfc,Indiranagara Police Station/Kfc
indlawadi,Indlawadi
indlubele,Indlubele
indluvadi,Indluvadi
indluvadi cross,Indluvadi Cross
indo american hybrid farm,Indo American Hybrid Farm
indo dyanish farm,Indo Dyanish Farm
indoor stadium,Indoor Stadium
indrasanahalli,Indrasanahalli
industrial area rajajinagara,Industrial Area Rajajinagara
industrial area water tank bommasandra,Industrial Area Water Tank Bommasandra
industrial town rajajinagara,Industrial Town Rajajinagara
infosys parking lot,Infosys Parking Lot
injanahalli,Injanahalli
ioc circle,Ioc Circle
iskcon temple,ISKCON Temple
iskcon temple maruthinagara,ISKCON Temple Maruthinagara
islampura,Islampura
islampura cross,Islampura Cross
isolation hospital,Isolation Hospital
isro layout,Isro Layout
isro layout crpf,Isro Layout Crpf
isro murugeshpalya,Isro Murugeshpalya
isro quarters jalahalli,Isro Quarters Jalahalli
isuvanahalli,Isuvanahalli
it park bagalur,It Park Bagalur
itagalapura cross,Itagalapura Cross
itc,Itc
itc factory fly,Itc Factory Fly
itc factory###103,Itc Factory (North Bengaluru)
itc factory###104,Itc Factory (Central Bengaluru)
itc sevanagar,Itc Sevanagar
iti calony gate,Iti Calony Gate
iti circle,Iti Circle
iti circle krpuram,Iti Circle Krpuram
iti colony gate,Iti Colony Gate
iti gate,Iti Gate
iti layout cross,Iti Layout Cross
iti layout dollars colony,Iti Layout Dollars Colony
iti layout###26,Iti Layout (West Bengaluru)
iti layout###29,Iti Layout (West Bengaluru)
iti layout###32,Iti Layout (West Bengaluru)
itpl back gate,ITPL Back Gate
itpl back gate big bazzar,ITPL Back Gate Big Bazzar
itpl metro station,ITPL Metro Station
itpl###139,ITPL (Central Bengaluru)
itpl###5,ITPL (Central Bengaluru)
ittagalpura,Ittagalpura
ittagalpura cross,Ittagalpura Cross
ittagalpura gate,Ittagalpura Gate
ittamadu 1,Ittamadu 1
ittamadu cross,Ittamadu Cross
ittamadu###10,Ittamadu (West Bengaluru)
ittamadu###11,Ittamadu (Bengaluru)
ittanguru,Ittanguru
ittige factory###47,Ittige Factory (North Bengaluru)
ittige factory###48,Ittige Factory (West Bengaluru)
ivara kondapura,Ivara Kondapura
ivarukandapura,Ivarukandapura
j srinivasa reddy layout,J Srinivasa Reddy Layout
jadenahalli,Jadenahalli
jadigenahalli,Jadigenahalli
jadigenahalli hospital,Jadigenahalli Hospital
jagajeevanram nagara,Jagajeevanram Nagara
jai bharath nagara,Jai Bharath Nagara
jai bheema nagara,Jai Bheema Nagara
jai bhuvaneshwari nagara,Jai Bhuvaneshwari Nagara
jai maruthi nagara circle,Jai Maruthi Nagara Circle
jai maruthi nagara###2,Jai Maruthi Nagara (Bengaluru)
jai maruthi nagara###9,Jai Maruthi Nagara (West Bengaluru)
jakkanahalli,Jakkanahalli
jakkanahalli cross,Jakkanahalli Cross
jakkasandra,Jakkasandra
jakkur,Jakkur
jakkur 18th cross,Jakkur 18th Cross
jakkur aerodrum,Jakkur Aerodrum
jakkur double road,Jakkur Double Road
jakkur layout,Jakkur Layout
jakkur layout 3rd cross,Jakkur Layout 3rd Cross
jakkur layout 3rd cross.,Jakkur Layout 3rd Cross.
jakkur layout double road,Jakkur Layout Double Road
jakkur layout shanimahatma temple,Jakkur Layout Shanimahatma Temple
jal bhavan,Jal Bhavan
jalabhavan,Jalabhavan
jalahalli bakery,Jalahalli Bakery
jalahalli cross,Jalahalli Cross
jalahalli cross ayyappa temple,Jalahalli Cross Ayyappa Temple
jalahalli cross metro station arrival,Jalahalli Cross Metro Station Arrival
jalahalli cross metro station departure,Jalahalli Cross Metro Station Departure
jalahalli east,Jalahalli East
jalahalli east 7th camp,Jalahalli East 7th Camp
jalahalli police station,Jalahalli Police Station
jalahalli village###41,Jalahalli Village (West Bengaluru)
jalahalli village###43,Jalahalli Village (West Bengaluru)
jalahalli west,Jalahalli West
jalahalli west shettyhalli road,Jalahalli West Shettyhalli Road
jalavayu vihara,Jalavayu Vihara
jalige,Jalige
jalli machine bannerghatta road###0,Jalli Machine Bannerghatta Road (South Bengaluru)
jalli machine bannerghatta road###5,Jalli Machine Bannerghatta Road (South-West Bengaluru)
jalli machine###4,Jalli Machine (Bengaluru)
jalli machine###97,Jalli Machine (West Bengaluru)
jalli machine###98,Jalli Machine (South Bengaluru)
jambu savari dinne,Jambu Savari Dinne
janaki rama layout,Janaki Rama Layout
janapriya apartment###201,Janapriya Apartment (West Bengaluru)
janapriya apartment###205,Janapriya Apartment (West Bengaluru)
janapriya apartments,Janapriya Apartments
janapriya greenwood apartment,Janapriya Greenwood Apartment
janapriya town ship,Janapriya Town Ship
janapriya township,Janapriya Township
janatha bazar,Janatha Bazar
janatha bazar banashankari,Janatha Bazar Banashankari
janatha colony,Janatha Colony
janatha colony byalalu,Janatha Colony Byalalu
janatha mane,Janatha Mane
jandemara,Jandemara
jangal palya,Jangal Palya
jangamakote,Jangamakote
jangamakote cross,Jangamakote Cross
jangamayyanapalya,Jangamayyanapalya
janthagundanahalli,Janthagundanahalli
janthagundanahalli cross,Janthagundanahalli Cross
janthamane,Janthamane
jaraganahalli cross,Jaraganahalli Cross
javaregowda nagara,Javaregowda Nagara
jayadeva hospital,Jayadeva Hospital
jayamahal,Jayamahal
jayamahal extension###0,Jayamahal Extension (West Bengaluru)
jayamahal extension###3,Jayamahal Extension (West Bengaluru)
jayamahal extension1,Jayamahal Extension1
jayamahal extention,Jayamahal Extention
jayanagar 6th block,Jayanagar 6th Block
jayanagara 18th main,Jayanagara 18th Main
jayanagara 38th cross,Jayanagara 38th Cross
jayanagara 3rd block,Jayanagara 3rd Block
jayanagara 40th cross,Jayanagara 40th Cross
jayanagara 4th block,Jayanagara 4th Block
jayanagara 5th block,Jayanagara 5th Block
jayanagara 8th block,Jayanagara 8th Block
jayanagara 9th block,Jayanagara 9th Block
jayanagara 9th block east,Jayanagara 9th Block East
jayanagara 9th east circle,Jayanagara 9th East Circle
jayanagara bus stand,Jayanagara Bus Stand
jayanagara bus station,Jayanagara Bus Station
jayanagara church,Jayanagara Church
jayanagara general hospital,Jayanagara General Hospital
jayanagara metro station,Jayanagara Metro Station
jayanagara metro station arrival,Jayanagara Metro Station Arrival
jayanagara metro station depature,Jayanagara Metro Station Depature
jayanagara pump house,Jayanagara Pump House
jayanagara t block,Jayanagara T Block
jayanagara telephone exchange,Jayanagara Telephone Exchange
jayanthi nagar,Jayanthi Nagar
jayanthinagara,Jayanthinagara
jayaram das factory###132,Jayaram Das Factory (West Bengaluru)
jayaram das factory###4,Jayaram Das Factory (West Bengaluru)
jayaram layout (hale sampigehalli),Jayaram Layout (Hale Sampigehalli)
jayasandrahalli,Jayasandrahalli
jayasuryanagara kogilu,Jayasuryanagara Kogilu
jaypura doddy,Jaypura Doddy
jbn petrol bunk,Jbn Petrol Bunk
jc nagara kurubarahalli,Jc Nagara Kurubarahalli
jc nagara###2,Jc Nagara (West Bengaluru)
jc nagara###5,Jc Nagara (West Bengaluru)
jc nagara###7,Jc Nagara (West Bengaluru)
jeevan bheemanagara cross,Jeevan Bheemanagara Cross
jeevan bheemanagara cross1,Jeevan Bheemanagara Cross1
jeevan bhimanagara bus stand,Jeevan Bhimanagara Bus Stand
jeevan circle,Jeevan Circle
jeevanahalli,Jeevanahalli
jeevanahalli cross,Jeevanahalli Cross
jeevanahalli graveyard,Jeevanahalli Graveyard
jeevanahalli railway gate,Jeevanahalli Railway Gate
jeevanahalli water tank,Jeevanahalli Water Tank
jeevanbheema nagara,Jeevanbheema Nagara
jeevanbheema nagara cross,Jeevanbheema Nagara Cross
jeevanbhimanagara petrol bunk,Jeevanbhimanagara Petrol Bunk
jelly machine yalahanka,Jelly Machine Yalahanka
jettipalya###1,Jettipalya (South-West Bengaluru)
jettipalya###17,Jettipalya (Bengaluru)
jhbcs layout,Jhbcs Layout
jhbcs layout cross,Jhbcs Layout Cross
jigala,Jigala
jigala colony,Jigala Colony
jigala cross,Jigala Cross
jigani,Jigani
jigani apc circle,Jigani Apc Circle
jigani bus stand,Jigani Bus Stand
jigani double road,Jigani Double Road
jigani keb,Jigani KEB
jigani tent,Jigani Tent
jindal,Jindal
jinke bachahalli,Jinke Bachahalli
jinke bachahalli gate,Jinke Bachahalli Gate
jinnagara,Jinnagara
jinnagara cross,Jinnagara Cross
jinnasandra gate,Jinnasandra Gate
jk basavanna nagara,Jk Basavanna Nagara
jnana bharathi west side hospital,Jnana Bharathi West Side Hospital
jnanabharathi metro station,Jnanabharathi Metro Station
jnanakshi layout,Jnanakshi Layout
jnanakshi vidyaniketan school,Jnanakshi Vidyaniketan School
jnanashakthi nagara,Jnanashakthi Nagara
jodadakatte,Jodadakatte
jodi aladamara,Jodi Aladamara
jodi ragi thimmasandra,Jodi Ragi Thimmasandra
jogahalli cross,Jogahalli Cross
jogera doddy,Jogera Doddy
jogera doddy 1,Jogera Doddy 1
jogerahalli,Jogerahalli
john fowler,John Fowler
johnson market,Johnson Market
jonnahalli gate,Jonnahalli Gate
jp nagara 15th cross,JP Nagara 15th Cross
jp nagara 15th cross 1,JP Nagara 15th Cross 1
jp nagara 1st phase,JP Nagara 1st Phase
jp nagara 24th main 9th cross,JP Nagara 24th Main 9th Cross
jp nagara 3rd phase,JP Nagara 3rd Phase
jp nagara 5th phase,JP Nagara 5th Phase
jp nagara 6th phase,JP Nagara 6th Phase
jp nagara metro station,JP Nagara Metro Station
jp nagara water tank,JP Nagara Water Tank
jpnagara 6th phase,Jpnagara 6th Phase
jss college,Jss College
judical layout junction of 14th cross,Judical Layout Junction Of 14th Cross
judicial layout,Judicial Layout
judicial layout 8th main,Judicial Layout 8th Main
judicial layout water tank,Judicial Layout Water Tank
judicial layout yhk,Judicial Layout Yhk
juggath farma,Juggath Farma
juggath pharma,Juggath Pharma
junction of 1st main 4th cross,Junction Of 1st Main 4th Cross
junction of 80 and 100 feet road,Junction Of 80 And 100 Feet Road
junction of 80 feet road,Junction Of 80 Feet Road
junction of bda ring road,Junction Of BDA Ring Road
junction of egipura,Junction Of Egipura
junction of gollahallii road,Junction Of Gollahallii Road
junction of hennur cross,Junction Of Hennur Cross
junction of hosakerehalli cross,Junction Of Hosakerehalli Cross
junction of hosur road,Junction Of Hosur Road
junction of kommaghatta road,Junction Of Kommaghatta Road
junction of magadi road,Junction Of Magadi Road
junction of nagavara,Junction Of Nagavara
junction of new bridge,Junction Of New Bridge
junction of ring road,Junction Of Ring Road
junction of ring road channasandra,Junction Of Ring Road Channasandra
junction of soukya hospital,Junction Of Soukya Hospital
junglepalya gate,Junglepalya Gate
junnasandra,Junnasandra
junnasandra cross,Junnasandra Cross
junnasandra gate wipro regional office,Junnasandra Gate Wipro Regional Office
juttanahalli,Juttanahalli
juttanapalya,Juttanapalya
jyothi farm,Jyothi Farm
jyothi nagara###12,Jyothi Nagara (Central Bengaluru)
jyothi nagara###26,Jyothi Nagara (West Bengaluru)
jyothi nivas college,Jyothi Nivas College
jyothi school,Jyothi School
jyothi school lingarajapura,Jyothi School Lingarajapura
jyothinagar,Jyothinagar
jyothinagara,Jyothinagara
jyothipura budigere,Jyothipura Budigere
jyothipura gate,Jyothipura Gate
jyothipura koyara,Jyothipura Koyara
jyothipura###0,Jyothipura (North-East Bengaluru)
jyothipura###8,Jyothipura (Bengaluru)
jyotipura,Jyotipura
k channasandra,K Channasandra
k chansandra,K Chansandra
k dommasandra,K Dommasandra
k gollahalli,K Gollahalli
k gollahalli gate,K Gollahalli Gate
k karenahalli cross,K Karenahalli Cross
k mallasandra,K Mallasandra
k narayanapura,K Narayanapura
k narayanapura cross###131,K Narayanapura Cross (Central Bengaluru)
k narayanapura cross###134,K Narayanapura Cross (Central Bengaluru)
k narayanapura main bus stand,K Narayanapura Main Bus Stand
k r puram,K R Puram
k sathyavara gate,K Sathyavara Gate
kaateramma devasthana,Kaateramma Devasthana
kaatumariyammana devasthana,Kaatumariyammana Devasthana
kabir ashrama,Kabir Ashrama
kachamaranahalli###0,Kachamaranahalli (South Bengaluru)
kachamaranahalli###3,Kachamaranahalli (Central Bengaluru)
kachanahalli mandigere,Kachanahalli Mandigere
kachanayakanahalli,Kachanayakanahalli
kacharakana halli,Kacharakana Halli
kacharakanahalli cross,Kacharakanahalli Cross
kacharakanahalli###84,Kacharakanahalli (East Bengaluru)
kacharakanahalli###88,Kacharakanahalli (Central Bengaluru)
kachohalli,Kachohalli
kachohalli cross,Kachohalli Cross
kachohalli gate,Kachohalli Gate
kada agarahara cross,Kada Agarahara Cross
kada agrahara###2,Kada Agrahara (Central Bengaluru)
kada agrahara###4,Kada Agrahara (South Bengaluru)
kada bisanahalli,Kada Bisanahalli
kadabagere,Kadabagere
kadabagere cross,Kadabagere Cross
kadabagere gate,Kadabagere Gate
kadanuru,Kadanuru
kadanuru hand post,Kadanuru Hand Post
kadanuru katte,Kadanuru Katte
kadasonnappanahalli gate,Kadasonnappanahalli Gate
kadayarappanahalli,Kadayarappanahalli
kadayarappanahalli cross,Kadayarappanahalli Cross
kadiganahalli cross,Kadiganahalli Cross
kadiganahalli gate,Kadiganahalli Gate
kadirenahalli,Kadirenahalli
kadirenahalli cross,Kadirenahalli Cross
kadirenahalli park,Kadirenahalli Park
kadirenahalli village,Kadirenahalli Village
kadu bisanahalli,Kadu Bisanahalli
kadu jakkasandra,Kadu Jakkasandra
kadubisanahalli,Kadubisanahalli
kadugenahalli gate,Kadugenahalli Gate
kadugodi,Kadugodi
kadugodi bapuji circle,Kadugodi Bapuji Circle
kadugodi bridge,Kadugodi Bridge
kadugodi bus station,Kadugodi Bus Station
kadugodi bus station arrival,Kadugodi Bus Station Arrival
kadugodi govt hospital,Kadugodi Govt Hospital
kadugodi metro station,Kadugodi Metro Station
kadugondanahalli,Kadugondanahalli
kadugondanahalli police station,Kadugondanahalli Police Station
kadugondanahalli railway gate,Kadugondanahalli Railway Gate
kadukarenahalli,Kadukarenahalli
kadumane hotel,Kadumane Hotel
kadumane hotel1,Kadumane Hotel1
kadusiddanapalya,Kadusiddanapalya
kadusonnappanahalli,Kadusonnappanahalli
kaggadasapura main road,Kaggadasapura Main Road
kaggalahalli gate,Kaggalahalli Gate
kaggalahalli###10,Kaggalahalli (Bengaluru)
kaggalahalli###12,Kaggalahalli (North-East Bengaluru)
kaggalahalli###15,Kaggalahalli (South-West Bengaluru)
kaggalipura colony,Kaggalipura Colony
kaggalipura cross,Kaggalipura Cross
kaggalipura###3,Kaggalipura (South-West Bengaluru)
kaggalipura###4,Kaggalipura (South Bengaluru)
kaggalipura###58,Kaggalipura (South Bengaluru)
kaikodrahalli,Kaikodrahalli
kaikondrahalli,Kaikondrahalli
kaji sonnenahalli gate,Kaji Sonnenahalli Gate
kajisonnenahalli gate,Kajisonnenahalli Gate
kaka ramanahalli,Kaka Ramanahalli
kakaramanahalli cross,Kakaramanahalli Cross
kakkehalli,Kakkehalli
kakolu,Kakolu
kakolu village,Kakolu Village
kalalughatta,Kalalughatta
kalamandira marathahalli bridge,Kalamandira Marathahalli Bridge
kalathammanahalli,Kalathammanahalli
kalena agrahara,Kalena Agrahara
kalenahalli,Kalenahalli
kalenahalli gate###6,Kalenahalli Gate (North Bengaluru)
kalenahalli gate###8,Kalenahalli Gate (North Bengaluru)
kaleshwari bannerughatta road,Kaleshwari Bannerughatta Road
kalidasa layout,Kalidasa Layout
kalikanagara shiva temple,Kalikanagara Shiva Temple
kalkere cross,Kalkere Cross
kalkere school,Kalkere School
kalkere###78,Kalkere (Central Bengaluru)
kalkere###81,Kalkere (South-West Bengaluru)
kalkunte agrahara,Kalkunte Agrahara
kalkunte agrahara school,Kalkunte Agrahara School
kallabala cross,Kallabala Cross
kallabalu,Kallabalu
kallabalu cross,Kallabalu Cross
kalleshwari,Kalleshwari
kallodu,Kallodu
kallugopahalli,Kallugopahalli
kallukunte agrahara,Kallukunte Agrahara
kallur,Kallur
kallyanamantappa,Kallyanamantappa
kalya gate magadi,Kalya Gate Magadi
kalyana mantapa koramangala,Kalyana Mantapa Koramangala
kalyana nagara,Kalyana Nagara
kalyanamantapa (oxford college),Kalyanamantapa (Oxford College)
kalyananagara 1st block,Kalyananagara 1st Block
kalyananagara 302,Kalyananagara 302
kalyananagara bus stand,Kalyananagara Bus Stand
kalyananagara junction,Kalyananagara Junction
kalyananagara###111,Kalyananagara (West Bengaluru)
kalyananagara###140,Kalyananagara (Central Bengaluru)
kalyananagara###141,Kalyananagara (West Bengaluru)
kamadhenu kshethra,Kamadhenu Kshethra
kamadhenu kshetra,Kamadhenu Kshetra
kamakshipalya,Kamakshipalya
kamakshipura,Kamakshipura
kamakya talkies,Kamakya Talkies
kamalanagar 8th main,Kamalanagar 8th Main
kamalanagar beml layout,Kamalanagar Beml Layout
kamalanagar water tank,Kamalanagar Water Tank
kamalanagara beml layout,Kamalanagara Beml Layout
kamalanagara market,Kamalanagara Market
kamalanagara water tank,Kamalanagara Water Tank
kamalanagara###10,Kamalanagara (West Bengaluru)
kamalanagara###9,Kamalanagara (West Bengaluru)
kamanahalli,Kamanahalli
kamanahalli circle,Kamanahalli Circle
kamaraja road,Kamaraja Road
kamarasanahalli,Kamarasanahalli
kambadakallu,Kambadakallu
kambalipura###1,Kambalipura (South Bengaluru)
kambalipura###4,Kambalipura (North-East Bengaluru)
kambipura,Kambipura
kamblipura,Kamblipura
kamblipura cross,Kamblipura Cross
kamblipura gate,Kamblipura Gate
kammagondanahalli bridge,Kammagondanahalli Bridge
kammagondanahalli rama temple,Kammagondanahalli Rama Temple
kammagonda‌nahalli bridge,Kammagonda‌Nahalli Bridge
kammana halli,Kammana Halli
kammana halli circle,Kammana Halli Circle
kammanahalli,Kammanahalli
kammanahalli empire hotel,Kammanahalli Empire Hotel
kammasandra gate###12,Kammasandra Gate (South Bengaluru)
kammasandra gate###16,Kammasandra Gate (Central Bengaluru)
kammasandra palya,Kammasandra Palya
kammasandra###0,Kammasandra (West Bengaluru)
kammasandra###23,Kammasandra (North-East Bengaluru)
kammasandra###27,Kammasandra (Central Bengaluru)
kammasandra###7,Kammasandra (Bengaluru)
kamnahalli,Kamnahalli
kanaka nagara,Kanaka Nagara
kanaka nagara gate,Kanaka Nagara Gate
kanakadasa circle,Kanakadasa Circle
kanakagiri horamavu,Kanakagiri Horamavu
kanakanagara,Kanakanagara
kanakanagara gate,Kanakanagara Gate
kanakashree layout chikka gubbi,Kanakashree Layout Chikka Gubbi
kanaminaki colony,Kanaminaki Colony
kanasawadi,Kanasawadi
kanasawadi madhure temple,Kanasawadi Madhure Temple
kanchugaranahalli,Kanchugaranahalli
kanchugaranahalli colony,Kanchugaranahalli Colony
kanegowdanahalli,Kanegowdanahalli
kanekallu cross,Kanekallu Cross
kangovi pvt ltd kukkanahalli,Kangovi PVT LTD Kukkanahalli
kankenahalli,Kankenahalli
kanminake,Kanminake
kanminake colony,Kanminake Colony
kanminike,Kanminike
kannalli,Kannalli
kannamangala gate###74,Kannamangala Gate (Bengaluru)
kannamangala gate###82,Kannamangala Gate (North-East Bengaluru)
kannamangala gate###84,Kannamangala Gate (East Bengaluru)
kannamangala madhure,Kannamangala Madhure
kannamangala###0,Kannamangala (North-East Bengaluru)
kannamangala###2,Kannamangala (Bengaluru)
kannamangala###5,Kannamangala (East Bengaluru)
kannamangalapalya,Kannamangalapalya
kannamangalapalya cross,Kannamangalapalya Cross
kannamangalapalya gate,Kannamangalapalya Gate
kannurahalli,Kannurahalli
kannurahalli cross/bekary,Kannurahalli Cross/Bekary
kannurahalli ittige factory,Kannurahalli Ittige Factory
kannuru,Kannuru
kannuru junction,Kannuru Junction
kanshiram nagara,Kanshiram Nagara
kantaanakunte,Kantaanakunte
kantanakunte,Kantanakunte
kanteerava studio,Kanteerava Studio
kanuvanahalli###0,Kanuvanahalli (Bengaluru)
kanuvanahalli###1,Kanuvanahalli (Bengaluru)
kanva gate,Kanva Gate
kanyakumari,Kanyakumari
kapayana doddy,Kapayana Doddy
karadigowdanahalli,Karadigowdanahalli
karahalli,Karahalli
karahalli cross,Karahalli Cross
karapanahalli gate,Karapanahalli Gate
karekal,Karekal
karekal cross###14,Karekal Cross (Bengaluru)
karekal cross###15,Karekal Cross (Bengaluru)
karekalpalya cross###2,Karekalpalya Cross (Bengaluru)
karekalpalya cross###6,Karekalpalya Cross (Bengaluru)
karekalpalya###1,Karekalpalya (Bengaluru)
karekalpalya###4,Karekalpalya (Bengaluru)
karenahalli,Karenahalli
karenahalli cross,Karenahalli Cross
kari obanahalli,Kari Obanahalli
karibeeranahosahalli,Karibeeranahosahalli
karibeeranahosahalli cross,Karibeeranahosahalli Cross
karihobanahalli cross,Karihobanahalli Cross
karishma hills,Karishma Hills
karishma hills cross,Karishma Hills Cross
kariyanapalya,Kariyanapalya
kariyanapalya cross (80ft road junction),Kariyanapalya Cross (80Ft Road Junction)
kariyappana doddy###0,Kariyappana Doddy (Bengaluru)
kariyappana doddy###5,Kariyappana Doddy (South-West Bengaluru)
kariyappanapalya,Kariyappanapalya
karlapura,Karlapura
karlapura colony,Karlapura Colony
karlapura gate,Karlapura Gate
karlapura gate bit,Karlapura Gate Bit
karnataka high court staff quarters,Karnataka High Court Staff Quarters
karnataka slum board development apartment,Karnataka Slum Board Development Apartment
karpura,Karpura
karpura gate###31,Karpura Gate (South Bengaluru)
karpura gate###33,Karpura Gate (South Bengaluru)
karthik nagara,Karthik Nagara
karubele,Karubele
kasaba,Kasaba
kasaghatta,Kasaghatta
kasaghattapura,Kasaghattapura
kasaghattapura gate,Kasaghattapura Gate
kasavanahalli,Kasavanahalli
kasavepalya,Kasavepalya
kasthuri nagara,Kasthuri Nagara
kasthurinagara,Kasthurinagara
kasuvinakunte,Kasuvinakunte
katamana doddy,Katamana Doddy
katamanallur gate,Katamanallur Gate
kateramma temple kambalipura,Kateramma Temple Kambalipura
kateramma temple makanahalli,Kateramma Temple Makanahalli
kathalipalya,Kathalipalya
kathriguppe###40,Kathriguppe (East Bengaluru)
kathriguppe###50,Kathriguppe (West Bengaluru)
kathruguppe,Kathruguppe
katta nallur gate,Katta Nallur Gate
kattalepalya###0,Kattalepalya (South-West Bengaluru)
kattalepalya###2,Kattalepalya (Central Bengaluru)
kattigehalli cross,Kattigehalli Cross
kattigenahalli,Kattigenahalli
kattigenahalli colony,Kattigenahalli Colony
kattigenahalli cross,Kattigenahalli Cross
kattigenahalli gate,Kattigenahalli Gate
kattu gollahalli,Kattu Gollahalli
kattu gollahalli gate,Kattu Gollahalli Gate
kattugollahalli gate,Kattugollahalli Gate
kattumnallur gate,Kattumnallur Gate
kaval byrasandra,Kaval Byrasandra
kavala hosahalli,Kavala Hosahalli
kaveri nagara,Kaveri Nagara
kbd factory,Kbd Factory
kcp kalyana mantapa,Kcp Kalyana Mantapa
kdlhg,Kdlhg
keb office kaggalipura,KEB Office Kaggalipura
keb office somanahalli,KEB Office Somanahalli
kebbahaala,Kebbahaala
kebbedoddi gate,Kebbedoddi Gate
kebbepalya gate,Kebbepalya Gate
kembaliganahalli gate,Kembaliganahalli Gate
kembathahalli,Kembathahalli
kembathahalli 1,Kembathahalli 1
kembathahalli cross,Kembathahalli Cross
kempadyapanahalli,Kempadyapanahalli
kempaiahnagara,Kempaiahnagara
kempaiahnapalya,Kempaiahnapalya
kempaiahnapalya cross,Kempaiahnapalya Cross
kempalinganahalli,Kempalinganahalli
kempalinganahalli cross,Kempalinganahalli Cross
kempalingapura,Kempalingapura
kempalingapura cross,Kempalingapura Cross
kempammadevi nagara,Kempammadevi Nagara
kempapura agarahara,Kempapura Agarahara
kempapura agarahara railway gate,Kempapura Agarahara Railway Gate
kempapura cross,Kempapura Cross
kempapura###106,Kempapura (Central Bengaluru)
kempapura###6,Kempapura (West Bengaluru)
kempapura###8,Kempapura (Central Bengaluru)
kempapura###93,Kempapura (South Bengaluru)
kempapura###95,Kempapura (Central Bengaluru)
kempashetty doddy,Kempashetty Doddy
kempashetty doddy gate,Kempashetty Doddy Gate
kempathimmanahalli,Kempathimmanahalli
kempathimmanahalli cross###2,Kempathimmanahalli Cross (North Bengaluru)
kempathimmanahalli cross###7,Kempathimmanahalli Cross (North-East Bengaluru)
kempegowda arch,Kempegowda Arch
kempegowda bus station,Kempegowda Bus Station
kempegowda bus station(majestic/kbs),Kempegowda Bus Station(Majestic/Kbs)
kempegowda garden,Kempegowda Garden
kempegowda institute nursing hostel,Kempegowda Institute Nursing Hostel
kempegowda international airport,Kempegowda International Airport
kempegowda international airport back gate,Kempegowda International Airport Back Gate
kempegowda medical hospital,Kempegowda Medical Hospital
kempegowda swimming pool,Kempegowda Swimming Pool
kenchanakuppe colony,Kenchanakuppe Colony
kenchanapalya,Kenchanapalya
kenchanapura,Kenchanapura
kenchanapura cross,Kenchanapura Cross
kencharayana doddy,Kencharayana Doddy
kendriya sadana koramangala,Kendriya Sadana Koramangala
kendriya vidyalaya,Kendriya Vidyalaya
kendriya vidyalaya asc center,Kendriya Vidyalaya Asc Center
kendriya vidyalaya cpri,Kendriya Vidyalaya Cpri
kendriya vidyalaya drdo quarters,Kendriya Vidyalaya Drdo Quarters
kendriya vidyalaya halasuru (megc),Kendriya Vidyalaya Halasuru (Megc)
kendriya vidyalaya malleshwara,Kendriya Vidyalaya Malleshwara
kendriya vihara,Kendriya Vihara
kendriya vihara yalahanka,Kendriya Vihara Yalahanka
kendriya vihara yelahanka,Kendriya Vihara Yelahanka
kengal kempohalli,Kengal Kempohalli
kenganahalli,Kenganahalli
kengeri,Kengeri
kengeri bus station,Kengeri Bus Station
kengeri church,Kengeri Church
kengeri club,Kengeri Club
kengeri ganesha temple,Kengeri Ganesha Temple
kengeri metro station,Kengeri Metro Station
kengeri police station,Kengeri Police Station
kengeri post office,Kengeri Post Office
kengeri railway station,Kengeri Railway Station
kengeri satellite town,Kengeri Satellite Town
kengeri ttmc,Kengeri TTMC
kengunte circle,Kengunte Circle
kenjiganahalli,Kenjiganahalli
kere devasthana,Kere Devasthana
kere guddadahalli,Kere Guddadahalli
kere kattiganuru,Kere Kattiganuru
kerekodi junction,Kerekodi Junction
kerekodi sondekoppa,Kerekodi Sondekoppa
kerekodi thyamagondlu,Kerekodi Thyamagondlu
kesaraguppe,Kesaraguppe
kethaganahalli,Kethaganahalli
kethohalli,Kethohalli
kg halli bridge,Kg Halli Bridge
kg halli post office,Kg Halli Post Office
kg lakkenahalli,Kg Lakkenahalli
kg lakkenahalli cross,Kg Lakkenahalli Cross
kg srinivasapura cross,Kg Srinivasapura Cross
kh road,Kh Road
khaji hosahalli,Khaji Hosahalli
khaji sonnenahalli,Khaji Sonnenahalli
khaji sonnenahalli gate,Khaji Sonnenahalli Gate
khazi sonnehalli,Khazi Sonnehalli
khb colony dodda aladamara,Khb Colony Dodda Aladamara
khb colony sultanpalya,Khb Colony Sultanpalya
khb colony###119,Khb Colony (Bengaluru)
khb colony###134,Khb Colony (West Bengaluru)
khb surya nagara,Khb Surya Nagara
khodays circle,Khodays Circle
kia terminal 2,Kia Terminal 2
kiadb area,Kiadb Area
kiadb circle bagalur,Kiadb Circle Bagalur
kiadb hoovinayakanahalli gate,Kiadb Hoovinayakanahalli Gate
kidb circle bagaluru,Kidb Circle Bagaluru
kidwai layout,Kidwai Layout
kims college,Kims College
kirloskar,Kirloskar
kirloskar badavane,Kirloskar Badavane
kirloskar company,Kirloskar Company
kirloskar factory,Kirloskar Factory
kithiganahalli,Kithiganahalli
kittagana halli,Kittagana Halli
kittaganur,Kittaganur
kittaganuru,Kittaganuru
kittaganuru cross,Kittaganuru Cross
kittanahalli,Kittanahalli
kittanahalli palya,Kittanahalli Palya
kk school,Kk School
kle society college,Kle Society College
kle society college cross,Kle Society College Cross
kmf,Kmf
knarayanapura,Knarayanapura
kodagalahatti,Kodagalahatti
kodagi bommanahalli,Kodagi Bommanahalli
kodalagurki,Kodalagurki
kodalipura,Kodalipura
kodandarama temple,Kodandarama Temple
kodandaramanagara,Kodandaramanagara
kodathi gate,Kodathi Gate
kodathi village,Kodathi Village
kodays circle,Kodays Circle
kodi basavanna temple banawadi,Kodi Basavanna Temple Banawadi
kodichikkanahalli,Kodichikkanahalli
kodigehalli canara bank colony,Kodigehalli Canara Bank Colony
kodigehalli gate###215,Kodigehalli Gate (Central Bengaluru)
kodigehalli gate###238,Kodigehalli Gate (West Bengaluru)
kodigehalli yelahanka road,Kodigehalli Yelahanka Road
kodigehalli###1,Kodigehalli (West Bengaluru)
kodigehalli###2,Kodigehalli (North Bengaluru)
kodigehalli###24,Kodigehalli (West Bengaluru)
kodihalli motaganahalli,Kodihalli Motaganahalli
kodihalli###133,Kodihalli (East Bengaluru)
kodihalli###153,Kodihalli (Central Bengaluru)
kodihalli###159,Kodihalli (Central Bengaluru)
kodihalli###33,Kodihalli (North Bengaluru)
kodihalli###70,Kodihalli (East Bengaluru)
kodimanchanahalli gate,Kodimanchanahalli Gate
kodipalya cross t begur,Kodipalya Cross T Begur
kodipalya###1,Kodipalya (Bengaluru)
kodipalya###44,Kodipalya (North Bengaluru)
kodipalya###47,Kodipalya (Bengaluru)
kodipalya###48,Kodipalya (West Bengaluru)
kodiyala,Kodiyala
koduru,Koduru
kogilu cross,Kogilu Cross
kogilu cross devanahalli main road,Kogilu Cross Devanahalli Main Road
kogilu cross kannur,Kogilu Cross Kannur
kogilu###1,Kogilu (Central Bengaluru)
kogilu###51,Kogilu (North Bengaluru)
kohinoor ground,Kohinoor Ground
kolathur,Kolathur
kolathuru gate###4,Kolathuru Gate (East Bengaluru)
kolathuru gate###8,Kolathuru Gate (East Bengaluru)
koli farm gate bannerghatta road,Koli Farm Gate Bannerghatta Road
koli farm gate###0,Koli Farm Gate (North Bengaluru)
koli farm gate###97,Koli Farm Gate (South-West Bengaluru)
koli farm university quatres,Koli Farm University Quatres
koli farm###43,Koli Farm (East Bengaluru)
koli farm###51,Koli Farm (East Bengaluru)
koli farm###54,Koli Farm (Central Bengaluru)
kolipura,Kolipura
kolliganahalli,Kolliganahalli
koluru,Koluru
koluvarayanahalli,Koluvarayanahalli
kommaghatta,Kommaghatta
kommaghatta junction,Kommaghatta Junction
kommasandra,Kommasandra
konanakunte,Konanakunte
konanakunte cross,Konanakunte Cross
konanakunte cross metro station,Konanakunte Cross Metro Station
konanakunte reliance fresh,Konanakunte Reliance Fresh
konappana agarhara,Konappana Agarhara
konappana agarhara flyover,Konappana Agarhara Flyover
konappana agrahara,Konappana Agrahara
konappana agrahara flyover,Konappana Agrahara Flyover
konasandra cross jigani,Konasandra Cross Jigani
konasandra cross###10,Konasandra Cross (South Bengaluru)
konasandra cross###15,Konasandra Cross (South-West Bengaluru)
konasandra###7,Konasandra (South Bengaluru)
konasandra###8,Konasandra (South-West Bengaluru)
kondashettyhalli,Kondashettyhalli
kondenahalli,Kondenahalli
kondenahalli gate,Kondenahalli Gate
konena agrahara,Konena Agrahara
kongovi pvt ltd peenya,Kongovi PVT LTD Peenya
konnappana agrahara,Konnappana Agrahara
koppa,Koppa
koppa gate,Koppa Gate
koppa gate bannergatta road,Koppa Gate Bannergatta Road
koraluru,Koraluru
koraluru railway gate,Koraluru Railway Gate
koramangala,Koramangala
koramangala 1st block,Koramangala 1st Block
koramangala bda complex,Koramangala BDA Complex
koramangala bus station,Koramangala Bus Station
koramangala forum mall,Koramangala Forum Mall
koramangala kalyana mantapa,Koramangala Kalyana Mantapa
koramangala police station,Koramangala Police Station
koramangala water tank,Koramangala Water Tank
koratagere doddy,Koratagere Doddy
koratageredoddy bannerughatta,Koratageredoddy Bannerughatta
koshys hospital kalkere,Koshys Hospital Kalkere
kotalammana devasthana,Kotalammana Devasthana
kothaganahalli,Kothaganahalli
kothanuru,Kothanuru
kothanuru dinne ganesha temple,Kothanuru Dinne Ganesha Temple
kothanuru hari nagara,Kothanuru Hari Nagara
kothnuru bagalur road,Kothnuru Bagalur Road
kothnuru cross,Kothnuru Cross
kotiganahalli,Kotiganahalli
kottanayakana halli,Kottanayakana Halli
kottige palya magadi road,Kottige Palya Magadi Road
kottigepalya,Kottigepalya
kottur cross,Kottur Cross
kotur,Kotur
kotur gate,Kotur Gate
koudenahalli cross,Koudenahalli Cross
koyira,Koyira
kpcc office,Kpcc Office
kr circle,KR Circle
kr hospital uttarahalli,KR Hospital Uttarahalli
kr market,KR Market
kr market (kalasipalya),KR Market (Kalasipalya)
kr market flyover,KR Market Flyover
kr palya,KR Palya
kr pura extension,KR Pura Extension
kr pura market,KR Pura Market
kr pura metro station,KR Pura Metro Station
kr pura railway station,KR Pura Railway Station
kr puram,KR Puram
kr puram new layout,KR Puram New Layout
kr puram railway station,KR Puram Railway Station
kranthiveera sangolli rayanna railway station,Kranthiveera Sangolli Rayanna Railway Station
krb indian oil petrol bunk kembathalli,Krb Indian Oil Petrol Bunk Kembathalli
krishna garden bhel layout,Krishna Garden Bhel Layout
krishnananda nagara,Krishnananda Nagara
krishnaraja pura govt hospital,Krishnaraja Pura Govt Hospital
krishnarajendra market,Krishnarajendra Market
krishnasagara###7,Krishnasagara (West Bengaluru)
krishnasagara###9,Krishnasagara (Bengaluru)
krishnayyana doddy,Krishnayyana Doddy
krishnayyana palya ngef,Krishnayyana Palya Ngef
kristu jayanti college,Kristu Jayanti College
krm police station,Krm Police Station
krupanidhi college,Krupanidhi College
krupanidhi college gunjur road,Krupanidhi College Gunjur Road
ksrp training centre,Ksrp Training Centre
kssem college,Kssem College
kswh gowdon,Kswh Gowdon
ktpo,Ktpo
kudlu,Kudlu
kudlu gate,Kudlu Gate
kudlu gate flyover,Kudlu Gate Flyover
kudlu panchayat office,Kudlu Panchayat Office
kudlu panchayath office,Kudlu Panchayath Office
kudlu slum board,Kudlu Slum Board
kudure mukha colony,Kudure Mukha Colony
kuduregere colony,Kuduregere Colony
kuduregere cross,Kuduregere Cross
kuduregere gate,Kuduregere Gate
kuduregere madanayakanahalli,Kuduregere Madanayakanahalli
kudurugere colony,Kudurugere Colony
kugur cross,Kugur Cross
kuguru,Kuguru
kuguru gate,Kuguru Gate
kullappa circle,Kullappa Circle
kullegowdanapalya,Kullegowdanapalya
kullegowdanapalya 1,Kullegowdanapalya 1
kullegowdanapalya cross,Kullegowdanapalya Cross
kulumepalya,Kulumepalya
kuluvanahalli tumakur road,Kuluvanahalli Tumakur Road
kumaraswamy layout,Kumaraswamy Layout
kumaraswamy layout 2nd stage,Kumaraswamy Layout 2nd Stage
kumaraswamy layout police station,Kumaraswamy Layout Police Station
kumaraswamy layout west,Kumaraswamy Layout West
kumbalagodu,Kumbalagodu
kumbalagunte cross,Kumbalagunte Cross
kumbalahalli,Kumbalahalli
kumbalgudu,Kumbalgudu
kumbara doddy,Kumbara Doddy
kumbarahalli,Kumbarahalli
kumbarahalli cross###11,Kumbarahalli Cross (West Bengaluru)
kumbarahalli cross###12,Kumbarahalli Cross (North Bengaluru)
kumbaranahalli,Kumbaranahalli
kundala halli colony,Kundala Halli Colony
kundalahalli,Kundalahalli
kundalahalli colony,Kundalahalli Colony
kundalahalli gate,Kundalahalli Gate
kundalahalli metro station,Kundalahalli Metro Station
kundalapura,Kundalapura
kundana,Kundana
kundana circle,Kundana Circle
kundana cross,Kundana Cross
kuppa reddy kere,Kuppa Reddy Kere
kuppa siddanadoddy,Kuppa Siddanadoddy
kuppareddy kere,Kuppareddy Kere
kuppemala,Kuppemala
kurubara karenahalli,Kurubara Karenahalli
kurubarahalli cross,Kurubarahalli Cross
kurubarahalli gate,Kurubarahalli Gate
kurubarahalli###0,Kurubarahalli (North-East Bengaluru)
kurubarahalli###7,Kurubarahalli (West Bengaluru)
kurubarakunte cross (narsari),Kurubarakunte Cross (Narsari)
kurubarapalya,Kurubarapalya
kurubarapalya cross,Kurubarapalya Cross
kurudu sonnenahalli cross,Kurudu Sonnenahalli Cross
kuthaganahalli,Kuthaganahalli
kuthaganahalli cross,Kuthaganahalli Cross
kuvempu circle 1,Kuvempu Circle 1
kuvempu circle###110,Kuvempu Circle (West Bengaluru)
kuvempu circle###113,Kuvempu Circle (West Bengaluru)
kuvempunagara ( btm layout),Kuvempunagara ( BTM Layout)
kuvempunagara bus station (btm layout),Kuvempunagara Bus Station (BTM Layout)
kuvempunagara bus station(btm layout),Kuvempunagara Bus Station(Btm Layout)
kuvempunagara###1,Kuvempunagara (South-West Bengaluru)
kuvempunagara###10,Kuvempunagara (West Bengaluru)
kyalasanahalli cross,Kyalasanahalli Cross
kyalasanahalli###12,Kyalasanahalli (South Bengaluru)
kyalasanahalli###13,Kyalasanahalli (Central Bengaluru)
l and t factory doddaballapura,L And T Factory Doddaballapura
ladies hostel university campus,Ladies Hostel University Campus
laggere bridge,Laggere Bridge
laggere cross,Laggere Cross
laggere new bus stand,Laggere New Bus Stand
lagumenahalli circle,Lagumenahalli Circle
lagumenahalli cross,Lagumenahalli Cross
lake side hospital,Lake Side Hospital
lake view appartment near beedi colony,Lake View Appartment Near Beedi Colony
lakeshore garden,Lakeshore Garden
lakkaiahana doddy,Lakkaiahana Doddy
lakkaiahnapalya,Lakkaiahnapalya
lakkaiahnapalya 1,Lakkaiahnapalya 1
lakkasandra cross t beguru,Lakkasandra Cross T Beguru
lakkasandra###224,Lakkasandra (Bengaluru)
lakkasandra###246,Lakkasandra (West Bengaluru)
lakkenahalli cross,Lakkenahalli Cross
lakkenahalli junction sondekoppa road,Lakkenahalli Junction Sondekoppa Road
lakkondahalli,Lakkondahalli
lakkondahalli cross,Lakkondahalli Cross
lakkondahalli gate,Lakkondahalli Gate
lakkondahalli temple,Lakkondahalli Temple
lakkuppe,Lakkuppe
lakkur,Lakkur
lakshman rao nagara anepalya,Lakshman Rao Nagara Anepalya
lakshmi devastana,Lakshmi Devastana
lakshmi layout,Lakshmi Layout
lakshmi temple,Lakshmi Temple
lakshmi venkateshwara temple,Lakshmi Venkateshwara Temple
lakshmidevi nagara,Lakshmidevi Nagara
lakshmidevi nagara cross,Lakshmidevi Nagara Cross
lakshmipura cross,Lakshmipura Cross
lakshmipura kalkere,Lakshmipura Kalkere
lakshmipura ulsoor,Lakshmipura Ulsoor
lakshmipura###110,Lakshmipura (West Bengaluru)
lakshmipura###119,Lakshmipura (Central Bengaluru)
lakshmipura###3,Lakshmipura (South-West Bengaluru)
lakshmipura###72,Lakshmipura (Bengaluru)
lakshmipura###75,Lakshmipura (Bengaluru)
lakshmipura###88,Lakshmipura (West Bengaluru)
lakshmisagar gate,Lakshmisagar Gate
lakshmisagara###2,Lakshmisagara (Bengaluru)
lakshmisagara###4,Lakshmisagara (South Bengaluru)
lal bahaddur shastri nagara,Lal Bahaddur Shastri Nagara
lalbagh hopcoms,Lalbagh Hopcoms
lalbagh main gate,Lalbagh Main Gate
lalbagh metro station,Lalbagh Metro Station
lalbagh west gate,Lalbagh West Gate
lalbagh west gate (lalbagh metro station),Lalbagh West Gate (Lalbagh Metro Station)
lalbhag society,Lalbhag Society
lalbhag west gate,Lalbhag West Gate
lalbhagh main gate,Lalbhagh Main Gate
lavanya talkies,Lavanya Talkies
layout herohalli,Layout Herohalli
leelavathi estate,Leelavathi Estate
lg godown,Lg Godown
library university,Library University
lido,Lido
lido talkies,Lido Talkies
life style (sacred heart school),Life Style (Sacred Heart School)
lingadeera mallsandra,Lingadeera Mallsandra
lingadeera mallsandra cross,Lingadeera Mallsandra Cross
lingadeeranahalli,Lingadeeranahalli
linganahalli,Linganahalli
linganahalli gate,Linganahalli Gate
lingapura###5,Lingapura (Bengaluru)
lingapura###6,Lingapura (South Bengaluru)
lingarajapura bridge,Lingarajapura Bridge
lingarajapura###1,Lingarajapura (North Bengaluru)
lingarajapura###83,Lingarajapura (Central Bengaluru)
lingarajapuram,Lingarajapuram
lingenahalli,Lingenahalli
link road,Link Road
lnoordoddy,Lnoordoddy
lohithanagara (nelamangala),Lohithanagara (Nelamangala)
lottegollahalli,Lottegollahalli
loyala school,Loyala School
loyola school,Loyola School
lr bande,Lr Bande
lrde,Lrde
ltg aishwarya,Ltg Aishwarya
ltg indraprastha,Ltg Indraprastha
lurdubayi samudaya bhavana,Lurdubayi Samudaya Bhavana
m e s college aradeshanahalli road,M E S College Aradeshanahalli Road
m gopahalli,M Gopahalli
m hosahalli gate,M Hosahalli Gate
m karenahalli,M Karenahalli
m medahalli,M Medahalli
m s nagara (thirumenahalli ),M S Nagara (Thirumenahalli )
m sathyawara,M Sathyawara
m.g.road,M.G.Road
machenahalli dabaspete,Machenahalli Dabaspete
machohalli,Machohalli
machohalli colony,Machohalli Colony
machohalli cross,Machohalli Cross
machohalli gate,Machohalli Gate
madagondanahalli,Madagondanahalli
madanayakanahalli,Madanayakanahalli
madapatna cross,Madapatna Cross
madapatna###19,Madapatna (Bengaluru)
madapatna###21,Madapatna (South Bengaluru)
madappanahalli cross,Madappanahalli Cross
madappanahalli###5,Madappanahalli (North Bengaluru)
madappanahalli###6,Madappanahalli (East Bengaluru)
madapura,Madapura
madapura cross bidadi,Madapura Cross Bidadi
madarasa school,Madarasa School
madarasa school 1,Madarasa School 1
madavan park,Madavan Park
madavara,Madavara
madavara nice road,Madavara NICE Road
madavara village,Madavara Village
madhavan park,Madhavan Park
madhugirihalli,Madhugirihalli
madhura nagara,Madhura Nagara
madhura nagara hostel,Madhura Nagara Hostel
madhure,Madhure
madhure village,Madhure Village
madivala,Madivala
madivala masidi,Madivala Masidi
madivala mosque,Madivala Mosque
madiwala,Madiwala
madiwala market,Madiwala Market
madiwala police station,Madiwala Police Station
madugirihalli,Madugirihalli
maduranagar,Maduranagar
maduranagar hostel,Maduranagar Hostel
magadi,Magadi
magadi road 10th cross,Magadi Road 10th Cross
magadi road 1st cross,Magadi Road 1st Cross
magadi road 5th cross,Magadi Road 5th Cross
magadi road dasarahalli,Magadi Road Dasarahalli
magadi road metro station,Magadi Road Metro Station
magadi road tollgate,Magadi Road Tollgate
mahadeshwara badavane,Mahadeshwara Badavane
mahadeshwara nagara###25,Mahadeshwara Nagara (Central Bengaluru)
mahadeshwara nagara###28,Mahadeshwara Nagara (West Bengaluru)
mahadeva kodigehalli,Mahadeva Kodigehalli
mahadevana doddy colony,Mahadevana Doddy Colony
mahadevanana doddy,Mahadevanana Doddy
mahadevapura cross,Mahadevapura Cross
mahadevapura ring road,Mahadevapura Ring Road
mahadevapura###104,Mahadevapura (Central Bengaluru)
mahadevapura###6,Mahadevapura (Bengaluru)
mahal chowdadenahalli,Mahal Chowdadenahalli
mahalakshmi layout,Mahalakshmi Layout
mahalakshmi layout entarence,Mahalakshmi Layout Entarence
mahalakshmi layout entrance,Mahalakshmi Layout Entrance
mahanthalingapura,Mahanthalingapura
maharaja hotel koramangala,Maharaja Hotel Koramangala
maharaja signal,Maharaja Signal
maharani college,Maharani College
mahathma gandhi statue,Mahathma Gandhi Statue
mahathma vidhyalaya muttanalluru,Mahathma Vidhyalaya Muttanalluru
mahesh medicals,Mahesh Medicals
mahila samaja,Mahila Samaja
mahila seva samaja,Mahila Seva Samaja
mahimapura temple,Mahimapura Temple
majara hosahalli,Majara Hosahalli
majara hosahalli cross,Majara Hosahalli Cross
majestic,Majestic
makali,Makali
makali cross,Makali Cross
makali cross madhure road,Makali Cross Madhure Road
makali govt high school,Makali Govt High School
makanahalli,Makanahalli
makanahalli 1st stop,Makanahalli 1st Stop
makanahalli cross,Makanahalli Cross
makkala koota,Makkala Koota
makkalakoota,Makkalakoota
malagala,Malagala
malagala 1,Malagala 1
malenahalli bidaraguppe,Malenahalli Bidaraguppe
malenallasandra,Malenallasandra
malenallasandra junction,Malenallasandra Junction
maligenahalli bidaluru,Maligenahalli Bidaluru
maligenahalli cross,Maligenahalli Cross
maligondanahalli,Maligondanahalli
mallaiahnapalya,Mallaiahnapalya
mallapura cross,Mallapura Cross
mallapura###2,Mallapura (Bengaluru)
mallapura###5,Mallapura (North-East Bengaluru)
mallarabanavadi cross,Mallarabanavadi Cross
mallasandra bagalakunte,Mallasandra Bagalakunte
mallasandra bus stand (charging point),Mallasandra Bus Stand (Charging Point)
mallasandra health center,Mallasandra Health Center
mallasandra poorvankara apartment,Mallasandra Poorvankara Apartment
mallasandra###23,Mallasandra (East Bengaluru)
mallasandra###30,Mallasandra (Bengaluru)
mallathahalli cross###42,Mallathahalli Cross (West Bengaluru)
mallathahalli cross###6,Mallathahalli Cross (Bengaluru)
mallathahalli###0,Mallathahalli (Bengaluru)
mallathahalli###1,Mallathahalli (West Bengaluru)
malleshpalya,Malleshpalya
malleshpalya new bus station(vignananagar),Malleshpalya New Bus Station(Vignananagar)
malleshwara 11th cross,Malleshwara 11th Cross
malleshwara 13th cross,Malleshwara 13th Cross
malleshwara 13th cross (8th main road),Malleshwara 13th Cross (8th Main Road)
malleshwara 13th cross (8th mian),Malleshwara 13th Cross (8th Mian)
malleshwara 15th cross,Malleshwara 15th Cross
malleshwara 15th cross (8th main),Malleshwara 15th Cross (8th Main)
malleshwara 15th cross(8th main),Malleshwara 15th Cross(8Th Main)
malleshwara 18th cross###170,Malleshwara 18th Cross (West Bengaluru)
malleshwara 18th cross###178,Malleshwara 18th Cross (West Bengaluru)
malleshwara 8th cross,Malleshwara 8th Cross
malleshwara 8th cross (8th main kbs),Malleshwara 8th Cross (8th Main Kbs)
malleshwara 8th cross (8th main),Malleshwara 8th Cross (8th Main)
malleshwara 8th cross (sampige road),Malleshwara 8th Cross (Sampige Road)
malleshwara bus stand,Malleshwara Bus Stand
malleshwara circle,Malleshwara Circle
malleshwara railway station,Malleshwara Railway Station
malleshwaram 11th and 13th cross,Malleshwaram 11th And 13th Cross
malleshwaram 13th cross###0,Malleshwaram 13th Cross (West Bengaluru)
malleshwaram 13th cross###7,Malleshwaram 13th Cross (West Bengaluru)
malleshwaram 15th cross,Malleshwaram 15th Cross
malleshwaram 18th cross###11,Malleshwaram 18th Cross (West Bengaluru)
malleshwaram 18th cross###14,Malleshwaram 18th Cross (West Bengaluru)
malleshwaram 8th cross,Malleshwaram 8th Cross
malleshwaram circle,Malleshwaram Circle
malleshwaram railway station,Malleshwaram Railway Station
mallige hospital,Mallige Hospital
mallige hospital siddapura,Mallige Hospital Siddapura
malligenahalli cross,Malligenahalli Cross
mallimakanapura,Mallimakanapura
mallipalya,Mallipalya
mallohalli,Mallohalli
mallohalli cross,Mallohalli Cross
mallohallipalya,Mallohallipalya
malluru,Malluru
mallya hospital,Mallya Hospital
malur cross,Malur Cross
malya adhithi school,Malya Adhithi School
managal,Managal
managanahalli kankapura road,Managanahalli Kankapura Road
manasa nagara,Manasa Nagara
manchanabele,Manchanabele
manchanabele colony,Manchanabele Colony
manchanabele dam cross,Manchanabele Dam Cross
manchanabele school,Manchanabele School
manchanahalli,Manchanahalli
manchanahalli cross,Manchanahalli Cross
manchanayakanahalli,Manchanayakanahalli
manchanayakanahalli gate,Manchanayakanahalli Gate
manchappanahalli cross,Manchappanahalli Cross
manchappanahalli gate,Manchappanahalli Gate
manchappanahalli gate 1,Manchappanahalli Gate 1
manchappanahalli village,Manchappanahalli Village
manchegowdanapalya,Manchegowdanapalya
manchenahalli,Manchenahalli
mandigere,Mandigere
mandooru,Mandooru
mandur,Mandur
mangammana palya,Mangammana Palya
mangammanapalya,Mangammanapalya
manganahalli,Manganahalli
manganahalli cross###0,Manganahalli Cross (West Bengaluru)
manganahalli cross###13,Manganahalli Cross (West Bengaluru)
maniksha parade ground,Maniksha Parade Ground
maniksha pardeground,Maniksha Pardeground
manipal,Manipal
manipal center,Manipal Center
manipal centre,Manipal Centre
manipal centre mg road,Manipal Centre MG Road
manipal hospital,Manipal Hospital
manjunatha kalyana mantapa,Manjunatha Kalyana Mantapa
manjunatha nagara layout cross,Manjunatha Nagara Layout Cross
manjunatha nagara###30,Manjunatha Nagara (West Bengaluru)
manjunatha nagara###34,Manjunatha Nagara (Bengaluru)
manjunatha nagara###35,Manjunatha Nagara (West Bengaluru)
manjunatha nagara###9,Manjunatha Nagara (West Bengaluru)
manjunatha tent,Manjunatha Tent
manjushree garments pss,Manjushree Garments Pss
manjushree hospital,Manjushree Hospital
manorayana palya,Manorayana Palya
manorayanapalya,Manorayanapalya
mantanakurchi,Mantanakurchi
mantapa cross###0,Mantapa Cross (South Bengaluru)
mantapa cross###55,Mantapa Cross (South-West Bengaluru)
manthri layout,Manthri Layout
mantri alpyne apartment,Mantri Alpyne Apartment
mantri green apartment sampige talkies,Mantri Green Apartment Sampige Talkies
mantri layout (m l a layout),Mantri Layout (M L A Layout)
manu vana vijayanagara,Manu Vana Vijayanagara
manuvana,Manuvana
manyatha tech park,Manyatha Tech Park
maragondanahalli cross,Maragondanahalli Cross
maragondanahalli###1,Maragondanahalli (North Bengaluru)
maragondanahalli###3,Maragondanahalli (Central Bengaluru)
maralakunte,Maralakunte
maralakunte colony,Maralakunte Colony
maralugondla cross,Maralugondla Cross
maramma temple,Maramma Temple
maramma temple halage vaderahalli,Maramma Temple Halage Vaderahalli
maramma temple hegganahalli,Maramma Temple Hegganahalli
maranagere,Maranagere
maranayakanahalli,Maranayakanahalli
marappa garden,Marappa Garden
marasandra circle,Marasandra Circle
marasandra gate###2,Marasandra Gate (North Bengaluru)
marasandra gate###6,Marasandra Gate (East Bengaluru)
marasandra govt school,Marasandra Govt School
marasandra###12,Marasandra (Central Bengaluru)
marasandra###9,Marasandra (East Bengaluru)
marasur gate,Marasur Gate
marasur madivala###0,Marasur Madivala (South Bengaluru)
marasur madivala###1,Marasur Madivala (South Bengaluru)
maratahalli bridge,Maratahalli Bridge
maratahalli###10,Maratahalli (Central Bengaluru)
maratahalli###9,Maratahalli (Central Bengaluru)
marathahalli,Marathahalli
marathahalli bridge,Marathahalli Bridge
maregowdanadoddy,Maregowdanadoddy
marenahalli (marenahalli metro station),Marenahalli (Marenahalli Metro Station)
marenahalli gate,Marenahalli Gate
marenahalli petrol bunk,Marenahalli Petrol Bunk
marenahalli###41,Marenahalli (North-East Bengaluru)
marenahalli###43,Marenahalli (West Bengaluru)
marenahalli###44,Marenahalli (West Bengaluru)
marenahalli###46,Marenahalli (Bengaluru)
marigowdanapalya,Marigowdanapalya
marikuppe cross,Marikuppe Cross
marison factory,Marison Factory
mariyannanapalya,Mariyannanapalya
mariyappana palya###3,Mariyappana Palya (West Bengaluru)
mariyappana palya###4,Mariyappana Palya (Central Bengaluru)
mariyappanapalya###89,Mariyappanapalya (West Bengaluru)
mariyappanapalya###90,Mariyappanapalya (West Bengaluru)
marnami doddy,Marnami Doddy
marsoor gate,Marsoor Gate
marsur,Marsur
marsuru,Marsuru
marsuru gate,Marsuru Gate
marsuru madivala,Marsuru Madivala
maruthi badavane,Maruthi Badavane
maruthi badavane dasarahalli,Maruthi Badavane Dasarahalli
maruthi circle,Maruthi Circle
maruthi mandira,Maruthi Mandira
maruthi markandeyanagara,Maruthi Markandeyanagara
maruthi nagara kannur road,Maruthi Nagara Kannur Road
maruthi nagara kodigehalli,Maruthi Nagara Kodigehalli
maruthi nagara###128,Maruthi Nagara (South Bengaluru)
maruthi nagara###135,Maruthi Nagara (West Bengaluru)
maruthi nagara###136,Maruthi Nagara (West Bengaluru)
maruthi nagara###137,Maruthi Nagara (North Bengaluru)
maruthi nagara###139,Maruthi Nagara (West Bengaluru)
maruthi nagara###85,Maruthi Nagara (West Bengaluru)
maruthi school###4,Maruthi School (South-West Bengaluru)
maruthi school###45,Maruthi School (Central Bengaluru)
maruthi seva nagara,Maruthi Seva Nagara
maruthi sevanagara,Maruthi Sevanagara
maruthi temple kamalanagara,Maruthi Temple Kamalanagara
maruthinagara malleshpalya,Maruthinagara Malleshpalya
mary immaculate school,Mary Immaculate School
masthenahalli,Masthenahalli
mata mallasandra,Mata Mallasandra
matada halli,Matada Halli
matadahalli,Matadahalli
mathahalli cross,Mathahalli Cross
mathikere,Mathikere
mathikere post office,Mathikere Post Office
matta gate,Matta Gate
matta mallasandra,Matta Mallasandra
matta village,Matta Village
mattahalli,Mattahalli
mattahalli cross,Mattahalli Cross
matthahalli,Matthahalli
mavallipura,Mavallipura
mayaganahalli,Mayaganahalli
mayasandra gate###10,Mayasandra Gate (South Bengaluru)
mayasandra gate###11,Mayasandra Gate (North-East Bengaluru)
mayasandra kodi,Mayasandra Kodi
mayasandra###4,Mayasandra (Bengaluru)
mayasandra###5,Mayasandra (South Bengaluru)
mayohall,Mayohall
mayohall g-2,Mayohall G-2
mazara hosahalli,Mazara Hosahalli
mazara hosahalli cross,Mazara Hosahalli Cross
mc donald,Mc Donald
mc layout,Mc Layout
mctc bus stand,Mctc Bus Stand
md block,Md Block
mdblock,Mdblock
meda agrahara cross,Meda Agrahara Cross
meda maranahalli,Meda Maranahalli
medahalli colony,Medahalli Colony
medahalli cross,Medahalli Cross
medahalli###9,Medahalli (East Bengaluru)
medahalli###97,Medahalli (Central Bengaluru)
medanahalli,Medanahalli
medarahalli railway gate,Medarahalli Railway Gate
medi agrahara,Medi Agrahara
medi agrahara cross,Medi Agrahara Cross
medi mallasandra,Medi Mallasandra
medicine factory,Medicine Factory
meenakshi layout,Meenakshi Layout
meenakshi temple,Meenakshi Temple
meenakunte,Meenakunte
meenakunte hosuru,Meenakunte Hosuru
meesagaanahalli,Meesagaanahalli
meesaganahalli,Meesaganahalli
meg centre,Meg Centre
meg centre (kia),Meg Centre (Kia)
mei colony laggere,Mei Colony Laggere
mei factory,Mei Factory
mei guragunte palya,Mei Guragunte Palya
mei layout,Mei Layout
mei layout arch,Mei Layout Arch
mekhri circle,Mekhri Circle
mes college aradeshanahalli road,Mes College Aradeshanahalli Road
mes road,Mes Road
mestripalya,Mestripalya
metipalya,Metipalya
metro,Metro
metro konanakunte,Metro Konanakunte
metro tech aprtment,Metro Tech Aprtment
metrocorp nirvana layout,Metrocorp Nirvana Layout
mg road,MG Road
mg road anil kumble circle,MG Road Anil Kumble Circle
mg road electric b station,MG Road Electric B Station
mg road metro station,MG Road Metro Station
mg statue,MG Statue
mg statue (chinnaswamy stadium),MG Statue (Chinnaswamy Stadium)
mgm school,Mgm School
mgroad,Mgroad
mico checkpost,Mico Checkpost
mico factory junction,Mico Factory Junction
mico gate,Mico Gate
mico gate adugodi,Mico Gate Adugodi
mico layout,Mico Layout
mico layout btm,Mico Layout BTM
mico layout checkpost gopalan mall,Mico Layout Checkpost Gopalan Mall
mico shramajeevi colony arakere,Mico Shramajeevi Colony Arakere
mid city,Mid City
military accounts office,Military Accounts Office
military bridge,Military Bridge
military dairy farm,Military Dairy Farm
military dairy farm (esteem mall),Military Dairy Farm (Esteem Mall)
milk booth,Milk Booth
milk booth jp nagara,Milk Booth JP Nagara
milk colony,Milk Colony
milk colony 1,Milk Colony 1
milk dairy hegganahalli,Milk Dairy Hegganahalli
millers road,Millers Road
minakunte hosuru,Minakunte Hosuru
minarva circle,Minarva Circle
minaznagara,Minaznagara
minerva circle,Minerva Circle
minerva mill,Minerva Mill
minnapura,Minnapura
miranda school,Miranda School
mittaganahalli 1,Mittaganahalli 1
mittaganahalli cross,Mittaganahalli Cross
mm industries,Mm Industries
mm medicals,Mm Medicals
mn krishna rao park,Mn Krishna Rao Park
modern food goraguntepalya,Modern Food Goraguntepalya
modi garden,Modi Garden
modi hospital,Modi Hospital
mohankumar nagara,Mohankumar Nagara
monotype,Monotype
monotype corporation,Monotype Corporation
moodalapalya,Moodalapalya
morision factory,Morision Factory
mosque road,Mosque Road
motaganahalli,Motaganahalli
motaganahalli bishop cotton school,Motaganahalli Bishop Cotton School
motaganahalli high school,Motaganahalli High School
mother dairy,Mother Dairy
mother dairy cross,Mother Dairy Cross
mother dairy cross yalahanka,Mother Dairy Cross Yalahanka
mother dairy yalahanka,Mother Dairy Yalahanka
motherson automotive cross,Motherson Automotive Cross
mount carmel,Mount Carmel
mount carmel college,Mount Carmel College
mr nursing college,Mr Nursing College
mrb grand hotel,Mrb Grand Hotel
mrv bricks factory,Mrv Bricks Factory
ms building,MS Building
ms palya,MS Palya
ms ramaiah college,MS Ramaiah College
ms ramaiah hospital,MS Ramaiah Hospital
ms ramaiah hospital new bel road,MS Ramaiah Hospital New BEL Road
ms ramayya hospital,MS Ramayya Hospital
mtr hotel,Mtr Hotel
mudalapalya (banavadi),Mudalapalya (Banavadi)
mudalayyana doddy,Mudalayyana Doddy
muddanahalli,Muddanahalli
muddanayakanahalli,Muddanayakanahalli
muddayanapalya,Muddayanapalya
muddayanapalya junction,Muddayanapalya Junction
muddayyanapalya###0,Muddayyanapalya (Bengaluru)
muddayyanapalya###1,Muddayyanapalya (Bengaluru)
muddinapalya,Muddinapalya
muddinapalya junction,Muddinapalya Junction
mugabala,Mugabala
mugaluru###0,Mugaluru (South-East Bengaluru)
mugaluru###12,Mugaluru (South-East Bengaluru)
mukkodlu,Mukkodlu
mukthi naga temple,Mukthi Naga Temple
mulakattamma temple mallohalli,Mulakattamma Temple Mallohalli
mulkattamma temple mallohalli,Mulkattamma Temple Mallohalli
mulluru,Mulluru
multiplex marathahalli,Multiplex Marathahalli
mummenahalli,Mummenahalli
muncipal office vijayapura,Muncipal Office Vijayapura
muneshawara temple,Muneshawara Temple
muneshwara block,Muneshwara Block
muneshwara devasthana,Muneshwara Devasthana
muneshwara layout###0,Muneshwara Layout (Central Bengaluru)
muneshwara layout###16,Muneshwara Layout (South-West Bengaluru)
muneshwara layout###19,Muneshwara Layout (West Bengaluru)
muneshwara nagara,Muneshwara Nagara
muneshwara swamy temple,Muneshwara Swamy Temple
muneshwara temple###11,Muneshwara Temple (Central Bengaluru)
muneshwara temple###18,Muneshwara Temple (South-East Bengaluru)
muneshwara temple###24,Muneshwara Temple (South-West Bengaluru)
muneshwara temple###26,Muneshwara Temple (Bengaluru)
muneshwara temple###30,Muneshwara Temple (West Bengaluru)
muni nagara,Muni Nagara
munireddy palya,Munireddy Palya
munireddy palya j c nagara,Munireddy Palya J C Nagara
munish hospital,Munish Hospital
munish singh hospital,Munish Singh Hospital
muniswamappa layout,Muniswamappa Layout
muniswera devastanna,Muniswera Devastanna
munnekolalu,Munnekolalu
munnekolalu cross (spice garden),Munnekolalu Cross (Spice Garden)
munnekolalu junction,Munnekolalu Junction
muppadaghatta,Muppadaghatta
murgeshpalya,Murgeshpalya
murugeshpalya,Murugeshpalya
museum,Museum
museum kasturba road,Museum Kasturba Road
muslim colony,Muslim Colony
muslim colony kadugondanahalli,Muslim Colony Kadugondanahalli
muthanallur amanikere,Muthanallur Amanikere
muthanallur colony,Muthanallur Colony
muthasandra gate,Muthasandra Gate
muthkur cross hesaraghatta,Muthkur Cross Hesaraghatta
muthkur cross shivakote,Muthkur Cross Shivakote
muthkur hesaraghatta,Muthkur Hesaraghatta
muthkur###12,Muthkur (East Bengaluru)
muthkur###6,Muthkur (North Bengaluru)
muthkuru,Muthkuru
muthsandra,Muthsandra
muthugadahalli hostel,Muthugadahalli Hostel
muthugadahalli###1,Muthugadahalli (South-West Bengaluru)
muthugadahalli###14,Muthugadahalli (East Bengaluru)
muthugadahalli###15,Muthugadahalli (North-East Bengaluru)
muthugadahalli###6,Muthugadahalli (North Bengaluru)
muthukadahalli,Muthukadahalli
muthurayana pura,Muthurayana Pura
muthurayanagudipalya,Muthurayanagudipalya
muthurayanapura,Muthurayanapura
muthurayanaswami temple,Muthurayanaswami Temple
muthyala nagara cross,Muthyala Nagara Cross
muthyalamadu cross,Muthyalamadu Cross
muthyalanagara,Muthyalanagara
muttanahalli,Muttanahalli
muttanalluru,Muttanalluru
muttanalluru cross,Muttanalluru Cross
muttanalluru gate,Muttanalluru Gate
muttarayanapura,Muttarayanapura
muttarayanapura cross,Muttarayanapura Cross
muttugada halli chikka jala,Muttugada Halli Chikka Jala
mutturayanaswamy doddy,Mutturayanaswamy Doddy
mutturayanaswamy temple###28,Mutturayanaswamy Temple (South-West Bengaluru)
mutturayanaswamy temple###31,Mutturayanaswamy Temple (Bengaluru)
mutturayaswamy temple magadi road,Mutturayaswamy Temple Magadi Road
mutturu,Mutturu
mutyanalluru circle,Mutyanalluru Circle
mv solar dabasapete industrial area,Mv Solar Dabasapete Industrial Area
mvj college,Mvj College
mvj college channasandra,Mvj College Channasandra
mvj medical hospital,Mvj Medical Hospital
mylanahalli bare,Mylanahalli Bare
mylanahalli chikka jala,Mylanahalli Chikka Jala
mylanahalli cross,Mylanahalli Cross
mylanahalli gate,Mylanahalli Gate
mylanahalli###0,Mylanahalli (Bengaluru)
mylanahalli###1,Mylanahalli (Bengaluru)
mylanahalli###29,Mylanahalli (North-East Bengaluru)
mylappanahalli,Mylappanahalli
mylappanahalli cross,Mylappanahalli Cross
mylapura gate,Mylapura Gate
mylasandra,Mylasandra
mylasandra cross###157,Mylasandra Cross (West Bengaluru)
mylasandra cross###158,Mylasandra Cross (South Bengaluru)
mylasandra cross###3,Mylasandra Cross (South Bengaluru)
mylasandra gate,Mylasandra Gate
mylasandra road junction,Mylasandra Road Junction
mysore bank,Mysore Bank
mysore circle,Mysore Circle
mysore lamp,Mysore Lamp
mysore lamps,Mysore Lamps
mysore road bus station,Mysore Road Bus Station
mysore road metro station,Mysore Road Metro Station
mysore road tollgate,Mysore Road Tollgate
n r i layout,N R I Layout
naduvatti,Naduvatti
naduvatti colony,Naduvatti Colony
nagadasanahalli,Nagadasanahalli
nagadenahalli,Nagadenahalli
nagadevanahalli,Nagadevanahalli
nagalakshmi kalyana mantapa,Nagalakshmi Kalyana Mantapa
nagaland circle,Nagaland Circle
nagamangala,Nagamangala
nagammana doddi,Nagammana Doddi
naganaikna kote,Naganaikna Kote
naganayakanahalli###1,Naganayakanahalli (South-West Bengaluru)
naganayakanahalli###4,Naganayakanahalli (North-East Bengaluru)
naganayakanahalli###5,Naganayakanahalli (South Bengaluru)
naganayakanakote,Naganayakanakote
naganayakanakote cross,Naganayakanakote Cross
nagarabhavi,Nagarabhavi
nagarabhavi circle,Nagarabhavi Circle
nagarabhavi village,Nagarabhavi Village
nagarabhavi vishweshwaraiah sports club,Nagarabhavi Vishweshwaraiah Sports Club
nagaraesh nagenahalli dinne,Nagaraesh Nagenahalli Dinne
nagarahole nagara,Nagarahole Nagara
nagaraholenagara cross,Nagaraholenagara Cross
nagarajuna college ananthapura,Nagarajuna College Ananthapura
nagarenahalli,Nagarenahalli
nagaresh nagenahalli,Nagaresh Nagenahalli
nagaresha nagenahalli dinne,Nagaresha Nagenahalli Dinne
nagaroor cross,Nagaroor Cross
nagaruru,Nagaruru
nagaruru cross,Nagaruru Cross
nagasandra,Nagasandra
nagasandra circle,Nagasandra Circle
nagasandra cross,Nagasandra Cross
nagasandra metro staiton,Nagasandra Metro Staiton
nagasandra metro station,Nagasandra Metro Station
nagasandra palya,Nagasandra Palya
nagashettyhalli,Nagashettyhalli
nagavara,Nagavara
nagavara junction,Nagavara Junction
nagavara junction petrol bunk,Nagavara Junction Petrol Bunk
nagavarapalya,Nagavarapalya
nagawara junction,Nagawara Junction
nagayyana doddy,Nagayyana Doddy
nagegowdanapalya,Nagegowdanapalya
nagegowdanpalya cross,Nagegowdanpalya Cross
nagenahalli gate,Nagenahalli Gate
nagenahalli###0,Nagenahalli (Bengaluru)
nagenahalli###4,Nagenahalli (North Bengaluru)
nagenahalli###44,Nagenahalli (North-East Bengaluru)
nagenahalli###57,Nagenahalli (Central Bengaluru)
nagendra block,Nagendra Block
nagondanahalli,Nagondanahalli
naidu layout,Naidu Layout
nal manipal hospital,Nal Manipal Hospital
nal/manipal hospital,Nal/Manipal Hospital
nalku kamba###0,Nalku Kamba (South-West Bengaluru)
nalku kamba###17,Nalku Kamba (South-West Bengaluru)
nallakkana doddy cross,Nallakkana Doddy Cross
nallakkanadoddy,Nallakkanadoddy
nallakkanadoddy cross,Nallakkanadoddy Cross
nallapanahalli gate,Nallapanahalli Gate
nallur,Nallur
nallur cross###6,Nallur Cross (North-East Bengaluru)
nallur cross###7,Nallur Cross (North-East Bengaluru)
nallurahalli,Nallurahalli
nammura sarkari school,Nammura Sarkari School
nanda gokula nagara,Nanda Gokula Nagara
nanda shree,Nanda Shree
nanda talkies,Nanda Talkies
nandaramaiahna palya,Nandaramaiahna Palya
nandas hotel,Nandas Hotel
nandashree choultry,Nandashree Choultry
nandhi garden,Nandhi Garden
nandhini layout,Nandhini Layout
nandhini talkies,Nandhini Talkies
nandi cross,Nandi Cross
nandi garden kothanur,Nandi Garden Kothanur
nandi kitchen doddakannahalli,Nandi Kitchen Doddakannahalli
nandidurga road,Nandidurga Road
nandini cool joint,Nandini Cool Joint
nandini hotel jp nagara,Nandini Hotel JP Nagara
nandini layout bus stand,Nandini Layout Bus Stand
nandini layout police station,Nandini Layout Police Station
nandini layout ring road,Nandini Layout Ring Road
nanjappa circle###14,Nanjappa Circle (Central Bengaluru)
nanjappa circle###48,Nanjappa Circle (West Bengaluru)
nanjapura,Nanjapura
nanjapura cross,Nanjapura Cross
nanjundeshwara stores,Nanjundeshwara Stores
nanjundeswara traders,Nanjundeswara Traders
narasaiahna agrahara,Narasaiahna Agrahara
narasapura,Narasapura
narasapura 1,Narasapura 1
narasapura gate,Narasapura Gate
narasimha temple,Narasimha Temple
narasipura,Narasipura
narayana ghatta,Narayana Ghatta
narayana nagara cross,Narayana Nagara Cross
narayanaghatta,Narayanaghatta
narayanaghatta gate,Narayanaghatta Gate
narayanakere,Narayanakere
narayananagara 3rd stage,Narayananagara 3rd Stage
narayanappanapalya adakimaranahalli,Narayanappanapalya Adakimaranahalli
narayanapura cross###0,Narayanapura Cross (Central Bengaluru)
narayanapura cross###1,Narayanapura Cross (Central Bengaluru)
narayanapura###10,Narayanapura (North Bengaluru)
narayanapura###2,Narayanapura (South-West Bengaluru)
narendra tent nagawara,Narendra Tent Nagawara
national college,National College
national cricket academy,National Cricket Academy
national games village gate,National Games Village Gate
national public school ullala,National Public School Ullala
national public school uttarahalli,National Public School Uttarahalli
navarang bar,Navarang Bar
navarang talkies,Navarang Talkies
navarang theatre,Navarang Theatre
navarathna agrahara,Navarathna Agrahara
navayuga toll,Navayuga Toll
navayuga toll (kia),Navayuga Toll (Kia)
navayuga toll (military dairy farm),Navayuga Toll (Military Dairy Farm)
navayuga toll (v-298mn),Navayuga Toll (V-298Mn)
navodaya nagara,Navodaya Nagara
navodaya school bagalur,Navodaya School Bagalur
navodaya school doddaballapura,Navodaya School Doddaballapura
navrang talkies,Navrang Talkies
navya badavane,Navya Badavane
nawkalpalya,Nawkalpalya
nayakanapalya,Nayakanapalya
nayanahalli,Nayanahalli
nayanahalli cross,Nayanahalli Cross
nayandahalli,Nayandahalli
nayandahalli cross,Nayandahalli Cross
nayandahalli junction,Nayandahalli Junction
nayandahalli quaters,Nayandahalli Quaters
nayara petrol pump lakshmi layout,Nayara Petrol Pump Lakshmi Layout
ncbs college,Ncbs College
ndda koramangala,Ndda Koramangala
neela sandra,Neela Sandra
neeladri nagar,Neeladri Nagar
neeladri nagar snn raj neeladri apartment,Neeladri Nagar Snn Raj Neeladri Apartment
neeladri nagara,Neeladri Nagara
neelagiri thopu,Neelagiri Thopu
neelasandra,Neelasandra
neelasandra bda complex,Neelasandra BDA Complex
neelasandra bus stand,Neelasandra Bus Stand
neelasandra rose garden,Neelasandra Rose Garden
neeleri,Neeleri
neeleri cross,Neeleri Cross
neeleri gate,Neeleri Gate
nekkundi dommasandra,Nekkundi Dommasandra
nelagadarenahalli,Nelagadarenahalli
nelagedaranahalli,Nelagedaranahalli
nelaguli,Nelaguli
nelaguli cross,Nelaguli Cross
nelagulli cross,Nelagulli Cross
nelamangala,Nelamangala
nelamangala bus station,Nelamangala Bus Station
nelamangala cement factory,Nelamangala Cement Factory
nelamangala court,Nelamangala Court
nelamangala hunasemara,Nelamangala Hunasemara
nelamangala hunasemara 1,Nelamangala Hunasemara 1
nelamangala jass toll,Nelamangala Jass Toll
nelamangala railway station,Nelamangala Railway Station
nellukunte,Nellukunte
neraganahalli,Neraganahalli
neragenahalli,Neragenahalli
neragenahalli cross,Neragenahalli Cross
neraluru gate,Neraluru Gate
nerige,Nerige
nes office,Nes Office
neshepalya,Neshepalya
netakallappa circle,Netakallappa Circle
nethenalli,Nethenalli
nethravathi,Nethravathi
nethravathi block-05,Nethravathi Block-05
nettakallappa circle,Nettakallappa Circle
nettigere,Nettigere
nettigere cross,Nettigere Cross
nettigere gate,Nettigere Gate
new baldwin international school,New Baldwin International School
new baldwin school,New Baldwin School
new bridge,New Bridge
new byrohalli,New Byrohalli
new gabbadi,New Gabbadi
new guddadahalli,New Guddadahalli
new horizon college,New Horizon College
new horizon school,New Horizon School
new mico gate,New Mico Gate
ngef,Ngef
ngef ground,Ngef Ground
ngef layout nagarabhavi,Ngef Layout Nagarabhavi
ngv koramangala,Ngv Koramangala
nice bridge,NICE Bridge
nice office,NICE Office
nice road,NICE Road
nice road 11th stone,NICE Road 11th Stone
nice road 12th stone,NICE Road 12th Stone
nice road 13th stone,NICE Road 13th Stone
nice road 14th stone,NICE Road 14th Stone
nice road 15th stone,NICE Road 15th Stone
nice road 16th stone,NICE Road 16th Stone
nice road 17th stone,NICE Road 17th Stone
nice road 1st stone,NICE Road 1st Stone
nice road 2nd stone,NICE Road 2nd Stone
nice road 3rd stone,NICE Road 3rd Stone
nice road 4th stone,NICE Road 4th Stone
nice road 5th stone,NICE Road 5th Stone
nice road 6th stone,NICE Road 6th Stone
nice road 7th stone,NICE Road 7th Stone
nice road 8th stone,NICE Road 8th Stone
nice road 9th stone,NICE Road 9th Stone
nice road bannerughatta road junction###11,NICE Road Bannerughatta Road Junction (South-West Bengaluru)
nice road bannerughatta road junction###8,NICE Road Bannerughatta Road Junction (South-West Bengaluru)
nice road junction,NICE Road Junction
nice road junction kengeri,NICE Road Junction Kengeri
nice road kanakapura road,NICE Road Kanakapura Road
nice road kanakapura road junction,NICE Road Kanakapura Road Junction
nice road kengeri road junction,NICE Road Kengeri Road Junction
nice road magadi road junction,NICE Road Magadi Road Junction
nice road mysore road junction,NICE Road Mysore Road Junction
nice road tumkur road junction,NICE Road Tumkur Road Junction
nice road veerabhadranagara,NICE Road Veerabhadranagara
nice toll electronic city,NICE Toll Electronic City
nidaghatta,Nidaghatta
nift college,Nift College
nimbekaipura,Nimbekaipura
nimbekaipura gate,Nimbekaipura Gate
nimhans hospital,Nimhans Hospital
nimishamba temple,Nimishamba Temple
ningegowdana doddy,Ningegowdana Doddy
niranjan genises apartment,Niranjan Genises Apartment
nirmala store,Nirmala Store
nisarga badavane,Nisarga Badavane
nisarga badavane cross,Nisarga Badavane Cross
nisarga badavane east gate,Nisarga Badavane East Gate
nisarga layout,Nisarga Layout
nishane,Nishane
nithyananda ashrama,Nithyananda Ashrama
nitte international school,Nitte International School
nobel residency,Nobel Residency
nobel residency gate,Nobel Residency Gate
nobo nagara,Nobo Nagara
noor nagara,Noor Nagara
north road,North Road
north side hospital,North Side Hospital
nosenoor cross,Nosenoor Cross
nosenuru,Nosenuru
nosenuru cross,Nosenuru Cross
nr colony,Nr Colony
nrcolony,Nrcolony
nrithyagrama,Nrithyagrama
nrupathunganagara chandana hospital,Nrupathunganagara Chandana Hospital
nruthyagrama gate,Nruthyagrama Gate
ns palya,Ns Palya
nttf,Nttf
nttf peenya,Nttf Peenya
nursery,Nursery
nursery farm,Nursery Farm
nursery maragondanahalli,Nursery Maragondanahalli
nursery nelamangala,Nursery Nelamangala
nyanappanahalli arakere,Nyanappanahalli Arakere
nyaya degula,Nyaya Degula
oasis school,Oasis School
ob chudanahalli,Ob Chudanahalli
obalapura,Obalapura
obalapura gate,Obalapura Gate
oil mill road junction,Oil Mill Road Junction
okalipura,Okalipura
okalipuram,Okalipuram
old baiyappanahalli,Old Baiyappanahalli
old bayappanahalli,Old Bayappanahalli
old bus stop,Old Bus Stop
old police station esi,Old Police Station ESI
old sai baba hospitals,Old Sai Baba Hospitals
om shakthi temple,Om Shakthi Temple
om shree circle,Om Shree Circle
om timber,Om Timber
ombr layout,Ombr Layout
omex circle,Omex Circle
omex circle sriramapura,Omex Circle Sriramapura
omkar hills,Omkar Hills
ondimane,Ondimane
onti mane,Onti Mane
orion mall malleshwaram,Orion Mall Malleshwaram
otc circle,Otc Circle
otis circle,Otis Circle
out door clothing company,Out Door Clothing Company
oxford medical college yadavanahalli,Oxford Medical College Yadavanahalli
p and t colony,P And T Colony
p and t quarters,P And T Quarters
p&t kadugondanahalli police station,P&T Kadugondanahalli Police Station
p&t quarters,P&T Quarters
paaduka mandira,Paaduka Mandira
paakegowdanapalya,Paakegowdanapalya
pachepalya,Pachepalya
pachepalya cross,Pachepalya Cross
padmanabha nagara,Padmanabha Nagara
padmanabha nagara rock,Padmanabha Nagara Rock
palace ground,Palace Ground
palanahalli gate,Palanahalli Gate
palanajogahalli church,Palanajogahalli Church
pallavi talikes,Pallavi Talikes
pallavi talkies,Pallavi Talkies
pallavi theatre,Pallavi Theatre
palpaldinne,Palpaldinne
palya gate,Palya Gate
panathuru,Panathuru
panathuru circle,Panathuru Circle
panathuru dinne,Panathuru Dinne
panchasheela nagara,Panchasheela Nagara
pandithana agrahara,Pandithana Agrahara
pandithana agrahara junction,Pandithana Agrahara Junction
pandurangapura,Pandurangapura
pankaj dairy,Pankaj Dairy
papaiahnapalya,Papaiahnapalya
papanahalli,Papanahalli
papanahalli gate,Papanahalli Gate
papareddypalya,Papareddypalya
papas trading pvt ltd,Papas Trading PVT LTD
parachute,Parachute
paramanahalli,Paramanahalli
parangipalya,Parangipalya
parangipalya cross,Parangipalya Cross
parappana agrahara,Parappana Agrahara
parasanapalya,Parasanapalya
parvatapura devanahalli,Parvatapura Devanahalli
parvathi nagara,Parvathi Nagara
parvathipura,Parvathipura
passport office koramangala,Passport Office Koramangala
patalamma temple###53,Patalamma Temple (North Bengaluru)
patalamma temple###54,Patalamma Temple (West Bengaluru)
patel pillegowda layout,Patel Pillegowda Layout
patel public school kalyananagara,Patel Public School Kalyananagara
patel thota aluru,Patel Thota Aluru
patelappa layout,Patelappa Layout
pattanagere,Pattanagere
pattanagere jayanna circle,Pattanagere Jayanna Circle
pattandur agrahara gate,Pattandur Agrahara Gate
pattareddypalya,Pattareddypalya
pattegarpalya circle,Pattegarpalya Circle
peddanahalli,Peddanahalli
peddanapalya,Peddanapalya
peddanapalya cross,Peddanapalya Cross
peenya 14th cross,Peenya 14th Cross
peenya 1st stage,Peenya 1st Stage
peenya 2nd stage,Peenya 2nd Stage
peenya 2nd stage 14th cross,Peenya 2nd Stage 14th Cross
peenya industry metro station,Peenya Industry Metro Station
peenya metro station,Peenya Metro Station
peenya satellite bus station,Peenya Satellite Bus Station
peenya satellite bus station (basaveshwara),Peenya Satellite Bus Station (Basaveshwara)
pepsi factory,Pepsi Factory
pepsi gate,Pepsi Gate
periyar nagara circle,Periyar Nagara Circle
pes college,Pes College
pes college hostel kasavanahalli,Pes College Hostel Kasavanahalli
pes college kasavanahalli,Pes College Kasavanahalli
pescollege,Pescollege
pethanahalli tank,Pethanahalli Tank
petrol bunk,Petrol Bunk
pettanahalli,Pettanahalli
pettanahalli apartment,Pettanahalli Apartment
pettanahalli cross,Pettanahalli Cross
philips millenium,Philips Millenium
philips millenium halasuru,Philips Millenium Halasuru
philomena hospital,Philomena Hospital
philomenas hospital,Philomenas Hospital
pichaguntarapalya,Pichaguntarapalya
pillagumpa factory gate,Pillagumpa Factory Gate
pillahalli,Pillahalli
pillahalli colony,Pillahalli Colony
pillahalli cross,Pillahalli Cross
pinto bore,Pinto Bore
pipe line park,Pipe Line Park
pipeline binni layout,Pipeline Binni Layout
pipeline isro layout,Pipeline Isro Layout
pipeline rpc layout,Pipeline Rpc Layout
pipeline vasanthapura,Pipeline Vasanthapura
pitchguntarahalli,Pitchguntarahalli
platinum city apartment srs,Platinum City Apartment Srs
podu cross###0,Podu Cross (South Bengaluru)
podu cross###5,Podu Cross (South Bengaluru)
podu village,Podu Village
police housing corporation,Police Housing Corporation
police quarters,Police Quarters
pooja garden,Pooja Garden
poojena agahara dinne,Poojena Agahara Dinne
poojena agrahara,Poojena Agrahara
poojena agrahara cross,Poojena Agrahara Cross
poojenahalli,Poojenahalli
poornaprajna layout,Poornaprajna Layout
poornaprajna school,Poornaprajna School
poornaprajnalayout new bus stand,Poornaprajnalayout New Bus Stand
poornima talkies,Poornima Talkies
poorvankara apartment,Poorvankara Apartment
post office,Post Office
postal and telecom colony,Postal And Telecom Colony
pothalappa garden,Pothalappa Garden
pottery town,Pottery Town
poultry farm,Poultry Farm
prabasnagara,Prabasnagara
prajwal school,Prajwal School
pramod layout,Pramod Layout
prarthana school,Prarthana School
prasanna layout,Prasanna Layout
prasanna talkies magadi road,Prasanna Talkies Magadi Road
prasanna theatre,Prasanna Theatre
prashanth nagara,Prashanth Nagara
prashanthnagara,Prashanthnagara
premium farm,Premium Farm
premium farm mandur,Premium Farm Mandur
press layout,Press Layout
press layout ullal road,Press Layout Ullal Road
prestige shantiniketana /manipal hospital,Prestige Shantiniketana /Manipal Hospital
primus public school,Primus Public School
priyadarshini layout,Priyadarshini Layout
priyanka nagar cross,Priyanka Nagar Cross
provident sunworth apartment,Provident Sunworth Apartment
pujaganapalya,Pujaganapalya
pujanahalli gate,Pujanahalli Gate
pump house jayanagar east end,Pump House Jayanagar East End
puneethrajakumar circle,Puneethrajakumar Circle
punugumaranahalli,Punugumaranahalli
punugumaranahalli cross,Punugumaranahalli Cross
pura,Pura
puradapalya cross,Puradapalya Cross
purushanahalli,Purushanahalli
purvankara northern destiny bellahalli,Purvankara Northern Destiny Bellahalli
pushpanjali talkies rt nagar,Pushpanjali Talkies Rt Nagar
pushpanjali talkies###4,Pushpanjali Talkies (Central Bengaluru)
pushpanjali talkies###6,Pushpanjali Talkies (West Bengaluru)
puttaiahnapalya,Puttaiahnapalya
puttaiahnapalya cross,Puttaiahnapalya Cross
puttena halli,Puttena Halli
puttenahalli###139,Puttenahalli (South-West Bengaluru)
puttenahalli###141,Puttenahalli (South-West Bengaluru)
puttenahalli###153,Puttenahalli (North Bengaluru)
puttenahalli###4,Puttenahalli (Bengaluru)
puttenahallipalya,Puttenahallipalya
pvp school,Pvp School
qfb hotel,Qfb Hotel
quality biscuits,Quality Biscuits
r t nagar post office,R T Nagar Post Office
r t nagara post office,R T Nagara Post Office
r v dental college,R V Dental College
r v metro station,R V Metro Station
r v teachers college,R V Teachers College
rachammanahalli,Rachammanahalli
rachenahalli,Rachenahalli
rachenahalli cross,Rachenahalli Cross
radhareddy layout,Radhareddy Layout
radiant redwood apartment koppa road,Radiant Redwood Apartment Koppa Road
raghavendra circle,Raghavendra Circle
raghavendra colony,Raghavendra Colony
raghavendra dhama,Raghavendra Dhama
raghavendra layout,Raghavendra Layout
raghavendra tent,Raghavendra Tent
raghunathapura doddaballapura,Raghunathapura Doddaballapura
raghuvanahalli cross,Raghuvanahalli Cross
raghuvanahalli gate,Raghuvanahalli Gate
ragi machine,Ragi Machine
ragigudda,Ragigudda
ragigudda temple,Ragigudda Temple
ragihalli,Ragihalli
ragihalli gate,Ragihalli Gate
rahamathnagara,Rahamathnagara
rahmath nagara,Rahmath Nagara
railway bridge babasabarapalya,Railway Bridge Babasabarapalya
railway bridge byranayakanahalli,Railway Bridge Byranayakanahalli
railway gate bashettihalli,Railway Gate Bashettihalli
railway gate gollahalli,Railway Gate Gollahalli
railway gate kempapura,Railway Gate Kempapura
railway gate kodigehalli,Railway Gate Kodigehalli
railway gate kodugonahalli police station,Railway Gate Kodugonahalli Police Station
railway gate lakshmisagara,Railway Gate Lakshmisagara
railway gate sarjapura,Railway Gate Sarjapura
railway gate###0,Railway Gate (Central Bengaluru)
railway gate###12,Railway Gate (North Bengaluru)
railway gate###3,Railway Gate (West Bengaluru)
railway gate###4,Railway Gate (Central Bengaluru)
railway gollahalli###0,Railway Gollahalli (Bengaluru)
railway gollahalli###7,Railway Gollahalli (Bengaluru)
rainbow layout,Rainbow Layout
raitarasanthe yalahanka,Raitarasanthe Yalahanka
raj bhavan,Raj Bhavan
rajagopala nagara police station,Rajagopala Nagara Police Station
rajagopalanagar rajni farms,Rajagopalanagar Rajni Farms
rajagopalanagara,Rajagopalanagara
rajaji nagar 1st block,Rajaji Nagar 1st Block
rajaji nagar old police station,Rajaji Nagar Old Police Station
rajaji nagara entrance,Rajaji Nagara Entrance
rajaji nagara esi hospital,Rajaji Nagara ESI Hospital
rajaji nagara ramamandira,Rajaji Nagara Ramamandira
rajajinagar esi,Rajajinagar ESI
rajajinagara 1st block,Rajajinagara 1st Block
rajajinagara 2nd block,Rajajinagara 2nd Block
rajajinagara 6th block,Rajajinagara 6th Block
rajajinagara entrance,Rajajinagara Entrance
rajajinagara esi hospital,Rajajinagara ESI Hospital
rajajinagara metro station,Rajajinagara Metro Station
rajajinagara old police station,Rajajinagara Old Police Station
rajanapalya,Rajanapalya
rajanukunte,Rajanukunte
rajapalya,Rajapalya
rajapura,Rajapura
rajarajeshwari medical college,Rajarajeshwari Medical College
rajarajeshwari nagara gate,Rajarajeshwari Nagara Gate
rajarajeshwari nagara metro station,Rajarajeshwari Nagara Metro Station
rajarajeshwarinagara gate,Rajarajeshwarinagara Gate
rajendranagar,Rajendranagar
rajeshwari nagara,Rajeshwari Nagara
rajeshwari talkies,Rajeshwari Talkies
rajeshwarinagara,Rajeshwarinagara
rajiv gandhi,Rajiv Gandhi
rajiv nagara,Rajiv Nagara
rajkumar punya bhoomi,Rajkumar Punya Bhoomi
raliway gate rpc layout,Raliway Gate Rpc Layout
rama devasthana sarjapur,Rama Devasthana Sarjapur
rama mandira chamarajapet,Rama Mandira Chamarajapet
rama mandira rajajinagara,Rama Mandira Rajajinagara
ramachandrapura,Ramachandrapura
ramachandrapura cross,Ramachandrapura Cross
ramachandrapura tent,Ramachandrapura Tent
ramachandrpura,Ramachandrpura
ramadevanahalli,Ramadevanahalli
ramadevanahalli cross,Ramadevanahalli Cross
ramagondanahalli###1,Ramagondanahalli (North Bengaluru)
ramagondanahalli###71,Ramagondanahalli (Central Bengaluru)
ramagovindapuram,Ramagovindapuram
ramaiah college mathikere,Ramaiah College Mathikere
ramakrishna ashrama,Ramakrishna Ashrama
ramakrishna hegde nagara,Ramakrishna Hegde Nagara
ramakrishna layout,Ramakrishna Layout
ramakrishna nagara,Ramakrishna Nagara
ramakrishnapur gate,Ramakrishnapur Gate
ramakrishnapura circle,Ramakrishnapura Circle
ramakrishnapura gate,Ramakrishnapura Gate
ramalinga reddy estate,Ramalinga Reddy Estate
ramamandira,Ramamandira
ramamandira gayathrinagar,Ramamandira Gayathrinagar
ramamurthinagar police station,Ramamurthinagar Police Station
ramamurthy nagara alada mara,Ramamurthy Nagara Alada Mara
ramamurthy nagara church,Ramamurthy Nagara Church
ramamurthy nagara manipal,Ramamurthy Nagara Manipal
ramamurthy nagara police station,Ramamurthy Nagara Police Station
ramanahalli###8,Ramanahalli (North-East Bengaluru)
ramanahalli###9,Ramanahalli (Bengaluru)
ramanayakana thandya,Ramanayakana Thandya
ramanayakanadoddy,Ramanayakanadoddy
ramanayakanadoddy cross,Ramanayakanadoddy Cross
ramanayakanahalli,Ramanayakanahalli
ramanjaneya layout chikkallasandra,Ramanjaneya Layout Chikkallasandra
ramanjaneya layout cross,Ramanjaneya Layout Cross
ramanjaneya temple nandhini layout,Ramanjaneya Temple Nandhini Layout
ramapura,Ramapura
ramapura cross,Ramapura Cross
ramasagara,Ramasagara
ramasandra cross,Ramasandra Cross
ramasandra###10,Ramasandra (West Bengaluru)
ramasandra###7,Ramasandra (South Bengaluru)
ramaswamy palya,Ramaswamy Palya
ramaswamypalya,Ramaswamypalya
ramesh nagara cross,Ramesh Nagara Cross
rameshnagara,Rameshnagara
ramgundanhalli,Ramgundanhalli
ramkrishana layout,Ramkrishana Layout
ramohalli cross,Ramohalli Cross
ramohalli###46,Ramohalli (Bengaluru)
ramohalli###54,Ramohalli (South-East Bengaluru)
rampura cross,Rampura Cross
rampura###10,Rampura (Bengaluru)
rampura###22,Rampura (Central Bengaluru)
rampura###4,Rampura (Bengaluru)
rampura###8,Rampura (Bengaluru)
ranga jangama,Ranga Jangama
rangaiahnapalya,Rangaiahnapalya
ranganathpura,Ranganathpura
rangappa circle,Rangappa Circle
rangappanapalya gate,Rangappanapalya Gate
rani circle,Rani Circle
rani saraladevi,Rani Saraladevi
rani saraladevi high school,Rani Saraladevi High School
rani saraladevi school,Rani Saraladevi School
rashi gateway,Rashi Gateway
rashi gateway cross,Rashi Gateway Cross
ravagodlu,Ravagodlu
ravagodlu gate,Ravagodlu Gate
ravi badavane jai maruthi nagara,Ravi Badavane Jai Maruthi Nagara
ravi tent,Ravi Tent
ravindra nagara,Ravindra Nagara
ravogodlu,Ravogodlu
ravugodlu cross,Ravugodlu Cross
ravuthanahalli,Ravuthanahalli
ravuthanahalli cross,Ravuthanahalli Cross
rayal layout,Rayal Layout
rayan circle,Rayan Circle
rayara doddy,Rayara Doddy
rayasandra circle,Rayasandra Circle
rayasandra cross,Rayasandra Cross
rayasandra gate,Rayasandra Gate
rayasandra###19,Rayasandra (South Bengaluru)
rayasandra###6,Rayasandra (North-East Bengaluru)
razak palya,Razak Palya
razakpalya,Razakpalya
razakpalya cross,Razakpalya Cross
rbanms college,Rbanms College
rbi layout,Rbi Layout
rbi quarters cunningham road,Rbi Quarters Cunningham Road
rc college,Rc College
reddy school,Reddy School
reddyhalli,Reddyhalli
reliance petrol bunk goraguntepalya,Reliance Petrol Bunk Goraguntepalya
renaissance prosperio apartment,Renaissance Prosperio Apartment
renuka nagara,Renuka Nagara
reserve bank of india nrupatunga road,Reserve Bank Of India Nrupatunga Road
reva college,Reva College
reva college gate,Reva College Gate
rh farm,Rh Farm
richard farm,Richard Farm
richmond circle###227,Richmond Circle (West Bengaluru)
richmond circle###228,Richmond Circle (Central Bengaluru)
richmond circle###229,Richmond Circle (West Bengaluru)
rinac factory marenahalli,Rinac Factory Marenahalli
rk apartment,Rk Apartment
rk farm,Rk Farm
rk hegde nagara,Rk Hegde Nagara
rk medical,Rk Medical
rk township,Rk Township
rl jalappa campus,Rl Jalappa Campus
rm guttahalli,Rm Guttahalli
rmc yard (yashawanthapura new railway station),RMC Yard (Yashawanthapura New Railway Station)
rmc yard (yeshawanthapura new railway station),RMC Yard (Yeshawanthapura New Railway Station)
rmg factory,Rmg Factory
rms sanjayanagara,Rms Sanjayanagara
rmv 2nd stage,Rmv 2nd Stage
robin theatre,Robin Theatre
rock colony,Rock Colony
rock line studio,Rock Line Studio
rolling mill,Rolling Mill
roopena agrahar,Roopena Agrahar
roopena agrahara,Roopena Agrahara
roopena agrahara fly,Roopena Agrahara Fly
roopena agrahara toll,Roopena Agrahara Toll
rose garden jayanagara,Rose Garden Jayanagara
royal enclave,Royal Enclave
royal layout,Royal Layout
royal meenakshi mall,Royal Meenakshi Mall
royal meenakshi mall bg road,Royal Meenakshi Mall Bg Road
royan circle,Royan Circle
rr medical college,Rr Medical College
rr nagara petrol bunk,Rr Nagara Petrol Bunk
rr school,Rr School
rr temple,Rr Temple
rt nagara police station,Rt Nagara Police Station
rt nagara post office,Rt Nagara Post Office
rtn post office,Rtn Post Office
rtnagara police station,Rtnagara Police Station
rto office chikkaballapura,Rto Office Chikkaballapura
rto office vishweshwaraiah layout,Rto Office Vishweshwaraiah Layout
rto office yelahanka,Rto Office Yelahanka
rukmini nagara,Rukmini Nagara
rupena agrahar,Rupena Agrahar
rupesh hotel,Rupesh Hotel
russell market,Russell Market
rv college###132,RV College (West Bengaluru)
rv college###4,RV College (West Bengaluru)
rv dental college,RV Dental College
rv teachers college,RV Teachers College
rvdental college,Rvdental College
rvteachers college,Rvteachers College
rwb gate kengeri (kengeri work shop),Rwb Gate Kengeri (Kengeri Work Shop)
ryan international school,Ryan International School
s gollahalli,S Gollahalli
s k f factory,S K F Factory
s medahalli,S Medahalli
s nagenahalli gate,S Nagenahalli Gate
s r s jalahalli cross,S R S Jalahalli Cross
s r s mathikere,S R S Mathikere
saala doddi,Saala Doddi
saalu doddy,Saalu Doddy
saalu hunase,Saalu Hunase
sacred heart girls' high school,Sacred Heart Girls' High School
sadahalli,Sadahalli
sadahalli gate,Sadahalli Gate
sadananda nagara,Sadananda Nagara
sadaramangala,Sadaramangala
sadaramangala gate,Sadaramangala Gate
sadashivanagara,Sadashivanagara
sadashivanagara ing vysya bank,Sadashivanagara Ing Vysya Bank
sadashivanagara police station,Sadashivanagara Police Station
sadenahalli,Sadenahalli
sadhanapalya,Sadhanapalya
sadhanapalya gate,Sadhanapalya Gate
sadhapanalli gate,Sadhapanalli Gate
sadhashivanagar,Sadhashivanagar
safal market,Safal Market
saffal market,Saffal Market
sagar hospital,Sagar Hospital
sahakara nagara,Sahakara Nagara
sahakara nagara police station,Sahakara Nagara Police Station
sahakara nagara post office,Sahakara Nagara Post Office
sahukarapalya,Sahukarapalya
sahyadribalaga layout,Sahyadribalaga Layout
sai baba general hospital,Sai Baba General Hospital
sai baba hospital,Sai Baba Hospital
sai baba temple (avathi),Sai Baba Temple (Avathi)
sai garden,Sai Garden
sai lakshmi factory,Sai Lakshmi Factory
sai lakshmi industries,Sai Lakshmi Industries
saibaba general hospital,Saibaba General Hospital
sajjan rao circle,Sajjan Rao Circle
sajjanrao circle,Sajjanrao Circle
sakalavara,Sakalavara
sakalwara,Sakalwara
sakamma layout,Sakamma Layout
salarpuria apartment,Salarpuria Apartment
saluhunase,Saluhunase
samanahalli,Samanahalli
samanahalli 1,Samanahalli 1
samanduru,Samanduru
sambhram college,Sambhram College
sambhram college ms palya,Sambhram College MS Palya
samethanahalli,Samethanahalli
sampangere,Sampangere
sampangiram nagara,Sampangiram Nagara
sampige nagara,Sampige Nagara
sampige nagara 1,Sampige Nagara 1
sampige nagara gate,Sampige Nagara Gate
sampigehalli bannerughatta,Sampigehalli Bannerughatta
sampigehalli###2,Sampigehalli (South-West Bengaluru)
sampigehalli###3,Sampigehalli (Central Bengaluru)
sanabil education trust,Sanabil Education Trust
sangam circle,Sangam Circle
sanjay gandhi hospital,Sanjay Gandhi Hospital
sanjay gandhi nagara,Sanjay Gandhi Nagara
sanjayanagara,Sanjayanagara
sanjeeva nagara,Sanjeeva Nagara
sanjeevini nagar kodigehalli,Sanjeevini Nagar Kodigehalli
sanjeevininagara,Sanjeevininagara
sanna amanikere,Sanna Amanikere
sannathammanahalli,Sannathammanahalli
santekatte,Santekatte
santhe devanagondhi,Santhe Devanagondhi
santhe gate,Santhe Gate
sap itpl,SAP ITPL
sap labs,SAP Labs
sapthagiri badavane,Sapthagiri Badavane
sapthagiri college,Sapthagiri College
sapthagiri college chikka banawara,Sapthagiri College Chikka Banawara
sapthagiri convention hall,Sapthagiri Convention Hall
sapthagiri hospital,Sapthagiri Hospital
sapthagiri layout,Sapthagiri Layout
sarai palya nagawar,Sarai Palya Nagawar
sarakari guttahalli cross,Sarakari Guttahalli Cross
sarakki,Sarakki
sarakki signal,Sarakki Signal
sarala birla academy,Sarala Birla Academy
saraswathi nagara,Saraswathi Nagara
saraswathipuram,Saraswathipuram
sarathi nagara,Sarathi Nagara
sarayipalya,Sarayipalya
sarjapura,Sarjapura
sarjapura bus stand,Sarjapura Bus Stand
sarjapura circle,Sarjapura Circle
sarjapura cross,Sarjapura Cross
sarjapura ring road junction,Sarjapura Ring Road Junction
sarjapura road ibbaluru junction,Sarjapura Road Ibbaluru Junction
sarjapura wipro campus,Sarjapura Wipro Campus
sarkar guttahalli,Sarkar Guttahalli
sarvajna college/vijayanagara,Sarvajna College/Vijayanagara
sasuveghatta,Sasuveghatta
sasuveghatta cross,Sasuveghatta Cross
sathanur,Sathanur
sathanur colony,Sathanur Colony
sathya nagara,Sathya Nagara
sathya sai baba mandir,Sathya Sai Baba Mandir
sathya sai hospital,Sathya Sai Hospital
savandarbar ashrama,Savandarbar Ashrama
savandurga,Savandurga
savandurga cross,Savandurga Cross
savukanahalli,Savukanahalli
savukanahalli gate,Savukanahalli Gate
sbi bank,Sbi Bank
sbm atm,Sbm Atm
sbm gayathri nagara,Sbm Gayathri Nagara
school manchanayakanahalli,School Manchanayakanahalli
seebekatte,Seebekatte
seegehalli cross,Seegehalli Cross
seegehalli gate kadugodi,Seegehalli Gate Kadugodi
seegehalli gate###0,Seegehalli Gate (East Bengaluru)
seegehalli gate###69,Seegehalli Gate (Bengaluru)
seegehalli junction,Seegehalli Junction
seegehalli###1,Seegehalli (South-West Bengaluru)
seegehalli###2,Seegehalli (Central Bengaluru)
seeresandra,Seeresandra
seetakepanahalli gate,Seetakepanahalli Gate
seetha circle,Seetha Circle
seetha cricle,Seetha Cricle
seethakempanahalli,Seethakempanahalli
seethakempanahalli cross,Seethakempanahalli Cross
seethakempanahalli gate,Seethakempanahalli Gate
seethanayakanahalli,Seethanayakanahalli
seetharam bhattarapalya,Seetharam Bhattarapalya
seetharampalya,Seetharampalya
seetharampalya metro station,Seetharampalya Metro Station
senior officers quaters,Senior Officers Quaters
sevanagara varadenahalli,Sevanagara Varadenahalli
sevanayakanahalli,Sevanayakanahalli
seventh day school (coles park),Seventh Day School (Coles Park)
sez amadada circle,Sez Amadada Circle
sfs high school hebbagodi,Sfs High School Hebbagodi
shahi exports pvt ltd unit-7,Shahi Exports PVT LTD Unit-7
shakthi garden,Shakthi Garden
shamarajapura,Shamarajapura
shamarajapura cross,Shamarajapura Cross
shaneshwara temple hoskerehalli,Shaneshwara Temple Hoskerehalli
shaneshwaraswamy temple sheshagirihalli,Shaneshwaraswamy Temple Sheshagirihalli
shanimahathma temple###6,Shanimahathma Temple (South-West Bengaluru)
shanimahathma temple###66,Shanimahathma Temple (North-East Bengaluru)
shanimahathma temple###69,Shanimahathma Temple (East Bengaluru)
shanimahathma temple###78,Shanimahathma Temple (South-West Bengaluru)
shanimahathma temple###81,Shanimahathma Temple (South Bengaluru)
shanimahathma temple###82,Shanimahathma Temple (Bengaluru)
shanimahathma temple###91,Shanimahathma Temple (South-West Bengaluru)
shankanipura gate,Shankanipura Gate
shankar mutt,Shankar Mutt
shankara nagara,Shankara Nagara
shankarnagh bus stand,Shankarnagh Bus Stand
shankarnagh circle,Shankarnagh Circle
shanthi nagara bus station,Shanthi Nagara Bus Station
shanthi talkies,Shanthi Talkies
shanthinagar bus stand,Shanthinagar Bus Stand
shanthinagar ttmc,Shanthinagar TTMC
shanthinagara,Shanthinagara
shanthinagara bus station,Shanthinagara Bus Station
shanthinagara kh road,Shanthinagara Kh Road
shanthinagara manchanabele,Shanthinagara Manchanabele
shanthinagara nelamangala,Shanthinagara Nelamangala
shanthinagara ravuttanahalli,Shanthinagara Ravuttanahalli
shanthiniketan layout,Shanthiniketan Layout
shanthinikethan layout,Shanthinikethan Layout
shanubhoganahalli 1st cross,Shanubhoganahalli 1st Cross
shanubhoganahalli bannerughatta,Shanubhoganahalli Bannerughatta
shanubhoganahalli colony,Shanubhoganahalli Colony
shanubhoganahalli gate (dibbur cross),Shanubhoganahalli Gate (Dibbur Cross)
shanubhoganahalli###13,Shanubhoganahalli (North Bengaluru)
shanubhoganahalli###14,Shanubhoganahalli (Bengaluru)
sharada colony,Sharada Colony
sharadamba nagara,Sharadamba Nagara
sharadanagara,Sharadanagara
sharadha colony,Sharadha Colony
sharavathi hotel,Sharavathi Hotel
shastri bakery,Shastri Bakery
shastri palya,Shastri Palya
sheganayakanahalli,Sheganayakanahalli
sheganayakanahalli cross,Sheganayakanahalli Cross
shegehalli,Shegehalli
shell company,Shell Company
shell petrol bank,Shell Petrol Bank
shell petrol bunk,Shell Petrol Bunk
sheni mahatma temple,Sheni Mahatma Temple
sheshadri nagara,Sheshadri Nagara
sheshadripuram college,Sheshadripuram College
sheshadripuram fortis hospital,Sheshadripuram Fortis Hospital
sheshagiri halli mysore road,Sheshagiri Halli Mysore Road
sheshagirihalli,Sheshagirihalli
sheshagiripura,Sheshagiripura
shettarahalli cross,Shettarahalli Cross
shettigere,Shettigere
shettigere chikkajala,Shettigere Chikkajala
shettigowdanahalli,Shettigowdanahalli
shettihalli,Shettihalli
shetty halli cross,Shetty Halli Cross
shettyhalli,Shettyhalli
shettyhalli anekal road,Shettyhalli Anekal Road
shettyhalli cross,Shettyhalli Cross
shikaripalya,Shikaripalya
shilpa bakery horamavu road,Shilpa Bakery Horamavu Road
shine bakery,Shine Bakery
shiradi sai temple arakere,Shiradi Sai Temple Arakere
shirdi sai nagara,Shirdi Sai Nagara
shiridi sai temple,Shiridi Sai Temple
shiridi sai temple bda 80ft road,Shiridi Sai Temple BDA 80Ft Road
shirke khb quarters,Shirke Khb Quarters
shiva ittige factory,Shiva Ittige Factory
shivagiri choultry vijyapura,Shivagiri Choultry Vijyapura
shivaji hotel,Shivaji Hotel
shivajinagar bus station,Shivajinagar Bus Station
shivajinagara bus station,Shivajinagara Bus Station
shivakote,Shivakote
shivakote cross,Shivakote Cross
shivanahalli 4th main,Shivanahalli 4th Main
shivanahalli###2,Shivanahalli (West Bengaluru)
shivanahalli###7,Shivanahalli (South-West Bengaluru)
shivananda store,Shivananda Store
shivananda stores,Shivananda Stores
shivanapura colony,Shivanapura Colony
shivanapura colony 1,Shivanapura Colony 1
shivanapura colony cross,Shivanapura Colony Cross
shivanapura cross 1,Shivanapura Cross 1
shivanapura cross hosakote,Shivanapura Cross Hosakote
shivanapura cross###0,Shivanapura Cross (Bengaluru)
shivanapura cross###1,Shivanapura Cross (North-East Bengaluru)
shivanapura###4,Shivanapura (South-East Bengaluru)
shivanapura###5,Shivanapura (Bengaluru)
shivaparvathi kalyanamantapa,Shivaparvathi Kalyanamantapa
shobha apartment,Shobha Apartment
shobha hills view apartment,Shobha Hills View Apartment
shobha tulip jp nagara,Shobha Tulip JP Nagara
shoolay circle brigade road,Shoolay Circle Brigade Road
shreeram public school,Shreeram Public School
shri rama temple,Shri Rama Temple
shri vidhyanagara,Shri Vidhyanagara
shri vishnu garden,Shri Vishnu Garden
shringarapura,Shringarapura
shrinivagilu bus stand,Shrinivagilu Bus Stand
shrinivagilu ejipura,Shrinivagilu Ejipura
shrinivagilu junction,Shrinivagilu Junction
shrunga school devangondi,Shrunga School Devangondi
shrusti school yalahanka,Shrusti School Yalahanka
shubha ultima club house,Shubha Ultima Club House
shyanumangala,Shyanumangala
shylendra doddy,Shylendra Doddy
si apartment hsr layout,Si Apartment HSR Layout
siddabhovipalya,Siddabhovipalya
siddaganga college,Siddaganga College
siddaiah puranik road junction,Siddaiah Puranik Road Junction
siddana hosahalli,Siddana Hosahalli
siddanapalya,Siddanapalya
siddanayakanahalli,Siddanayakanahalli
siddapura ashoka pillar,Siddapura Ashoka Pillar
siddapura nallurhalli,Siddapura Nallurhalli
siddapura###1,Siddapura (West Bengaluru)
siddapura###82,Siddapura (Central Bengaluru)
siddartha badavane,Siddartha Badavane
siddartha international school,Siddartha International School
siddartha nagara,Siddartha Nagara
siddartha school cross,Siddartha School Cross
siddayyana doddy,Siddayyana Doddy
sidedahalli,Sidedahalli
sidihosakote,Sidihosakote
siemens,Siemens
siemens ‌ bank,Siemens ‌ Bank
sigehalli gate,Sigehalli Gate
sikayanahalli,Sikayanahalli
silk farm###25,Silk Farm (South-East Bengaluru)
silk farm###4,Silk Farm (South-West Bengaluru)
silk institute metro station,Silk Institute Metro Station
siluvepura,Siluvepura
simpadipura,Simpadipura
sindhi colony,Sindhi Colony
sindhi high school kuvempu road,Sindhi High School Kuvempu Road
singahalli,Singahalli
singaianapalya phoenix,Singaianapalya Phoenix
singanayakanahalli gate,Singanayakanahalli Gate
singanayakanahalli###1,Singanayakanahalli (North Bengaluru)
singanayakanahalli###7,Singanayakanahalli (North Bengaluru)
singapura,Singapura
singapura lt,Singapura Lt
singarahalli,Singarahalli
singarapura,Singarapura
singasandra,Singasandra
singasandra fly,Singasandra Fly
singayyana palya,Singayyana Palya
singayyanpallya,Singayyanpallya
singena agrahara,Singena Agrahara
singena agrahara cross,Singena Agrahara Cross
singena agrahara cross fruits market,Singena Agrahara Cross Fruits Market
singhena agrahara cross,Singhena Agrahara Cross
sipgere gate,Sipgere Gate
sir m vishweshwaraiah layout 9th block mallathahalli,Sir M Vishweshwaraiah Layout 9th Block Mallathahalli
sir m vishweshwaraiah railway station,Sir M Vishweshwaraiah Railway Station
sirsi circle,Sirsi Circle
sirsi circle 1,Sirsi Circle 1
sivanchetty gardens,Sivanchetty Gardens
sjes college,Sjes College
sjr park itpl,Sjr Park ITPL
skf factory,Skf Factory
skylark arcadia sadaramangala,Skylark Arcadia Sadaramangala
slv bakery,Slv Bakery
slv petrol bunk,Slv Petrol Bunk
smvit college,Smvit College
smvit cross,Smvit Cross
snn raj serenity apartment yelenahalli,Snn Raj Serenity Apartment Yelenahalli
soladevana halli police station,Soladevana Halli Police Station
soladevanahalli,Soladevanahalli
soladevanahalli police station,Soladevanahalli Police Station
sollepura,Sollepura
solur gate,Solur Gate
solur hassan road,Solur Hassan Road
solur railway station,Solur Railway Station
solur###2,Solur (North-East Bengaluru)
solur###4,Solur (East Bengaluru)
somalapura,Somalapura
somanahalli,Somanahalli
somanahalli gate,Somanahalli Gate
somasandra palya,Somasandra Palya
somasandra palya lake,Somasandra Palya Lake
somashettyhalli,Somashettyhalli
somashettyhalli cross###4,Somashettyhalli Cross (West Bengaluru)
somashettyhalli cross###7,Somashettyhalli Cross (West Bengaluru)
somasundarapalya cross,Somasundarapalya Cross
somasundra palya lake,Somasundra Palya Lake
somathanahalli,Somathanahalli
somathanahalli gate,Somathanahalli Gate
someshwara colony magadi,Someshwara Colony Magadi
sommanahalli gate kanakapura road,Sommanahalli Gate Kanakapura Road
sompura,Sompura
sompura gate,Sompura Gate
sompura tumakur road,Sompura Tumakur Road
sonadenahalli gate,Sonadenahalli Gate
sonadenahalli hosakote,Sonadenahalli Hosakote
sonal garments laggere cross,Sonal Garments Laggere Cross
sonare doddy,Sonare Doddy
sondekoppa,Sondekoppa
sondekoppa circle,Sondekoppa Circle
sondekoppa circle nelamangala,Sondekoppa Circle Nelamangala
sondekoppa cross,Sondekoppa Cross
sonnallipura,Sonnallipura
sonnappanahalli###27,Sonnappanahalli (North Bengaluru)
sonnappanahalli###32,Sonnappanahalli (North-East Bengaluru)
sonnenahalli bridge,Sonnenahalli Bridge
sonnenahalli govt hospital,Sonnenahalli Govt Hospital
sonnenahalli###30,Sonnenahalli (North-East Bengaluru)
sonnenahalli###40,Sonnenahalli (West Bengaluru)
sonnenahalli###43,Sonnenahalli (North Bengaluru)
sonnur gate,Sonnur Gate
sony world 100ft road koramangala,Sony World 100Ft Road Koramangala
sony world 80ft road koramangala,Sony World 80Ft Road Koramangala
sophiya school,Sophiya School
sophiya school (kia),Sophiya School (Kia)
sorahunase temple,Sorahunase Temple
sorahunse,Sorahunse
sorahunse gate,Sorahunse Gate
soraunase cross,Soraunase Cross
soukya hospital junction,Soukya Hospital Junction
south end circle,South End Circle
southend circle,Southend Circle
sowdamini kalyana mantapa,Sowdamini Kalyana Mantapa
sowthegowdanahalli,Sowthegowdanahalli
spathagiri layout,Spathagiri Layout
spice garden,Spice Garden
spriling school,Spriling School
sreenivagilu,Sreenivagilu
sri adishakthi temple,Sri Adishakthi Temple
sri banashankari layout,Sri Banashankari Layout
sri bhuvaneshwari nagara,Sri Bhuvaneshwari Nagara
sri krishna traders,Sri Krishna Traders
sri mata amritanandamayi ashram,Sri Mata Amritanandamayi Ashram
sri rakum school,Sri Rakum School
sri ramadevasthana,Sri Ramadevasthana
sri ramanahalli,Sri Ramanahalli
sri ramapura,Sri Ramapura
sri sai packaging company,Sri Sai Packaging Company
sri shiradi sai temple,Sri Shiradi Sai Temple
sri swananda ashrama,Sri Swananda Ashrama
sri venkateshwara nagara,Sri Venkateshwara Nagara
sridhara gudda,Sridhara Gudda
srigandha nagara,Srigandha Nagara
srigandhada kaval,Srigandhada Kaval
srikanteshwara park,Srikanteshwara Park
srinagar,Srinagar
srinagara,Srinagara
srinagara bus station,Srinagara Bus Station
srinavasa temple,Srinavasa Temple
srinidhi hotel,Srinidhi Hotel
srinivasa kalyana mantapa,Srinivasa Kalyana Mantapa
srinivasa nagara,Srinivasa Nagara
srinivasa nagara pattegarpalya,Srinivasa Nagara Pattegarpalya
srinivasa saligrama,Srinivasa Saligrama
srinivasa temple,Srinivasa Temple
srinivasapura,Srinivasapura
srinivasapura colony,Srinivasapura Colony
srinivasapura cross###0,Srinivasapura Cross (North Bengaluru)
srinivasapura cross###1,Srinivasapura Cross (Bengaluru)
srinivasapura cross###16,Srinivasapura Cross (Bengaluru)
srinivasapura cross###68,Srinivasapura Cross (West Bengaluru)
srinivasapura cross###70,Srinivasapura Cross (North Bengaluru)
srinivasapura kogilu,Srinivasapura Kogilu
srinivasapura nelamangala,Srinivasapura Nelamangala
srinivasapura uttarahalli road,Srinivasapura Uttarahalli Road
sriram properties,Sriram Properties
srirama layout avalahalli road,Srirama Layout Avalahalli Road
srirama reddy layout,Srirama Reddy Layout
sriramapura bommasandra road,Sriramapura Bommasandra Road
sriramapura circle,Sriramapura Circle
sriramapura colony,Sriramapura Colony
sriramapura cross,Sriramapura Cross
sriramapura omex,Sriramapura Omex
srirampura bashyamnagara,Srirampura Bashyamnagara
srirangam silk house hsr layout,Srirangam Silk House HSR Layout
srr kalyana mantapa,Srr Kalyana Mantapa
srs jalahalli cross,Srs Jalahalli Cross
srs peenya,Srs Peenya
ssvb bakery kanteerava studio,Ssvb Bakery Kanteerava Studio
state bank bel circle,State Bank BEL Circle
state bank india garage,State Bank India Garage
state bank of india###4,State Bank Of India (Central Bengaluru)
state bank of india###65,State Bank Of India (West Bengaluru)
steel factory banasawadi,Steel Factory Banasawadi
sterling apartment,Sterling Apartment
stjosephs college,Stjosephs College
stone factory,Stone Factory
street .josephs high schools,Street .Josephs High Schools
street bentic school,Street Bentic School
street clare school,Street Clare School
street francis college,Street Francis College
street francis school,Street Francis School
street john hospital,Street John Hospital
street johns high school thomas cafe,Street Johns High School Thomas Cafe
street johns hospital,Street Johns Hospital
street johns school thamos cafe,Street Johns School Thamos Cafe
street joseph boys high school,Street Joseph Boys High School
street joseph boys high school musuem road,Street Joseph Boys High School Musuem Road
street joseph cbse gate-2,Street Joseph Cbse Gate-2
street joseph college,Street Joseph College
street josephine school annapoorneshwarinagara,Street Josephine School Annapoorneshwarinagara
street josephs indian school/ malya hospital,Street Josephs Indian School/ Malya Hospital
street josephs school,Street Josephs School
street marthas hospital,Street Marthas Hospital
street marys school,Street Marys School
street patric church,Street Patric Church
street patrick church,Street Patrick Church
street vincent palloti school,Street Vincent Palloti School
strr devanahalli toll,Strr Devanahalli Toll
sub register office,Sub Register Office
subbaiah circle###5,Subbaiah Circle (Central Bengaluru)
subbaiah circle###69,Subbaiah Circle (West Bengaluru)
subbaianapalya,Subbaianapalya
subbanna garden,Subbanna Garden
subbarayappanapalya 1,Subbarayappanapalya 1
subbarayappanapalya cross,Subbarayappanapalya Cross
subbayyanapalya/ayyappa temple,Subbayyanapalya/Ayyappa Temple
subhashnagara hosa road,Subhashnagara Hosa Road
subramanya swamy temple,Subramanya Swamy Temple
subramanyanagara,Subramanyanagara
subramanyanagara police station,Subramanyanagara Police Station
subramanyanagara thyamagondlu,Subramanyanagara Thyamagondlu
subramanyapura keb,Subramanyapura KEB
subramanyapura police station,Subramanyapura Police Station
subramanyapura post office,Subramanyapura Post Office
sudduguntepalya,Sudduguntepalya
sugalla,Sugalla
sugaturu,Sugaturu
sugganahalli,Sugganahalli
sugganahalli circle,Sugganahalli Circle
suggatta,Suggatta
sujatha talkies,Sujatha Talkies
sulibele,Sulibele
sulibele keb,Sulibele KEB
sulibele quarters,Sulibele Quarters
sulikere,Sulikere
sulikere cross,Sulikere Cross
sulikere palya,Sulikere Palya
sulikunte,Sulikunte
sulivara,Sulivara
sulivara cross,Sulivara Cross
sultan palya,Sultan Palya
sultanpalya cross pushpanjali talkies,Sultanpalya Cross Pushpanjali Talkies
sulthan palya,Sulthan Palya
summanahalli,Summanahalli
summanahalli magadi road,Summanahalli Magadi Road
sumuka layout,Sumuka Layout
sun shine school,Sun Shine School
sun valley public school thimmsandra,Sun Valley Public School Thimmsandra
suncity apartment orr road,Suncity Apartment Orr Road
sundara nagara,Sundara Nagara
sundaram estate,Sundaram Estate
sunkadakatte,Sunkadakatte
sunkadakatte junction,Sunkadakatte Junction
super talkies (cottonpet hospital),Super Talkies (Cottonpet Hospital)
surabhi layout,Surabhi Layout
suradenapura cross,Suradenapura Cross
suradenapura gate,Suradenapura Gate
suragajakkanahalli,Suragajakkanahalli
suranjan das road/ngef,Suranjan Das Road/Ngef
surdenapura gate,Surdenapura Gate
surya nagara,Surya Nagara
surya nagara apartment,Surya Nagara Apartment
suryacity gate,Suryacity Gate
suvarna karnataka bus stand,Suvarna Karnataka Bus Stand
suvarna nagara,Suvarna Nagara
svr college,Svr College
swabhiman park,Swabhiman Park
swabiman park,Swabiman Park
swami narayana gurukula,Swami Narayana Gurukula
swaminarayana gurukul,Swaminarayana Gurukul
swamy vivekananda metro station,Swamy Vivekananda Metro Station
swamy vivekananda metro station/isolation hospital,Swamy Vivekananda Metro Station/Isolation Hospital
swastik,Swastik
swastik sheshadripuram,Swastik Sheshadripuram
swastik sheshadripuram college,Swastik Sheshadripuram College
syndicate bank,Syndicate Bank
syndicate bank colony andrahalli,Syndicate Bank Colony Andrahalli
syndicate bank layout,Syndicate Bank Layout
system jalahalli cross,System Jalahalli Cross
systems peenya,Systems Peenya
t agrahara###1,T Agrahara (North-East Bengaluru)
t agrahara###2,T Agrahara (North Bengaluru)
t begur,T Begur
t dasarahalli,T Dasarahalli
t hosahalli,T Hosahalli
t john college,T John College
t r mill,T R Mill
t v tower,T V Tower
talaguppe,Talaguppe
talegere,Talegere
tambuchettipalya,Tambuchettipalya
tambuchettipalya gate hoskote road,Tambuchettipalya Gate Hoskote Road
tanisandra,Tanisandra
taralu,Taralu
tata advance jigani industrial area,Tata Advance Jigani Industrial Area
tata institute,Tata Institute
tata institute bus stand,Tata Institute Bus Stand
tata silk farm,Tata Silk Farm
tata values homes apartments,Tata Values Homes Apartments
tataguni,Tataguni
tattaguppe,Tattaguppe
tattanalli gate,Tattanalli Gate
tattanuru,Tattanuru
tavakkal hospital,Tavakkal Hospital
tavare kere magadi road,Tavare Kere Magadi Road
tavarekatte,Tavarekatte
tavarekere,Tavarekere
tavarekere aladamara,Tavarekere Aladamara
tavarekere mori,Tavarekere Mori
tb gate thippagondanahalli,Tb Gate Thippagondanahalli
tb nelamangala,Tb Nelamangala
tb stop nelamangla road,Tb Stop Nelamangla Road
tb stop tumkur road,Tb Stop Tumkur Road
tc palya,Tc Palya
tc palya cross,Tc Palya Cross
tc palya gate hosakote road,Tc Palya Gate Hosakote Road
tchuddadenahalli,Tchuddadenahalli
tci,Tci
tci tumkur road,Tci Tumkur Road
teachers colony geddalahalli,Teachers Colony Geddalahalli
telecom layout ashwath nagara,Telecom Layout Ashwath Nagara
telecom layout###2,Telecom Layout (Central Bengaluru)
telecom layout###3,Telecom Layout (West Bengaluru)
telephone exchange ago/vsd,Telephone Exchange Ago/Vsd
telephone exchange###1,Telephone Exchange (West Bengaluru)
telephone exchange###3,Telephone Exchange (West Bengaluru)
tennis court,Tennis Court
tennis court thindlu,Tennis Court Thindlu
tent###0,Tent (South Bengaluru)
tent###1,Tent (South Bengaluru)
tg halli quarters,Tg Halli Quarters
thabarahalli,Thabarahalli
thabarahalli gate,Thabarahalli Gate
thagachaguppe###28,Thagachaguppe (South-West Bengaluru)
thagachaguppe###29,Thagachaguppe (Bengaluru)
thagachuguppe,Thagachuguppe
thalagattapura,Thalagattapura
thalagattapura metro station,Thalagattapura Metro Station
thalaghattapura,Thalaghattapura
thalaghattapura metro station,Thalaghattapura Metro Station
thalaker cross,Thalaker Cross
thambuchetty palya,Thambuchetty Palya
thammarasanahalli,Thammarasanahalli
thammarasanahalli madhugirihalli,Thammarasanahalli Madhugirihalli
thammenahalli,Thammenahalli
thammenahalli cross,Thammenahalli Cross
thammenahalli palya,Thammenahalli Palya
thandya,Thandya
thanisandra,Thanisandra
thara hunise,Thara Hunise
tharabana halli choultry,Tharabana Halli Choultry
tharabana halli gate,Tharabana Halli Gate
tharabana halli hesaraghatta,Tharabana Halli Hesaraghatta
tharabanahalli choultry,Tharabanahalli Choultry
tharabanahalli colony,Tharabanahalli Colony
tharabanahalli###47,Tharabanahalli (North Bengaluru)
tharabanahalli###52,Tharabanahalli (East Bengaluru)
tharabanahalli###57,Tharabanahalli (North Bengaluru)
tharahunase,Tharahunase
tharalu,Tharalu
tharalu estate,Tharalu Estate
thataguni,Thataguni
thataguni bwssb,Thataguni Bwssb
thattanahalli,Thattanahalli
thattanalli gate,Thattanalli Gate
thavatahalli,Thavatahalli
thayappana doddy,Thayappana Doddy
the golden palm resort nagarur colony nelamangala,The Golden Palm Resort Nagarur Colony Nelamangala
the hsr club,The HSR Club
the light house international academy,The Light House International Academy
thellahalli gate,Thellahalli Gate
theneyuru,Theneyuru
therelek engineers pvt ltd peenya,Therelek Engineers PVT LTD Peenya
thigalara chowdenahalli,Thigalara Chowdenahalli
thigalara chowdenahalli cross,Thigalara Chowdenahalli Cross
thigalara palya,Thigalara Palya
thigalarapalya,Thigalarapalya
thigularapalya (isuvanahalli),Thigularapalya (Isuvanahalli)
thilagere,Thilagere
thimmabhovipalya shivanapura,Thimmabhovipalya Shivanapura
thimmadanahalli gate,Thimmadanahalli Gate
thimmappana palya,Thimmappana Palya
thimmasandra circle,Thimmasandra Circle
thimmasandra gate,Thimmasandra Gate
thimmasandra###1,Thimmasandra (North-East Bengaluru)
thimmasandra###2,Thimmasandra (Bengaluru)
thimmasandra###9,Thimmasandra (North Bengaluru)
thimmayya garden,Thimmayya Garden
thimmegowdana doddy###1,Thimmegowdana Doddy (Bengaluru)
thimmegowdana doddy###4,Thimmegowdana Doddy (Bengaluru)
thimmegowdana palya,Thimmegowdana Palya
thimmegowdarapalya,Thimmegowdarapalya
thindlu cross,Thindlu Cross
thindlu gate,Thindlu Gate
thindlu gate penesola park,Thindlu Gate Penesola Park
thindlu sarjapura,Thindlu Sarjapura
thindlu###17,Thindlu (East Bengaluru)
thindlu###19,Thindlu (West Bengaluru)
thindlu###4,Thindlu (North Bengaluru)
thippagondanahalli,Thippagondanahalli
thippagondanahalli tumkur road,Thippagondanahalli Tumkur Road
thippasandra gate,Thippasandra Gate
thippasandra market,Thippasandra Market
thippasandra theatre anjanapur,Thippasandra Theatre Anjanapur
thippasandra theatre anjanapura,Thippasandra Theatre Anjanapura
thippasandra###11,Thippasandra (South-West Bengaluru)
thippasandra###31,Thippasandra (East Bengaluru)
thippasandra###42,Thippasandra (Central Bengaluru)
thippenahalli anjaneya temple,Thippenahalli Anjaneya Temple
thippenahalli cross,Thippenahalli Cross
thippennahalli,Thippennahalli
thippennahalli cross,Thippennahalli Cross
thippuru,Thippuru
thirumagondanahalli cross,Thirumagondanahalli Cross
thirumala daba,Thirumala Daba
thirumala dhaba,Thirumala Dhaba
thirumala gate,Thirumala Gate
thirumala theatre,Thirumala Theatre
thirumalapura gate,Thirumalapura Gate
thirumalapura###0,Thirumalapura (Bengaluru)
thirumalapura###35,Thirumalapura (Bengaluru)
thirumalapura###42,Thirumalapura (North Bengaluru)
thirumalashettyhalli cross,Thirumalashettyhalli Cross
thirumenahalli cross (kns college),Thirumenahalli Cross (Kns College)
thirumenahalli gate,Thirumenahalli Gate
thirupalya,Thirupalya
thirupalya circle,Thirupalya Circle
thirupalya govt hospital,Thirupalya Govt Hospital
thirupalya muneshwara temple,Thirupalya Muneshwara Temple
thiruranga cross,Thiruranga Cross
thiruvanga gate,Thiruvanga Gate
thiruvaranga,Thiruvaranga
thiruvaranga gate,Thiruvaranga Gate
thittahalli,Thittahalli
thogur cross,Thogur Cross
thokathimmana doddy,Thokathimmana Doddy
thokathimmana doddy cross,Thokathimmana Doddy Cross
thomas cafe,Thomas Cafe
thoms cafe,Thoms Cafe
thonachinakuppe,Thonachinakuppe
thore doddy high school,Thore Doddy High School
thore hosapalya,Thore Hosapalya
thore hosapalya cross,Thore Hosapalya Cross
thore nagasandra,Thore Nagasandra
thore nagasandra cross,Thore Nagasandra Cross
thorechannahalli,Thorechannahalli
thoredoddy,Thoredoddy
thorepalya###0,Thorepalya (Bengaluru)
thorepalya###4,Thorepalya (Bengaluru)
thotada guddadahalli,Thotada Guddadahalli
thotagere basavanna devastana,Thotagere Basavanna Devastana
thotagere village,Thotagere Village
thubarahalli,Thubarahalli
thunga nagara,Thunga Nagara
thunganagara cross,Thunganagara Cross
thyagadahalli,Thyagadahalli
thyagaraja nagara,Thyagaraja Nagara
thyagaraja nagara keb quarters,Thyagaraja Nagara KEB Quarters
thyamagondlu,Thyamagondlu
thyamagondlu cross,Thyamagondlu Cross
thyavakanahalli gate,Thyavakanahalli Gate
timber yard layout,Timber Yard Layout
tin factory,Tin Factory
tippasandra,Tippasandra
tippasandra market,Tippasandra Market
tippu palace,Tippu Palace
tirumagondanahalli,Tirumagondanahalli
tirumagondanahalli ghati subramanya,Tirumagondanahalli Ghati Subramanya
tisb boys hostel,Tisb Boys Hostel
tjohn college cross,Tjohn College Cross
tollgate###0,Tollgate (Central Bengaluru)
tollgate###1,Tollgate (Central Bengaluru)
totagere,Totagere
town hall,Town Hall
town hall 1,Town Hall 1
tp gate thippagondanahalli,Tp Gate Thippagondanahalli
tr mill,Tr Mill
trinity circle,Trinity Circle
trinity metro station,Trinity Metro Station
trumpet (kia),Trumpet (Kia)
tubagere,Tubagere
tulasipura,Tulasipura
tulip resort cross,Tulip Resort Cross
tuliph resort,Tuliph Resort
tulips resort,Tulips Resort
tumkur road 8th mile,Tumkur Road 8th Mile
tumkur road junction,Tumkur Road Junction
turahalli,Turahalli
tv tower,Tv Tower
tv tower munireddy palya,Tv Tower Munireddy Palya
tvs cross,Tvs Cross
tvs cross peenya,Tvs Cross Peenya
tvs cross peenya 2nd stage,Tvs Cross Peenya 2nd Stage
udakunte,Udakunte
udaya badavane,Udaya Badavane
udayapura,Udayapura
uddandahalli,Uddandahalli
uddandahalli cross,Uddandahalli Cross
udhbhava school,Udhbhava School
udi palya kanakapura road,Udi Palya Kanakapura Road
udichikkanahalli,Udichikkanahalli
udipalya,Udipalya
udupi garden 16th main,Udupi Garden 16th Main
udupi garden petrol bunk,Udupi Garden Petrol Bunk
uduvegere,Uduvegere
uganawadi,Uganawadi
uganawadi cross,Uganawadi Cross
ujinappanadoddy,Ujinappanadoddy
ullala lake,Ullala Lake
ullala satelite town,Ullala Satelite Town
ullala satellite town cross,Ullala Satellite Town Cross
ullalu,Ullalu
ullalu village,Ullalu Village
ultra violatt automotion jigani,Ultra Violatt Automotion Jigani
unani hospital,Unani Hospital
university quarters,University Quarters
univesity quarters,Univesity Quarters
upadhyaya badavane,Upadhyaya Badavane
upkar layout cross,Upkar Layout Cross
upkar residency layout,Upkar Residency Layout
upparahalli (kumbalahalli gate),Upparahalli (Kumbalahalli Gate)
upparahalli gate,Upparahalli Gate
uragahalli bidadi,Uragahalli Bidadi
uragana doddy,Uragana Doddy
urvashi talkies,Urvashi Talkies
uttarahalli bus stand,Uttarahalli Bus Stand
uttarahalli water tank,Uttarahalli Water Tank
uttarahalli###0,Uttarahalli (North-East Bengaluru)
uttarahalli###34,Uttarahalli (West Bengaluru)
uttari cross,Uttari Cross
utthari,Utthari
v care hospital,V Care Hospital
vabasandra gate,Vabasandra Gate
vabasandra###1,Vabasandra (South Bengaluru)
vabasandra###2,Vabasandra (North-East Bengaluru)
vaddarahalli cross,Vaddarahalli Cross
vaddarapalya (anugraha meadows),Vaddarapalya (Anugraha Meadows)
vaddarapalya jp nagara 8th phase,Vaddarapalya JP Nagara 8th Phase
vaddarapalya###17,Vaddarapalya (South Bengaluru)
vaddarapalya###36,Vaddarapalya (Central Bengaluru)
vaddarapalya###37,Vaddarapalya (South Bengaluru)
vaderahalli cross,Vaderahalli Cross
vaderahalli###0,Vaderahalli (Bengaluru)
vaderahalli###2,Vaderahalli (South-West Bengaluru)
vaderahalli###5,Vaderahalli (South-West Bengaluru)
vaderahalli###8,Vaderahalli (West Bengaluru)
vaderamanchanahalli,Vaderamanchanahalli
vaderamanchanahalli jigani,Vaderamanchanahalli Jigani
vagata,Vagata
vagdevi vilas school,Vagdevi Vilas School
vaghata near hoskote,Vaghata Near Hoskote
vahale gate,Vahale Gate
vaiyali kaval,Vaiyali Kaval
vaiyalikaval police station,Vaiyalikaval Police Station
vajarahalli,Vajarahalli
vajarahalli colony,Vajarahalli Colony
vajarahalli junction,Vajarahalli Junction
vajarahalli metro station,Vajarahalli Metro Station
vajragiri estate,Vajragiri Estate
vajrakattepalya,Vajrakattepalya
vajramuneshwara gate,Vajramuneshwara Gate
valagere kallahalli,Valagere Kallahalli
valagere kallahalli cross,Valagere Kallahalli Cross
valepura,Valepura
valepura 1,Valepura 1
valepura cross,Valepura Cross
valepura gate,Valepura Gate
vallaba education trust school,Vallaba Education Trust School
vallepura gate,Vallepura Gate
valley school kanakapura road,Valley School Kanakapura Road
vannarapet,Vannarapet
vannarapete,Vannarapete
vapasandra,Vapasandra
varadanayakanahalli,Varadanayakanahalli
varadenahalli handpost,Varadenahalli Handpost
varadenahalli###1,Varadenahalli (Bengaluru)
varadenahalli###3,Varadenahalli (North-East Bengaluru)
varahasandra,Varahasandra
varthur kodi,Varthur Kodi
varthuru gandhi circle,Varthuru Gandhi Circle
varthuru govt college,Varthuru Govt College
varthuru kodi,Varthuru Kodi
varthuru police station,Varthuru Police Station
varthuru###3,Varthuru (Central Bengaluru)
varthuru###74,Varthuru (Bengaluru)
vasantanagara ambedker bhavan,Vasantanagara Ambedker Bhavan
vasantavihar colony billamaranahalli,Vasantavihar Colony Billamaranahalli
vasanth enclave,Vasanth Enclave
vasantha nagara ambedkar bhavan,Vasantha Nagara Ambedkar Bhavan
vasantha nagara temple,Vasantha Nagara Temple
vasantha nagara###13,Vasantha Nagara (Bengaluru)
vasantha nagara###152,Vasantha Nagara (West Bengaluru)
vasanthanagara,Vasanthanagara
vasanthappa block,Vasanthappa Block
vasanthapura,Vasanthapura
vasavi vidya mandira,Vasavi Vidya Mandira
vasudev adigas hotel,Vasudev Adigas Hotel
vasudevapura,Vasudevapura
vbhc apartment gate,Vbhc Apartment Gate
veerabhadra nagara,Veerabhadra Nagara
veerabhadranagar,Veerabhadranagar
veerabhadranagara,Veerabhadranagara
veeraiah enclave arishinakunte,Veeraiah Enclave Arishinakunte
veeranahalli,Veeranahalli
veeranjaneya temple,Veeranjaneya Temple
veeranna palya,Veeranna Palya
veerannapalya,Veerannapalya
veerasagara,Veerasagara
veerasandra,Veerasandra
veerasandra gate,Veerasandra Gate
veeregowdanadoddy,Veeregowdanadoddy
velankani drive,Velankani Drive
venkatagiri kote,Venkatagiri Kote
venkatala,Venkatala
venkatapura,Venkatapura
venkatapura cross,Venkatapura Cross
venkatapura gate lakkondahalli,Venkatapura Gate Lakkondahalli
venkateshapura,Venkateshapura
venkateshwara college,Venkateshwara College
venkateshwara layout,Venkateshwara Layout
venkateshwara nagara cross,Venkateshwara Nagara Cross
venugopala nagara,Venugopala Nagara
venugopala temple devasandra,Venugopala Temple Devasandra
veterinary college###1,Veterinary College (West Bengaluru)
veterinary college###2,Veterinary College (West Bengaluru)
veterinary hospital,Veterinary Hospital
veternary college,Veternary College
vibhuthipura samudaya bhavan,Vibhuthipura Samudaya Bhavan
vidhana soudha karnataka high court,Vidhana Soudha Karnataka High Court
vidhana soudha layout,Vidhana Soudha Layout
vidhana soudha###0,Vidhana Soudha (West Bengaluru)
vidhana soudha###3,Vidhana Soudha (West Bengaluru)
vidhana soudha###48,Vidhana Soudha (West Bengaluru)
vidhyaranyapura 1st block,Vidhyaranyapura 1st Block
vidya nagara cross,Vidya Nagara Cross
vidyamanyanagara,Vidyamanyanagara
vidyanagara chikkajala,Vidyanagara Chikkajala
vidyanagara chikkajala 1,Vidyanagara Chikkajala 1
vidyanagara cross,Vidyanagara Cross
vidyanagara cross chikkajala,Vidyanagara Cross Chikkajala
vidyanagara devanahalli road,Vidyanagara Devanahalli Road
vidyaniketan public school,Vidyaniketan Public School
vidyaniketan school hebbala,Vidyaniketan School Hebbala
vidyanikethan public school,Vidyanikethan Public School
vidyapeeta circle,Vidyapeeta Circle
vidyaranyapura,Vidyaranyapura
vidyaranyapura bus station,Vidyaranyapura Bus Station
vidyaranyapura post office,Vidyaranyapura Post Office
vidyasagara,Vidyasagara
vigneshwara nagara###16,Vigneshwara Nagara (West Bengaluru)
vigneshwara nagara###3,Vigneshwara Nagara (West Bengaluru)
vijaya bank banneragatta circle,Vijaya Bank Banneragatta Circle
vijaya bank bannerughatta,Vijaya Bank Bannerughatta
vijaya bank colony,Vijaya Bank Colony
vijaya bank colony ayyappa temple,Vijaya Bank Colony Ayyappa Temple
vijaya bank colony ring road,Vijaya Bank Colony Ring Road
vijaya bank layout devarachikkanahalli,Vijaya Bank Layout Devarachikkanahalli
vijaya bank layout petrol bunk,Vijaya Bank Layout Petrol Bunk
vijaya college,Vijaya College
vijaya school,Vijaya School
vijayanagara,Vijayanagara
vijayanagara garage,Vijayanagara Garage
vijayanagara ttmc,Vijayanagara TTMC
vijayanagara vijaya bank,Vijayanagara Vijaya Bank
vijayapura bus stand jangamakote,Vijayapura Bus Stand Jangamakote
vijayapura cross,Vijayapura Cross
vijayapura gate,Vijayapura Gate
vijayapura kere kodi,Vijayapura Kere Kodi
vijayapura toll gate,Vijayapura Toll Gate
vinayak nagara,Vinayak Nagara
vinayaka chitramandira,Vinayaka Chitramandira
vinayaka layout,Vinayaka Layout
vinayaka layout nagarabhavi,Vinayaka Layout Nagarabhavi
vinayaka nagara cross,Vinayaka Nagara Cross
vinayaka nagara hesarghatta,Vinayaka Nagara Hesarghatta
vinayaka nagara jp nagara,Vinayaka Nagara JP Nagara
vinayaka nagara old gudadahalli,Vinayaka Nagara Old Gudadahalli
vinayaka nagara rachammanahalli,Vinayaka Nagara Rachammanahalli
vinayaka nagara###0,Vinayaka Nagara (West Bengaluru)
vinayaka nagara###1,Vinayaka Nagara (Central Bengaluru)
vinayaka nagara###10,Vinayaka Nagara (East Bengaluru)
vinayaka nagara###2,Vinayaka Nagara (North Bengaluru)
vinayaka nagara###3,Vinayaka Nagara (Bengaluru)
vinayaka nagara###9,Vinayaka Nagara (West Bengaluru)
vinayaka talkies kr market,Vinayaka Talkies KR Market
vinayaka talkies sunkadakatte,Vinayaka Talkies Sunkadakatte
vinayaka talkies###65,Vinayaka Talkies (West Bengaluru)
vinayaka talkies###66,Vinayaka Talkies (South-West Bengaluru)
vinayakanagara indira canteen gubbala road,Vinayakanagara Indira Canteen Gubbala Road
vinayakanagara ramohalli,Vinayakanagara Ramohalli
vinayakanagara varthur,Vinayakanagara Varthur
vindyagiri bda nivasa,Vindyagiri BDA Nivasa
virupakshapura,Virupakshapura
vishal mart 4th phase yelahanka,Vishal Mart 4th Phase Yelahanka
vishwa chethana college,Vishwa Chethana College
vishwa shanti ashrama,Vishwa Shanti Ashrama
vishwanath nagenahalli,Vishwanath Nagenahalli
vishwanatha nagenahalli,Vishwanatha Nagenahalli
vishwanathapura,Vishwanathapura
vishwapriya layout cross,Vishwapriya Layout Cross
visthar gate,Visthar Gate
vit cross devanahalli road,Vit Cross Devanahalli Road
vittal nagara,Vittal Nagara
vittala nagara,Vittala Nagara
vittasandra bettadasanapura,Vittasandra Bettadasanapura
vittasandra cross,Vittasandra Cross
viva toyota hunasamaranahalli,Viva Toyota Hunasamaranahalli
vivek nagara,Vivek Nagara
vivek nagara cross,Vivek Nagara Cross
vivekanagara,Vivekanagara
vivekananda college,Vivekananda College
vivekananda nagara,Vivekananda Nagara
vivekananda school,Vivekananda School
vivekananda vidyavardhaka school,Vivekananda Vidyavardhaka School
vokkaliga school kottigepalya,Vokkaliga School Kottigepalya
vrishabavatipura,Vrishabavatipura
vyali kaval police station,Vyali Kaval Police Station
vydehi hospital,Vydehi Hospital
water tank chamarajapet,Water Tank Chamarajapet
water tank kamalanagara,Water Tank Kamalanagara
water tank kothanur dinne,Water Tank Kothanur Dinne
water tank rayan circle,Water Tank Rayan Circle
water tank###3,Water Tank (West Bengaluru)
water tank###4,Water Tank (West Bengaluru)
weavers colony,Weavers Colony
weavers colony nelamangala,Weavers Colony Nelamangala
west cross kumaraswamy layout,West Cross Kumaraswamy Layout
wheel and axle plant,Wheel And Axle Plant
whispering meadows patelappa layout,Whispering Meadows Patelappa Layout
white field,White Field
white field bus station (vydehi hospital),White Field Bus Station (Vydehi Hospital)
white field post office,White Field Post Office
whitefiled acp police station,Whitefiled Acp Police Station
widia factory,Widia Factory
widia school,Widia School
widia school bagalagunte,Widia School Bagalagunte
widia school tumkur road,Widia School Tumkur Road
wilson garden 10th cross,Wilson Garden 10th Cross
wilson garden 12th cross,Wilson Garden 12th Cross
wilson garden 14th cross,Wilson Garden 14th Cross
wilson garden 14th main,Wilson Garden 14th Main
wilson garden 7th cross,Wilson Garden 7th Cross
wilson garden police station,Wilson Garden Police Station
wimac junction,Wimac Junction
wind tunnel road (murugeshpalya),Wind Tunnel Road (Murugeshpalya)
wipro gate shikaripalya cross,Wipro Gate Shikaripalya Cross
wipro park koramangala,Wipro Park Koramangala
wonderla amusement park,Wonderla Amusement Park
yadagondanahalli,Yadagondanahalli
yadala,Yadala
yadalam nagara,Yadalam Nagara
yadamadu kanakapura road,Yadamadu Kanakapura Road
yadavanahalli,Yadavanahalli
yadehalli dabaspete,Yadehalli Dabaspete
yadiyurappa nagara,Yadiyurappa Nagara
yadiyuru,Yadiyuru
yadiyuru bagalur,Yadiyuru Bagalur
yalachagere colony,Yalachagere Colony
yalachagere cross,Yalachagere Cross
yalachagere temple,Yalachagere Temple
yalachaguppe,Yalachaguppe
yalachenahalli,Yalachenahalli
yalachenahalli metro station,Yalachenahalli Metro Station
yalahanka bakery,Yalahanka Bakery
yalahanka police station,Yalahanka Police Station
yalahanka satellite town,Yalahanka Satellite Town
yale doddy,Yale Doddy
yale kodigehalli,Yale Kodigehalli
yale kodigehalli colony,Yale Kodigehalli Colony
yallammana doddi,Yallammana Doddi
yamalur,Yamalur
yamalur cross,Yamalur Cross
yamarahalli nagara,Yamarahalli Nagara
yamare,Yamare
yanagunte,Yanagunte
yanasandra,Yanasandra
yantaganahalli,Yantaganahalli
yantaganahalli hospital,Yantaganahalli Hospital
yantaganahalli palya,Yantaganahalli Palya
yantaganahalli toll,Yantaganahalli Toll
yapb toll,Yapb Toll
yapb toll (volvo),Yapb Toll (Volvo)
yarab nagara,Yarab Nagara
yaranapalya,Yaranapalya
yarandahalli###12,Yarandahalli (South Bengaluru)
yarandahalli###14,Yarandahalli (South Bengaluru)
yarappana bande,Yarappana Bande
yarappanahalli###6,Yarappanahalli (Central Bengaluru)
yarappanahalli###7,Yarappanahalli (North-East Bengaluru)
yarayyanapalya,Yarayyanapalya
yarthiganahalli,Yarthiganahalli
yattukodi,Yattukodi
yediyur,Yediyur
yekashipura,Yekashipura
yelachagere,Yelachagere
yelachenahalli,Yelachenahalli
yelahanaka nes office,Yelahanaka Nes Office
yelahanka,Yelahanka
yelahanka bakery,Yelahanka Bakery
yelahanka kodigehalli gate,Yelahanka Kodigehalli Gate
yelahanka old town###0,Yelahanka Old Town (West Bengaluru)
yelahanka old town###94,Yelahanka Old Town (North Bengaluru)
yelahanka police station,Yelahanka Police Station
yelahanka santhe circle,Yelahanka Santhe Circle
yelahanka satelite town,Yelahanka Satelite Town
yelahanka satelite town 5th phase,Yelahanka Satelite Town 5th Phase
yelahanka satellite town,Yelahanka Satellite Town
yelenahalli,Yelenahalli
yeliyur,Yeliyur
yeliyur cross,Yeliyur Cross
yennigere,Yennigere
yeshawanthapura,Yeshawanthapura
yeshawanthapura bus station,Yeshawanthapura Bus Station
yeshawanthapura circle,Yeshawanthapura Circle
yeshawanthapura market,Yeshawanthapura Market
yeshawanthapura new railway station,Yeshawanthapura New Railway Station
yeshawanthapura railway station,Yeshawanthapura Railway Station
yeshawanthapura tollgate,Yeshawanthapura Tollgate
yeshawanthapura ttmc,Yeshawanthapura TTMC
yeshwanthpura,Yeshwanthpura
yeshwanthpura railway station,Yeshwanthpura Railway Station
yeshwanthpura tollgate,Yeshwanthpura Tollgate
yeshwanthpura ttmc,Yeshwanthpura TTMC
yettu kodi,Yettu Kodi
yhk hospital,Yhk Hospital
ymc nandhidurga road,Ymc Nandhidurga Road
ymca nandi durga road,Ymca Nandi Durga Road
ymca public school,Ymca Public School
ypr rmc,YPR RMC
