stop_id,stop_name,stop_lat,stop_lon
1,Jayanagara 9th Block,12.9197565816171,77.5923588994416
2,Jayanagara T Block,12.9226893214618,77.5933845451659
3,Jayanagara 18th Main,12.9231859777075,77.5887716805949
4,Church,12.9279596029171,77.5876041867249
5,Jayanagara 4th Block,12.9284826437007,77.58420959115
6,Jayanagara 3rd Block,12.9317783285,77.5839063618
7,Madavan Park,12.9361068271,77.5839236286
8,Southend Circle,12.9366643075,77.5766457058
9,Nagasandra Circle,12.9367205700067,77.5721701369447
10,Netakallappa Circle,12.9395624343,77.5721522514
11,Basavanagudi Police Station,12.94189,77.57358
12,Gandhi Bazaar,12.9457424115,77.5707005896
13,Ramakrishna Ashrama,12.94914747783,77.567561017579
14,Bangalore High School,12.9518947285,77.5674634986
15,Chamarajapet,12.957194522,77.5682954863
16,Makkalakoota,12.95850855,77.57402561
17,Krishnarajendra Market,12.96161187,77.57527904
18,Veterinary Hospital,12.96366,77.56843
19,Goodshed Road Gate,12.9681187418378,77.5680068206731
20,Majestic,12.97736,77.57074
21,Ananda Rao Circle,12.9817447954723,77.574481312945
22,Central,12.9899747663903,77.572098665973
23,Malleshwaram Circle,12.9978901319732,77.5713099939793
24,Malleshwaram 8th Cross,12.99966,77.57128
25,Malleshwaram 15th Cross,13.005030714,77.5711547211
26,Malleshwaram 18th Cross,13.0090816878,77.5710476004
27,Tata Institute,13.01565694,77.56289701
28,Yeshawanthapura TTMC,13.01742074612246,77.55707759428026
29,Govardhan Talkies,13.01856,77.5532
30,Yeshwanathapura new railway station,13.02311,77.55029
31,JPNagara 6th Phase,12.9064924294071,77.5776125399524
32,JP Nagara 15th Cross,12.9071376264641,77.5856277850601
33,RVDental College,12.9111515544,77.5856779609
34,Marenahalli,12.9153368901,77.5856925454
35,Jayanagara 5th Block,12.9174407478,77.5835442636
36,Telephone Exchange,12.9237699229,77.5837743469
37,Vijaya College,12.9390512221,77.5799340103
38,RV Teachers College,12.944399463,77.5799635984
39,Lalbagh West Gate,12.9495261854038,77.5798964898135
40,Minarva Circle,12.9536740969716,77.5798819155073
41,Town Hall,12.96354088,77.5850038882
42,Corporation,12.9685279448,77.5864692125
43,Mysore Bank,12.9746610671,77.5819961261
44,Telephone Exchange,12.9823366273,77.5885294843
45,RC College,12.9839449814296,77.5871066739705
46,Shivananda Stores,12.9867516022091,77.5791462398814
47,Swastik,12.987743702505,77.574388523525
48,Yeshwanthpura,13.0174217,77.55977236
49,Yeshwanthpura Market,13.0204587802,77.5556880981
50,Bombay Dyeing,13.0250683241,77.5574772153
51,Mathikere Post Office,13.0292071434388,77.5591417368623
52,Mathikere,13.0345050409528,77.5573473945702
53,Chowdeshwari Bus Stand JP Park,13.0331773963,77.554171728
54,BTM Layout,12.916211,77.615991
55,Udupi Garden 16th Main,12.916535,77.608779
56,BTM water Tank,12.9164504021527,77.6067753888095
57,MICO Layout,12.9164701153754,77.6043445058414
58,Jayadeva Hospital,12.9165617812895,77.5995681387583
59,East End,12.917515854479683,77.59505767393114
60,Jayanagara Pump House,12.9217955556828,77.5969113038296
61,Carmel Convent Jayanagara,12.9266364529931,77.5970395034122
62,Jayanagara General Hospital,12.9269371964182,77.5924136515609
63,Church,12.9269082684586,77.5897355560392
64,Krishnarajendra Market,12.9613111,77.57513928
65,City Civil Court,12.973503,77.582949
66,KR Circle,12.9737512954,77.586767273
67,St Marthas Hospital,12.9698050953,77.5872509088
68,Corporation,12.96459373,77.58816043
69,Poornima Talkies,12.9608759377,77.5882853195
70,Shanthi Nagara Bus Station,12.95446,77.59148
71,KH Road,12.95836876,77.5929835
72,Richmond Circle,12.9674725762046,77.5994390878679
73,StJosephs College,12.9698730761906,77.6029042488889
74,Mayohall,12.9720408,77.61065209
75,MG Road,12.97640668,77.60853047
76,Shivajinagar Bus Station,12.9830382138989,77.6032352181259
77,Indian Express,12.98389098,77.59763625
78,Vidhana Soudha,12.9789189901,77.5925345253
79,KR Circle,12.97543,77.58645
80,Vasanthapura,12.8954248058008,77.5522463865215
81,Yadalam Nagara,12.8961664673146,77.5485178576245
82,Subramanyapura Co-operative Society,12.8976035001522,77.5462201163579
83,Subramanyapura Police station,12.8990713078011,77.5437220869559
84,Uttarahalli,12.9049496166,77.5433301553
85,Uttarahalli KR Hospital,12.9069658550541,77.5459173927738
86,Chikkalsandra Canara Bank Colony,12.9092132341356,77.5492530819738
87,Chikkalsandra Aralimara,12.911746062612,77.5525682756659
88,Gowdana palya,12.91153153402,77.5555543528847
89,Prarthana School,12.9120117736236,77.5585499293628
90,Kadirenahalli Village,12.9156865847009,77.5616728897017
91,kadirenahalli cross,12.9138894193,77.5668682996
92,BANASHANKARI TTMC,12.9175629124167,77.5734471158981
93,Sangam Circle,12.9176249821,77.5773779489
94,Jayanagara 40th Cross,12.91998,77.58013
95,Jayanagara Bus Stand,12.9276755545,77.5835826527
96,Telephone Exchange,12.9225728642309,77.5837942150779
97,Jayanagara 40th Cross,12.9197768255601,77.5804915754097
98,Sangam Circle,12.9170141820828,77.5787540947362
99,Hunase Mara Banashankari,12.919900624495623,77.57417740075687
100,Monotype,12.9214927275,77.5709460955
101,Banashankari BDA Complex,12.9243880045,77.5648419745
102,Indira Nursing Home,12.9290343738636,77.5643238898193
103,Devegowda Petrol Bunk,12.9225007351,77.5604034215
104,Padmanabha Nagara,12.9176150183253,77.5596909614448
105,Prarthana School,12.9114839800429,77.557893057513
106,Gowdana palya,12.9114419835698,77.5554283059612
107,Chikkallasandra Aralimara,12.9115026724,77.5520117115
108,Chikkalsandra Canara Bank Colony,12.9089185794022,77.5489971389656
109,Uttarahalli KR Hospital,12.9068846979029,77.5461399925385
110,Uttarahalli,12.9051595451281,77.5434314121948
111,Subramanyapura Police station,12.8986638772969,77.5441428547101
112,Subramanyapura Co-operative Society,12.897523376624,77.5466024877059
113,Yadalam Nagara,12.8962010060364,77.5487467673517
114,Trinity Circle,12.97077488,77.61970002
115,Military Accounts Office,12.967042,77.62110442
116,Commando Hospital,12.96405494,77.62623263
117,Domlur,12.96111122,77.63817474
118,KODIHALLI,12.96006425,77.6472361
119,Manipal Hospital,12.95968934,77.65072057
120,Murgeshpalya,12.9592778,77.65805598
121,Rajeshwari Talkies,12.9593182,77.66035173
122,HAL Main Gate,12.95864344,77.66527478
123,Helicopter Division,12.95663685,77.67562008
124,HAL Kalyanamantapa,12.95478348,77.68347827
125,Borewell,12.95521833,77.68778156
126,Maratahalli,12.95643585,77.69509886
127,Maratahalli Bridge,12.95693,77.70178
128,Spice Garden,12.95647795,77.70905589
129,Kundalahalli Gate,12.95588772,77.71617865
130,Thubarahalli,12.95589908,77.72170524
131,Siddapura,12.95631467,77.7317545
132,Ramgundanhalli,12.95706646,77.74031524
133,Varthuru Kodi,12.95763027,77.74570483
134,Brook Bond,12.96403558,77.74831013
135,White Field,12.97077297,77.74996681
136,Old Sai Baba Hospitals,12.97354479,77.75031785
137,Munish Hospital,12.97704662,77.75092716
138,Hope Form,12.9843197,77.75256358
139,Prajwal School,12.99144629,77.75599869
140,Kadugodi,12.99572781,77.75804887
141,Central Silk Board,12.91747,77.62423
142,Madivala Mosque,12.9250663610466,77.6189798180655
143,Koramangala Water Tank,12.9292936809,77.6214331482
144,BDA Complex koramangala,12.9308975867092,77.6221266193162
145,Canara Bank Koramangala,12.9350559041,77.6240192167
146,Jn of 80 and 100 Feet Road,12.9381218366,77.6280230843
147,Sreenivagilu,12.9386060592,77.633225061
148,Military Bridge,12.94598,77.63996
149,Jn of New Bridge,12.9523257259,77.6400564797
150,Domlur,12.9569417238,77.6413058862
151,Domlur Bridge,12.96055591,77.64141459
152,Doopanahalli,12.9637509305,77.6414803974
153,New Horizon School,12.9665001401509,77.641334856271
154,HAL 12th Main,12.9694406999685,77.6412141592392
155,HAL 6th Main,12.9737052664321,77.6409116375754
156,Indiranagar Police Station,12.9781894293,77.6402802765
157,Indiranagar Double Road,12.978089566662,77.6359556004383
158,Lakshmipura Ulsoor,12.978241438810008,77.63198642591169
159,Halasur,12.978018,77.628324
160,Trinity Circle,12.9728378682949,77.621671534072
161,Manipal Centre,12.9754740279,77.6134497207
162,maniksha pardeground,12.9772753345665,77.6078696411928
163,Forties Hospital,12.98770683,77.59439581
164,Vasantha Nagara,12.99271569,77.59496712
165,Jaymahal Extension,13.00040117,77.59471058
166,Munireddy Palya,13.00695655,77.59247657
167,TV Tower Munireddy palya,13.0103045,77.59026532
168,Mekhri Circle,13.01449816,77.58192714
169,Kendriya Vidyalaya CPRI,13.01465113,77.57510678
170,Tata Institute,13.01405698,77.56668976
171,Yeshwanthpura Circle,13.01755362,77.55952284
172,Maharani College,12.9770464894431,77.5859164592567
173,Vidhana Soudha,12.9805239695223,77.593171232177
174,Indian Express,12.98420536,77.59761828
175,Shivajinagar Bus Station,12.98368012,77.6035693
176,DSouza Circle,12.9666875062731,77.6094521290397
177,Boldwin Girls High School,12.96553533596,77.6027927241769
178,Richmond Circle,12.965617,77.595484
179,Poornima Talkies,12.96095,77.58773
180,Kempegowda Bus Station,12.978062,77.572342
181,Corporation Office,12.9683774123389,77.5894331605758
182,Museum Kasturba Road,12.97385356,77.59541642
183,MG Road Metro Station,12.97568622,77.60585152
184,Maniksha Parade Ground,12.97727673,77.60794341
185,Indian Express,12.9836095853982,77.5965237938488
186,KR Circle,12.9771169682379,77.5852455232248
187,Cauvery Bhavana,12.9735362995,77.5815098919
188,Peenya 2nd stage,13.0107668722415,77.5067250900116
189,Rajagopalanagar Rajni Farms,13.0139706843,77.5089234486
190,Peenya 14th Cross,13.0170412268,77.5058460329
191,Brundavana Peenya 2nd Stage,13.0202670023,77.5079948176
192,NTTF,13.0249445233,77.5109549705
193,Rolling Mill,13.0265822408254,77.5147200617649
194,TVS Cross,13.0285953620956,77.5195686195263
195,System Jalahalli Cross,13.0350020451929,77.5179111770754
196,Jalahalli Cross,13.039625308193823,77.51822920291522
197,T Dasarahalli,13.04299089,77.5124183
198,Tumkur Road 8th Mile,13.0460511012537,77.5074918591098
199,Widia School Bagalagunte,13.0511002806152,77.5076984613592
200,Bagalagunte,13.0562517699,77.5073038973
201,Bone Mill,13.063843,77.505073
202,Sapthagiri College Chikka Banawara,13.0668690461258,77.5032413827418
203,Janapriya Apartments,13.0734588211303,77.5030843996981
204,Chikkabanawara Railway Gate,13.0755066779,77.50461163
205,Chikkabanawara,13.0819034579747,77.5002161861082
206,Kundalahalli Gate,12.9582354904395,77.7155640221852
207,BEML Gate,12.9611035064,77.7164579462
208,AECS Layout,12.9651556590154,77.7182496208807
209,Graphite India,12.9781837149316,77.7114300218927
210,SAP ITPL,12.9777191230945,77.7150244916221
211,Vydehi Hospital,12.9766568495804,77.7267842661891
212,Sai Baba Hospital,12.9836607694662,77.7284611729069
213,Pattandur Agrahara Gate,12.9879409972407,77.7337396116193
214,ITPL,12.987639165538,77.7373727362813
215,B P L,12.9853534332523,77.7479886796028
216,Hope Farm,12.98260711,77.75221137
217,White Field,12.96934503,77.74999166
218,Varthuru Kodi,12.95695765,77.74543921
219,Ramagondanahalli Varthuru,12.9569131,77.73978427
220,Siddapura,12.95604268,77.73068212
221,Thubarahalli,12.95571269,77.72050289
222,Kundalahalli Gate,12.95582602,77.71367471
223,Spice Garden,12.95616087,77.70963836
224,Maratahalli Bridge,12.95691424,77.70037556
225,Maratahalli,12.95603888,77.69370628
226,Borewell,12.9549829,77.68803808
227,Cauvery Bhavana,12.972107688,77.5824879762
228,JP Nagara 1st Phase,12.9114097171,77.5741377566
229,Indira Gandhi Circle,12.9108850099,77.5789394137
230,Eliyas Nagar,12.9056105771291,77.5690436930723
231,Jn Of Ring Road,12.907533925,77.5713143963
232,City Railway Station,12.9782250524,77.5697478186
233,Power House,12.9064376216545,77.5801305761234
234,Banashankari Bus Station,12.9182,77.5733
235,Kadirenahalli Cross,12.9138101711892,77.5674308493233
236,Dayananda Sagar College,12.9094217870598,77.5653938159416
237,Kumaraswamy Layout Police Station,12.9051648841249,77.5627168543969
238,Kumaraswamy Layout,12.902954,77.561565
239,Canara Bank,12.90086,77.55987
240,ISRO Layout,12.8988754191,77.5583100412
241,Vasanthapura,12.896358215994,77.5521097812413
242,Yarab Nagara,12.9158521097766,77.5692397263453
243,Cauvery Nagara,12.9197953744017,77.5691342827306
244,Monotype,12.9217735212,77.5705823209
245,Hunase Mara Banashankari,12.91942378359128,77.5742116437309
246,Padmanabha Nagara,12.9185338011166,77.5596461996074
247,Devegowda Petrol Bunk,12.9228205048,77.5602472667
248,Kempegowda Medical  Hospital,12.9269235302,77.5613870379
249,Indira Nursing Home Tyagarajanagar,12.9292645119,77.5641326141
250,Post Office,12.9263340309,77.5698779896
251,Banashankari Bus Station,12.91797,77.57384
252,Kadirenahalli Village,12.9154762341651,77.5617826712008
253,India Garage Vannar Peth Road,12.96505369,77.61788806
254,ASC Center,12.96223451,77.61915074
255,Vannarapete,12.95642557,77.62114466
256,Jn Of Egipura,12.95110306,77.62131102
257,Rajendranagar,12.94546793,77.61929719
258,NDDA Koramangala,12.94286241,77.62246198
259,BMTC Depot-15,12.94081834,77.6246332
260,Jn of 80 and 100 Feet Road,12.93645555,77.62773908
261,Maharaja Hotel Koramangala,12.9342609,77.62992781
262,Wipro Park Koramangala,12.92929536,77.63341625
263,Koramangala,12.92522685,77.63486329
264,Jakkasandra,12.92536087,77.63694928
265,Agara Junction,12.92444,77.65051
266,Ibbaluru Sarjapura Road,12.921205,77.662857
267,Bellanduru Gate Sarjapura Road,12.91857872,77.66994789
268,Kaikodrahalli,12.91395419,77.67785429
269,Jinnasandra Gate,12.91085335,77.68444737
270,Doddakannalli,12.90728654,77.69546397
271,Carmelaram Gate,12.90354946,77.70396529
272,Railway Gate,12.90193712,77.70701136
273,Ambedkar Nagara,12.89914692,77.71308552
274,Kodathi Gate,12.89647429,77.72062692
275,Gouthamagara,12.8923091,77.72863447
276,Chandapura Cross,12.8874057,77.73848153
277,Dommasandra Circle,12.88296797,77.75255414
278,Dommasandra,12.87946585,77.75387608
279,TChuddadenahalli,12.88170987,77.75708785
280,Chambenahalli Gate,12.87933226,77.7616789
281,Yamare,12.87236959,77.76643089
282,Apartment Sarjapura road,12.86755262,77.76727516
283,Sompura Gate,12.86198541,77.77213941
284,Sarjapura,12.86098871,77.78363186
285,Sarjapura Bus Stand,12.86140535,77.78545953
286,Jayanagara Church,12.92716,77.58969
287,Jayanagara General Hospital,12.9271084066086,77.5929766663388
288,Carmel Convent Jayanagara,12.9263383057,77.5972074363
289,Pump House Jayanagar East End,12.9219916184,77.5970787741
290,Jayadeva Hospital,12.9168577865,77.5974690355
291,MICO Checkpost,12.91394365,77.60012383
292,JP Nagara 3rd Phase,12.90830179,77.60039072
293,Bilekalli,12.9007721,77.60115104
294,IIM Appolo Hospital,12.89651799,77.60008346
295,Arakere Gate Byrapura,12.8902041,77.5981027
296,Jn of 80 Feet Road,12.88429,77.59663
297,Shanthinikethan Layout,12.88447,77.60329
298,Shiridi Sai Temple BDA 80ft RD,12.88349,77.60622
299,Jn of BDA Ring Road,12.88234,77.61
300,Yelenahalli,12.86789,77.6161
301,Brigade Road,12.97152762,77.60672572
302,St. Patrics Church,12.96580821,77.60687003
303,Johnson Market,12.96347424,77.60682366
304,Anepalya,12.95249647,77.60487302
305,MICO Gate,12.94455123,77.60283669
306,Bangalore Dairy Circle,12.93557206,77.60149512
307,Ashrama,12.9257646482,77.6004831679
308,Gurappana palya,12.91949205,77.60016424
309,BPL,12.887442,77.597034
310,Hulimavu Gate,12.88070285,77.5959377
311,Meenakshi Temple,12.874185,77.594659
312,Loyala School,12.87119325,77.5936447
313,Kalena Agrahara,12.86628369,77.59193714
314,Gottigere High School,12.86195091,77.59047392
315,Gottigere,12.8551655,77.58881403
316,TJohn College Cross,12.85057711,77.58843441
317,Basavanapura Gate,12.84642508,77.5883265
318,Koli Farm Gate Bannerghatta Road,12.84146763,77.58861309
319,Tulip Resort Cross,12.83543,77.58912
320,Kalkere,12.83260399,77.58909187
321,AMC College Bannerghatta Road,12.83053139,77.5881611
322,Jalli Machine Bannerghatta Road,12.82564977,77.58632219
323,Vijaya Bank Banneragatta Circle,12.81564763,77.58317322
324,Bannerghatta Circle,12.81364433,77.58101253
325,Sampigehalli,12.80572254,77.57900176
326,Bannerghatta National Park,12.80064982,77.57781608
327,Basappa Circle,12.9559,77.57734
328,Lalbhagh Main Gate,12.9540865123,77.585585257
329,Lalbhag Society,12.9512698576,77.59145041
330,Wilson Garden 7th Cross,12.94705,77.59445
331,Lakkasandra,12.9428192228,77.5974125415
332,Nimhans Hospital,12.9396341834,77.5978167169
333,Ashrama Bismilla Nagara Bannerghatta Road,12.92629948,77.60053595
334,Jal Bhavan,12.9246,77.60044
335,Jayadeva Hospital,12.9165828601,77.5993031636
336,Nagarabhavi BDA Complex,12.9791073316173,77.5106893306258
337,Papareddy Palya,12.972424597671,77.507900189381
338,Deepa Complex,12.966771697496,77.5050348297882
339,Ambedkar College,12.9602591973,77.5049728062
340,NGEF Layout,12.96094557,77.5097237
341,Nrupatunga Nagar,12.9580731131,77.5099148601
342,Nagarabhavi Village,12.9569323193693,77.5158314680568
343,NAGARBHAVI CIRCLE,12.9596976483107,77.5197751157473
344,Jyothi Nagara,12.9593768460442,77.5216505504991
345,Chandra Layout,12.9583006987302,77.5264990663102
346,Chandra Layout Ganesh temple,12.9583657254,77.5288030598
347,Chandra Public School Chandra Layout,12.960409401,77.529523233
348,Income Tax Layout,12.960007260431,77.531479891572
349,Attiguppe,12.9579615806462,77.5340494826403
350,Deepanjalinagara Depot-16,12.951521,77.537268
351,Bapuji Nagara,12.95357632,77.54215453
352,New Guddadahalli,12.95576633,77.54564716
353,Azad Nagar,12.95724423,77.55133839
354,Sirsi Circle,12.9604612,77.55693463
355,Vinayaka Talkies KR Market,12.96328,77.56717
356,Krishnarajendra Market,12.964049,77.577499
357,Town Hall,12.96393155,77.58425661
358,Corporation,12.9681895,77.58924259
359,St Josephs School,12.97020734,77.59439816
360,Mayohall,12.9733524338391,77.6097874029215
361,Ele B Stn,12.9742610050145,77.6121409056843
362,Trinity Circle,12.9728141986,77.6204735879
363,Halasur,12.97845837524402,77.62958584884336
364,Indiranagar Police Station,12.9784550375257,77.6412663355162
365,Chinmaya Mission Hospital,12.977823878453,77.6467377579719
366,Tippasandra,12.9742833582143,77.6469358921975
367,Tippasandra Market,12.9725489952,77.6510896627
368,Ganesha Temple,12.9721461914545,77.6539379783698
369,BEML,12.971357,77.658866
370,LRDE,12.980845822,77.6565969922
371,DRDO Qts,12.9843127448,77.6610519737
372,CV Raman Nagara,12.9856594688952,77.6641256561944
373,Kalyananagara Bus Stand,13.0265504122,77.6383386925
374,Kalyana Nagara,13.0263655653666,77.6364009012997
375,Hennur Cross,13.03161234,77.63600713
376,Hennur Depot,13.02563268,77.63170509
377,Kacharakanahalli,13.0213929963494,77.6299128841016
378,Jyothi School Lingarajapura,13.0152573064,77.6289124042
379,Lingarajapuram,13.0122261984856,77.6258237523957
380,Lingarajapura Bridge,13.00847,77.62294
381,CHARLES SCHOOL,13.0061727577252,77.6210301136742
382,Sindhi Colony,12.9955239918196,77.6167961574939
383,Thoms Cafe,12.9910735041,77.61426704
384,Lavanya Talkies,12.9859104194,77.6154710166
385,Hasanath College,12.9791990295,77.6150634885
386,B Station,12.97370413,77.6136414
387,Trinity Circle,12.97241103,77.61918713
388,Military Accounts Office,12.96583031,77.61740866
389,Domlur,12.9611045,77.63825183
390,Domlur Bridge,12.9579067323,77.6414734405
391,Military Bridge,12.94585,77.64009
392,Sreenivagilu,12.9384031183354,77.6315364112204
393,Jn of 80 and 100 Feet Road,12.9370173533,77.6268397272
394,Canara Bank Koramangala,12.9342348967,77.6238464657
395,BDA Complex koramangala,12.9311505239,77.6224947162
396,Koramangala Water Tank,12.9278939869,77.621227121
397,Krupanidhi College,12.92377,77.62812315
398,Madiwala MARKET,12.92174684,77.62170076
399,Central Silk Board,12.917724099987,77.6239001832664
400,Jagajeevanram Nagara,12.9646651447,77.5549010374
401,Maramma Temple,12.9631460924,77.5590106007
402,Sirsi Circle,12.96162,77.56075
403,Mahathma Gandhi Statue,12.9774177509555,77.5987497513117
404,Indian Express,12.98392944,77.59658348
405,Forties Hospital,12.9873576751216,77.5945894600345
406,Vasantanagara Ambedker Bhavan,12.99303303,77.59523844
407,Contonment Railway Station,12.9938964453,77.5971457455
408,Bamboo Bazaar,12.9921024665,77.6039510965
409,Coles Park,12.99586569,77.60687147
410,Doddi,13.0025174240069,77.6120647658496
411,Canara Bank,13.0068584718,77.6124637574
412,Muslim Colony Kadugondanahalli,13.0107233428943,77.6152363317099
413,Venkateshapura,13.0154636270568,77.6175103499722
414,Kadugondanahalli,13.0202171534151,77.6189133333243
415,Railway Gate,13.0251654265854,77.6196786844606
416,Arabic college,13.0300875753,77.6208586525
417,Nagavara,13.037943095,77.6233579684
418,Mahathma Gandhi Statue,12.97739184,77.5987907
419,Vasantha Nagara Temple,12.99291601,77.59512713
420,CSI,12.9937883,77.59732858
421,Bamboo Bazaar,12.991807344916,77.6017418253195
422,Coles Park,12.9958806847535,77.6068903971442
423,Doddi,12.99977317,77.60998228
424,Sarai Palya Nagawar,13.0475790062657,77.6286054354913
425,Thanisandra,13.0564197780387,77.6328891943577
426,Ramakrishna Hegde Nagara,13.0715656271948,77.6335698330161
427,Chikkallasandra Bus Stand,12.9150644848611,77.5522298148434
428,Mahesh Medicals,12.9140567595011,77.5499971032029
429,Banashankari BDA Complex,12.924594786,77.5645979773
430,Jayanagara 40th Cross,12.9199514631,77.5805194862
431,Jayanagara 5th Block,12.9185405410047,77.5837355910378
432,Marenahalli JPnagar Road,12.9148315452,77.5858679786
433,RVDental College,12.9097958148707,77.5857998773101
434,JP Nagara 15th Cross,12.9070172933342,77.5858181865849
435,Inchara,12.9004854300397,77.5858752863454
436,Puttenahalli Jp nagar,12.8970752730025,77.586183391031
437,Brigade Millenium,12.8920646170572,77.5819355674869
438,RBI Layout,12.8881949882659,77.5819944897381
439,Gowrava nagar,12.8847438056379,77.5826979248919
440,Navodaya Nagara,12.8814923990134,77.5837936399824
441,Kothnuru Dinne,12.877478339732,77.5840206024321
442,BK Circle,12.8708311662823,77.5832832634143
443,Surabhi,12.867831166206,77.581917562413
444,Jambu Savari Dinne,12.8660016165904,77.5809572399451
445,Royal Lake Residency,12.8692599686347,77.5756402728111
446,Glass Factory,12.876435,77.566862
447,Kothnuru Kanakapura Road,12.8785350546,77.5669495203
448,Sowdamini Kalyana Mantapa,12.8826229342917,77.5660161797493
449,Kanankunte,12.8857774381,77.5666580815
450,Konanakunte Cross,12.8905069515158,77.5637285702438
451,RAGI MACHINE,12.8916829072717,77.5602819185515
452,Chikkallasandra Aralimara,12.9119721406388,77.5518954149867
453,Mahesh Medicals,12.9139654950894,77.5499151209578
454,HSR BDA COMPLEX,12.9127755482,77.6380090322
455,14th Main HSR Layout,12.917437,77.638223
456,Jakkasandra,12.92512051,77.63691743
457,Koramangala,12.92482847,77.63459642
458,John Fowler,12.9241064563,77.6308006793
459,Koramangala Water Tank,12.9271197486003,77.6215891432537
460,Jn of 80 and 100 Feet Road,12.93776508,77.62638959
461,BMTC Depot-15 Koramangala,12.94108294,77.62407271
462,KRM Police station,12.9416964669,77.6217623055
463,Koramangala Kalyana Mantapa,12.9372335225,77.6184639428
464,Jyothi nivas College,12.9353911802,77.6145985443
465,Audugudi Police Station,12.9389456246477,77.6096954194422
466,Adugodi,12.94270683,77.6078821
467,MICO Gate,12.9442565261695,77.6033180374975
468,Wilson Garden 14th cross,12.946545986533,77.6002529662034
469,Wilson Garden 10th Cross,12.9473503018374,77.5982841703754
470,Wilson Garden Police Station,12.9506564699,77.5958107598
471,Double Road Shanthinagar,12.95844066,77.59301104
472,CorporationPallavi,12.9678889923,77.5911699515
473,Maharani College,12.9788719676,77.5847737212
474,Shivananda store,12.98717,77.5787
475,Swastik,12.9879342860333,77.5749711851166
476,Devaiah Park,12.9962364212,77.5641176943
477,Harishchandra Ghat,12.996857933985,77.5607189660281
478,Mariyappana Palya,12.9984676,77.5557275768
479,Navarang Talkies,12.9980712198,77.5509731937
480,Rajaji Nagar 1st Block,13.0038023338056,77.5499202599005
481,Mahalakshmi Layout Entarence,13.0076989252,77.5478180777
482,Srinivasa Temple,13.0082578187105,77.5451206006909
483,Mahalakshmi layout,13.0124988221,77.5439064112
484,Shankar Nagara,13.0155811960922,77.5439644792972
485,Krishnananda Nagara Mahalakshmi Nagara,13.0180656743723,77.5412950298052
486,Jn Of Kanteerava Studio,13.02147,77.53536
487,Devasthana,13.0208168465131,77.5291600944555
488,Sonal Garments,13.0215568934,77.5263869762
489,Laggere Cross,13.0228990470922,77.522871601588
490,Rajagopalanagara Police Station,13.0236263589571,77.5217239023852
491,Jalahalli Cross,13.0399,77.51818
492,8th Mile T Dasarahalli,13.04439409,77.50929851
493,Katriguppe,12.926089414491,77.5502994550546
494,Vivekanada Nagara,12.9305098113,77.5535196997
495,Vidya peeta Circle,12.9362775665,77.5596184563
496,Srinivasa Nagara,12.9376141785696,77.5577776227898
497,Apex Bank,12.9417131485616,77.5556886899016
498,Nagendra Block,12.94184,77.55324
499,Avalahalli BDA Park,12.9430989269,77.5426519755
500,Deepanjali nagara BMT-16,12.9514347731227,77.5371147674969
501,Attiguppe,12.9577823349965,77.5338304262479
502,Vijayanagara TTMC,12.9648426734,77.5347022433
503,Maruthi mandira,12.9678038321,77.5361144263
504,Vijayanagara,12.9719527904,77.5376221631
505,Manu Vana Vijayanagara,12.974431,77.54451
506,Magadi Road Dasarahalli,12.97889215,77.54065813
507,KHB Colony,12.981106,77.535581
508,Kamakshipalya,12.98432339,77.52803302
509,Summanahalli Magadi Road,12.987259,77.519228
510,Kottige Palya Magadi Road,12.98781438,77.5153472
511,Aralimara Sunkadakatte,12.9920521753105,77.5045882047209
512,Vigneshwara Nagara,12.9943562765,77.5041714963
513,Neelagiri Thopu,12.9960294098096,77.5024757034255
514,Hegganahalli Cross,12.999754394348,77.5039556699754
515,Hegganahalli,13.00540548804,77.5050712454059
516,Dairy Hegganahalli,13.0079324555196,77.5055348989669
517,Jalahalli Cross,13.0384499487,77.5183223281
518,Central Silk Board,12.916654,77.623036
519,Indiranagar Police Station,12.9786697854936,77.6406957623119
520,Binnamangala,12.9834931014548,77.6404798012878
521,Byappanahalli rly gate,12.9915234266245,77.6432972294754
522,Old Bayappanahalli,12.9949466122642,77.6436471302701
523,Uttarahalli,12.9087427359924,77.5360993863397
524,Channasandra,12.9031718385669,77.5211657435288
525,BEML Layout 5th Stage,12.9097278656324,77.5209439881808
526,Double Road,12.9147559662792,77.5206086455884
527,BEML Complex,12.919581,77.520303
528,BEML Gate,12.9227341442083,77.5183255102379
529,Ideal Homes,12.924834403709,77.5178525351756
530,Raja Rajeshwari Temple,12.9271689053675,77.5110982818663
531,RRSchool,12.9283958292623,77.5141714849855
532,PETROL BUNK,12.9329858110307,77.5161832203805
533,Rajarajeshwarinagara Gate,12.9361908,77.51639508
534,Bangalore Univercity Gate Mysore Road,12.9359533545,77.5126559939
535,Ladies Hostel University Campus,12.9421360977,77.5056441966
536,Library University,12.9438268952,77.5044993125
537,Bangalore University Administrative Block,12.9490639083,77.5010607205
538,University Quarters,12.95176,77.50015
539,Koli Farm University Quatres,12.95199,77.49796
540,Press Layout Ullal Road,12.95035,77.49131
541,Amma ashrama cross,12.94946,77.48908
542,Vidyanikethan Public School,12.95061,77.48675
543,Manganahalli Cross,12.95135,77.48446
544,Hullalu,12.95551,77.48018
545,Hullala Bar Stop,12.961506,77.478696
546,Hullala Upanagara,12.96243,77.47524
547,Kengeri Satelite Town,12.9225098714,77.4861416873
548,Railway Station Kengeri,12.92237251,77.48444049
549,Jn of Kommaghatta Road,12.91611473,77.48218418
550,Ganesha Temple,12.91229468,77.48073544
551,Kengeri Police Station,12.91048265,77.48319013
552,Kengeri TTMC,12.91390887,77.48630136
553,Mylasandra Gate,12.91856635,77.49101582
554,RV College,12.92549401,77.49936587
555,Jayaram Das Factory,12.93094676,77.50609263
556,Bangalore University Gate Mysore Road,12.93579871,77.51334378
557,Rajarajeshwarinagara Gate,12.93650258,77.51879023
558,Nayandahalli,12.94319771,77.52599614
559,Jn of Nayandahalli,12.94425,77.53012
560,Virabhadranagara Cross,12.9380825240388,77.5337524901504
561,PES College,12.93505,77.53694
562,Hosakerehalli Junction,12.9336273763,77.539477665
563,Hosakerehalli Cross,12.9300788138,77.5439977739
564,Janatha Bazar,12.9284066241,77.5460153818
565,Banashankari 3rd Stage 3rd Phase,12.9250089023591,77.5508426665613
566,Kamakya Talkies,12.9237692524,77.5541000627
567,Devegwada Petrol Bunk,12.9218787141,77.5608355924
568,Kadirenahalli Park,12.9176689871,77.5645234622
569,Jayanagara 5th Block,12.9170916416,77.584924344
570,Marenahalli Petrol Bunk,12.9170410149,77.5886585657
571,Ragigudda,12.91690622009,77.5921299824997
572,Jayanagara 9th Block East,12.91682,77.59707
573,MICO Layout,12.9166977746839,77.603466782884
574,Udupi Garden 16th Main,12.9166423284103,77.6090389222481
575,BTM Layout Bus Stop,12.9163629189,77.615990527
576,HSR Apartment,12.9168055262077,77.6293271241013
577,14th Main HSR Layout,12.91627,77.6353
578,Depot-25,12.9199793497093,77.6430081089863
579,Sarjapura Cross,12.9211990753899,77.6658049722196
580,Petrol Bunk,12.9231192174197,77.6700011787813
581,Bellandur gate,12.92597,77.67622
582,Eco Space,12.9279756934602,77.6803299709971
583,Devarabisanahalli,12.9320698099116,77.6870813885226
584,Kada Bisanahalli,12.9396210491615,77.6952027478891
585,CMRIT,12.9675823607138,77.7138975882875
586,Kundala Halli colony,12.970133612587,77.7124273614587
587,I Gate ITPL Road,12.9773143702048,77.7190764101101
588,KTPO,12.9770874364018,77.7219026283155
589,SJR Park ITPL,12.9809505958,77.7273751236
590,ITPL Back Gate,12.9867143351905,77.7316321073966
591,Big Bazaar,12.9881909554817,77.732137631871
592,ITPL,12.9868363615681,77.7433688991284
593,Vasanthapura,12.8962740116,77.5526140351
594,Konanakunte Cross,12.89003185,77.56409231
595,Konanakunte,12.8854219631679,77.5669875116586
596,Sowdamini Kalyana Mantapa,12.8827004847738,77.5661509600909
597,Kothnuru Cross,12.8782367450646,77.5669182237677
598,Glass Factory,12.8763571470894,77.5671308045423
599,Brooks Heaven,12.86902,77.57579
600,Jambu Savari Dinne,12.8657823266983,77.5810030849429
601,Surabhi,12.8677367921578,77.581841243159
602,B K Circle,12.8706907581036,77.5831441671187
603,Kothnuru Kanakapura Road,12.8776220047945,77.5839204067855
604,Navodaya Nagara,12.8812725457672,77.5837247934118
605,Gourav Nagara,12.8846360586263,77.5825735923065
606,RBI Layout,12.888036571385,77.5818479011293
607,Brigade Millanium,12.8920887894301,77.5818188520977
608,Puttenahalli,12.8981187008,77.5824441388
609,Oxford Dental College,12.9025380593,77.5832257513
610,Jayanagara 5th Block,12.9168966960529,77.5849279305266
611,Jayanagara 40th Cross,12.919886387032228,77.58033435809602
612,Banashankari Bus Station,12.916723711209434,77.57330227661134
613,Chikkallasandra Aralimara,12.9121276672379,77.5523143794359
614,Shanthinagar TTMC,12.95407042,77.59298565
615,Corporation,12.96684409,77.58810963
616,Town Hall,12.96355999,77.58437509
617,Krishnarajendra Market,12.96379,77.57748
618,Royan Circle,12.96037514,77.5677467
619,Water Tank Rayan circle,12.96024,77.56339
620,Sirsi Circle,12.960183814261024,77.55936892478564
621,Azad Nagar,12.95693822,77.55099839
622,MCTC Bus Stand,12.954014306740683,77.54377264497066
623,BHEL Gate,12.95056332,77.53801073
624,Quality Biscuits,12.94654269,77.53085351
625,Nayandahalli,12.94388,77.526633
626,Nayandahalli Quaters,12.94040944,77.52438868
627,Bangalore Univercity Gate Mysore Road,12.93527067,77.5122855
628,Jayaram Das Factory,12.93420372,77.51031073
629,RV College,12.92957672,77.50527701
630,Dubasi palya cross,12.922778445492815,77.49617267417909
631,Mylasandra Cross,12.91712133,77.49038271
632,Kengeri TTMC,12.91360092,77.48693371
633,Kengeri Police Station,12.91011167,77.48155358
634,Ganesha Temple,12.91163409,77.48038539
635,Jn of Kommaghatta Road,12.9146037,77.48148462
636,Railway Station Kengeri,12.91646798,77.4822094
637,Hoysala Circle Kengeri Satellite Town,12.92527977,77.48537316
638,Shirke KHB Quarters,12.93252205,77.48783548
639,Rani Saraladevi School,12.9374320898,77.5849452149
640,Ashoka Pillar,12.9423873712521,77.5850394668992
641,Siddapura,12.9463054947087,77.5885461215374
642,Mallige Hospital Siddapura,12.9478302598,77.5916053075
643,Wilson Garden 10th Cross,12.9466232657,77.5960406754
644,State Bank Of India,12.9740247575395,77.6013112869818
645,MG Road Anil Kumble Circle,12.9774201382,77.6017935108
646,Cunningham Road,12.98765941,77.59442467
647,Vasantha Nagara,12.99279758,77.59503284
648,Bamboo Bazaar,12.992191,77.604264
649,Coles Road,12.9964495955995,77.6124584645788
650,Mosque Road,12.9994882980326,77.6158645796122
651,Clarence School,13.0022961857691,77.6166063149563
652,ITC,12.99823,77.62249
653,Jai Bharath Nagara,13.0017114730752,77.6309928117633
654,Maruthi Seva Nagara,13.0026857659428,77.6346388049169
655,Indian Oil Sevanagar,13.0047990361687,77.636829486175
656,Ramaswamy Palya,13.0097514766997,77.6353022311676
657,Kammana Halli Circle,13.014654461778,77.6357427760545
658,Kammana Halli,13.0177954905494,77.6363722612938
659,Jalavayu Vihara,13.0210922822832,77.6368440768123
660,CGHS Nagavar Palya,12.9871767889665,77.6623509300631
661,DRDO Qts,12.9845349491,77.6613312587
662,LRDE,12.980700585756,77.6567336425576
663,GTRE,12.97587,77.65566
664,BEML Gate,12.9711572944759,77.6591127306904
665,Jn of Suranjandas Road,12.9667181027513,77.6612821013006
666,Jeevan Bheema Nagar,12.96721,77.65797
667,Jeevanbhimanagara Petrol Bunk,12.9675702561422,77.654695251161
668,Kodihalli,12.9684739764049,77.6499416809637
669,Tippasandra,12.9736559749019,77.6468255499328
670,Chinmaya Mission Hospital,12.9784490374584,77.646058922756
671,Lakshmipura Ulsoor,12.9779865979036,77.6331532510241
672,Jayamahal Extension,13.00210822,77.59419211
673,JC Nagara,13.0040121846538,77.5935376758873
674,JC Nagara,13.00682742,77.5925431
675,Matada Halli,13.0135346577,77.5935639068
676,Rahmath Nagara,13.0170945358,77.5916445348
677,R T Nagar post Office,13.022764558,77.5925387163
678,Vasanthappa Block,13.0262131244,77.5890960172
679,CBI Ganganagara,13.0267552607037,77.5863816667697
680,Veternary College,13.03027,77.58676
681,Canara Bank Hebbal,13.03613,77.58901
682,Hebbala,13.038476,77.58910425
683,Military Dairy Farm,13.0494801649659,77.5926207091783
684,Kodigehalli,13.0575488694,77.5919377338
685,Sanjeevini Nagar Kodigehalli,13.0576689678053,77.5890666578136
686,Kodigehalli Yelahanka road,13.0599486672898,77.5765544978177
687,Thindlu,13.0732687408895,77.5666912739568
688,Nanjappa Circle,13.0683797708567,77.5600159689403
689,Vidyaranyapura,13.0837510855325,77.5603167485139
690,Thambuchetty Palya,13.0214405093762,77.7001189507868
691,Anandapura,13.024101551708,77.6929488993631
692,Bhakthi Yoga Ashrama,13.021965,77.687973
693,Akshya Nagara,13.0206251376668,77.6835177961978
694,Koudenahalli Cross,13.0211715501162,77.6790663878028
695,Muneshwara Layout,13.0181535316902,77.6718515332859
696,B Channasandra Bridge,13.0130227748,77.6627497282
697,Kasthurinagara,13.002616223802,77.6612176903216
698,Bennigana Halli,12.997112833,77.6628648117
699,NGEF Ground,12.9918151996919,77.6516279315181
700,Isolation Hospital,12.9848842322052,77.6432201767812
701,Binnamangala,12.9836366497821,77.6406822874548
702,Indiranagar Police Station,12.976970952,77.6410683431
703,Indiranagar 6th main,12.974063938733,77.6411662884823
704,New Horizon School,12.9683920741,77.6414830796
705,Doopanahalli,12.9632524587,77.6417480316
706,New Bridge,12.951181177,77.6397056971
707,HSR BDA COMPLEX,12.9127328843,77.6381527819
708,Mangammana Palya,12.9072973254583,77.6353487087456
709,Girinagara Extention,12.9411185949155,77.5397700151701
710,Girinagara Circle,12.9409443751348,77.5451242750946
711,Girinagar Cross,12.9430679139,77.544502113
712,Muneshwara Block,12.9422528337661,77.5484562572523
713,Nagendra Block,12.94189,77.55326
714,Apex Bank,12.94178,77.55587
715,Maruthi Circle,12.9434716661907,77.558486554229
716,Sri Krishna Traders,12.94353492579797,77.56210137176515
717,Hanumantha Nagara Ward Office,12.9440335457543,77.5641924088821
718,Syndicate Bank,12.9465143150343,77.5641814325709
719,Kempegowda Bus Station,12.978678,77.573219
720,Ananda Rao Circle,12.9819613804029,77.5744748693554
721,Central,12.9897286270066,77.5724232561698
722,Dattatreya Temple,12.9989690892,77.574477056
723,Vyali Kaval Police Station,13.0021123485377,77.5784220797354
724,Bashyam Circel,13.0059001688,77.5785162114
725,Sadhashivanagar,13.0086869001,77.5801640097
726,Bangalore Dairy Circle,12.9374184273,77.6014764234
727,Adugodi,12.9440327547,77.6067866944
728,Tollgate,12.95304921,77.60515869
729,Elgin Floor Mill,12.9550193039843,77.6053274147353
730,Johnson Market,12.9632185,77.60668677
731,Shoolay Circle,12.9666292214179,77.6065673183591
732,St Patric Church,12.9699175,77.60517779
733,Halasur Police Station,12.97509191865626,77.62537209848097
734,Indira Nagar Double Road,12.97834,77.6369
735,Kodihalli,12.9685564768109,77.6500255318156
736,Jeevanbhimanagara Petrol Bunk,12.9677289553338,77.6547928939502
737,Jeevan Bhimanagara Bus stand,12.9656985353488,77.657875838262
738,HAL 12th Main,12.9693233036,77.6414382365
739,Doopanahalli,12.9633198819736,77.6412275849643
740,Domlur Bridge,12.9633651953,77.6383191627
741,Domlur,12.9614736364451,77.638456429072
742,Jn of 8th Main and 3rd Cross,12.90754457,77.5950106233
743,Milk Booth,12.9098547902,77.5950978789
744,Water Tank Raggigudda,12.91379,77.59505
745,East End,12.9174234811,77.5968082063
746,Jalahalli Cross,13.0394648198242,77.5183877547801
747,System Jalahalli Cross,13.0349750492869,77.5180530152307
748,TVS Cross,13.0280925813766,77.518921308363
749,Rolling Mill,13.0265658974519,77.5149225018528
750,NTTF,13.0242868792,77.5108279847
751,Brundavana Peenya 2nd Stage,13.0204510689,77.5082448497
752,Peenya 2nd stage 14th Cross,13.0163185392,77.5059616193
753,Rajagopalanagar Rajni Farms,13.0138224465065,77.5089186834865
754,Peenya 2nd stage,13.0104014184,77.5066151563
755,Dairy Hegganahalli,13.0077983346,77.5056334678
756,Hegganahalli,13.003594894,77.5046371948
757,Hegganahalli Cross,12.9999309921169,77.5043194718103
758,Neelagiri Thopu,12.9959163829483,77.502548458266
759,Vigneshwara Nagara,12.994542,77.504387
760,Aralimara Sunkadakatte,12.9919419531,77.5046968739
761,Sunkadakatte,12.99017682,77.50427273
762,Herohalli Cross,12.98747364,77.49338256
763,Anjananagar Gollarahatti,12.9861001,77.48849859
764,East West College Cross,12.981161,77.485082
765,Basaveshwara Nagara,12.976908,77.480418
766,Bilikallu,12.975126,77.479877
767,Gudlipalya,12.970852,77.479403
768,8th Mile T Dasarahalli,13.0455367265411,77.5055545144687
769,Rukmini nagara,13.0408676171254,77.504874711254
770,Nagasandra Cross,13.0386169338844,77.5045504332105
771,Om timber,13.0336009734817,77.5041360893561
772,Nelagedaranahalli,13.0314991383208,77.5035461729168
773,Gruhalaxmi layout,13.0289903004,77.4979199376
774,Karihobanahalli Cross,13.0248451978,77.4863950722
775,Thigalara Palya,13.0166850499367,77.4832306018827
776,Syndicate bank Colony Andrahalli,12.9980656490016,77.4894107811297
777,Layout Herohalli,12.9932820518,77.4886105768
778,Thunga Nagara,12.9918187593006,77.4851993783945
779,Byadarahalli,12.9850319473465,77.4820096016527
780,HMT Layout Cross,13.0335940814744,77.5040227981341
781,Andrahalli,13.0079033633759,77.4849448304382
782,Byadarahalli,12.98507034,77.48179644
783,Uttarahalli,12.9058525991,77.5418342371
784,Arehalli,12.9083351332347,77.5381509542543
785,Poornapragna Layout WATER TANK,12.9085253393419,77.5348750615729
786,Patalamma Temple Uthrahalli,12.9048136622,77.5298104808
787,Channasandra,12.902829754947,77.5214815091576
788,Indo american hybrid form,12.9032041126367,77.5166938895578
789,Adugodi,12.9056803115309,77.5019929455286
790,BGS Hospital,12.9069133989449,77.4993742991198
791,Ashrama Savandarbar,12.909583468,77.4927192181
792,Jn of Gollahalli Road,12.907564991502271,77.48881279090574
793,BWSSB Quarters,12.9397491,77.52345121
794,Okalipuram,12.9820035,77.56719739
795,Sujatha Talkies,12.9823967256,77.5619286764
796,Gopalapura,12.9804615532532,77.5577248352501
797,Rajajinagara 6th Block,12.97933,77.55366
798,Magadi Road TollGate,12.97367785,77.54997793
799,College Stop Gollarahatti,12.98588682,77.47827834
800,Gollarahatti,12.9884301,77.47284183
801,Kachohalli Cross,12.9904416,77.46899681
802,Chikkagollarahatti,12.99147704,77.46517338
803,Forest Gate,12.99166919,77.4591491
804,Machohalli Gate,12.99075432,77.4542291
805,Kadabagere gate,12.98893695,77.44883895
806,Mutturayaswamy Temple Magadi Road,12.99189169,77.44254141
807,Janapriya Town Ship,12.99886036,77.44269972
808,Srinivasapura,12.9899866161978,77.6549179491323
809,CGHS,12.9863732397957,77.6481509866533
810,CV Raman Nagara,12.9836770434171,77.6494214294464
811,HAL Main Gate,12.9582887688907,77.6679258791946
812,Kadugodi,12.99575161,77.75848498
813,Banashankari 3rd Stage 2nd Phase,12.9341514967,77.5398678426
814,Seetha Cricle,12.93733,77.54907
815,Bank Colony,12.9386027980497,77.5535439434632
816,Srinivasa Nagara,12.9382627772778,77.5565258272691
817,Kohinoor Ground,12.9472945724,77.5663816463
818,North Road,12.9482727405,77.5706345402
819,National College,12.94834,77.57379
820,Shivajinagar Bus Station,12.98402131,77.60339345
821,Maniksha Parade Ground,12.97739,77.60818
822,Commercial Street,12.9800684843,77.6096771937
823,Naga Talkies,12.9843198694,77.6116846595
824,Hockey Ground,12.9895304716959,77.6153896447591
825,Thomas Cafe,12.9910576846016,77.6140021786718
826,Sindhi Colony,12.99579,77.61678
827,Cocks Town,12.9974,77.62096
828,Coxtown Water Tank,12.9945985765912,77.6269619416357
829,Jeevanahalli,12.9948971559757,77.6288153011402
830,Jalahalli Cross Ayyappa Temple,13.0463522393,77.5223884732
831,Shetty Halli Cross,13.0503592081,77.5256972294
832,Jalahalli West,13.0535048526,77.5306450669
833,KG Halli Bridge,13.0538481093283,77.5329896053787
834,HMT Watch Factory,13.0488781258,77.5357087422
835,HMT Shopping Complex,13.04973,77.53734
836,HMT Post Office,13.0507095964794,77.5415766781096
837,HMT Auditorium,13.0493463840687,77.5447449818298
838,Jalahalli Police Station,13.0489268687584,77.5498851824908
839,State Bank BEL Circle,13.0493093748,77.5540997274
840,BEL Circle,13.045959738092,77.5565432327536
841,BEL Hospital,13.0491576623,77.5574077293
842,Nagaland Circle,13.0559651088,77.5578281656
843,Dodda Bommasandra Arch,13.0586166319099,77.5591223837166
844,Vidhyaranyapura 1st Block,13.0704167918683,77.5554490932497
845,Vidyaranyapura Post Office,13.0763217341,77.5581010804
846,Echal Mara Vidyaranyapura,13.0797215432911,77.5591685934261
847,Abbigere Village,13.07678123,77.5259556435
848,Abbigere,13.0725274869737,77.5236236031703
849,Abbigere Dinne,13.0711771392235,77.5277685623628
850,Abbigere Cross,13.0707920907022,77.5295611922577
851,Kammagondanahalli Temple,13.0637407629436,77.5306547046034
852,SRS Mathikere,13.0609400681796,77.5312537150357
853,KG Halli Post Office,13.0568340607,77.5327361841
854,KG Halli Bridge,13.0550436409221,77.534696929542
855,Jalahalli West,13.05296090688,77.5302724316238
856,Shetty Halli Cross,13.0500598066,77.5254900288
857,TVS Cross Peenya 2nd Stage,13.0281588586524,77.5189786542219
858,Nelamangala,13.09781176,77.39435376
859,TB Stop Nelamangla Road,13.09727411,77.40134266
860,Weavers Colony Nelamangala,13.094276351329476,77.40543426721194
861,Nursery,13.09029465,77.40924096
862,Binnamangala,13.08747502,77.41254238
863,Arishinakunte,13.08029459,77.42402231
864,Devanna Palya,13.07793031,77.4307192
865,Dasanapura,13.07538406,77.43640073
866,Adakamaranahalli,13.07070795,77.44490398
867,Makali,13.06579601,77.4536598
868,Madanayakanahalli,13.06125751,77.46130707
869,TCI Tumkur Road,13.05909673,77.46596618
870,Madavara,13.05673306,77.47472303
871,Anchepalya Nelamangla Road,13.05525801,77.47985503
872,Jindal,13.05399823,77.48329817
873,Chikka Bidarakallu,13.05248402,77.48740819
874,Morision Factory,13.0507814,77.49217817
875,Widia School Tumkur Road,13.04910399,77.49684171
876,Deepak,13.04730298,77.5017016
877,8th Mile T Dasarahalli,13.04522565620011,77.50835934429267
878,T Dasarahalli,13.0429667,77.51315975
879,Jalahalli Cross,13.03997892,77.51863784
880,Peenya 1st stage,13.03621356,77.52548776
881,S R S Jalahalli Cross,13.03473989,77.53006188
882,CMTI Goragunte Palya,13.0316378,77.53537182
883,Goragunte Palya,13.02882709,77.54031091
884,MEI Guragunte Palya,13.02654769,77.54441827
885,YPR RMC,13.0247064,77.54766623
886,Govardhan Talkies,13.01868,77.55338
887,Yeshwanthpura,13.01781347,77.55679377
888,Tata Institute Bus Stand,13.0142207264099,77.5665184377633
889,Kendriya Vidyalaya CPRI,13.01482246,77.57485012
890,Mekhri Circle,13.01463037,77.5846644
891,TV Tower Munireddy palya,13.00917837,77.59123183
892,Munireddy Palya,13.00669164,77.59285894
893,Jayamahal,13.0018609297,77.5944668055
894,CSI,12.98975151,77.59951372
895,Indian Express,12.98347217,77.59719154
896,Mahathma Gandhi Statue,12.9773957469,77.5990844797
897,MGRoad,12.9772992,77.60786411
898,Jalavayu Vihara,13.0209519413386,77.6369680246129
899,Kammana Halli,13.0176250264,77.6364562009
900,Kammana Halli Circle,13.0148083161697,77.6358658279342
901,Kullappa Circle,13.0139803713156,77.6394046255917
902,Maruthi School,13.0095707459973,77.6433097176117
903,Subbaianapalya,13.0075438708506,77.6409670658541
904,Indian Oil,13.0053949512704,77.6386475395901
905,Maruthi Seva Nagara,13.0024997772458,77.6345760669977
906,Jai Bharath Nagara,13.0015513815543,77.6307678770398
907,ITC,12.9985508323,77.6220733579
908,Coxtown Circle,12.9964672242702,77.6215204689683
909,Jeevanahalli Railway Gate,12.9941300757798,77.6291666942724
910,Kathalipalya,12.9924556806092,77.6376416822552
911,Isolation Hospital,12.9850673575399,77.6425119070313
912,Hero Honda,12.9545885883,77.6414761227
913,Central Silk Board,12.9165109154049,77.6210663884489
914,Ragigudda,12.9166900849591,77.5933496601074
915,Marenahalli Petrol Bunk,12.9168066166074,77.5887057706717
916,Srinagara,12.94413354425143,77.55429077911378
917,Sajjanrao Circle,12.9530191608,77.577323718
918,Okalipuram,12.9822041,77.56790264
919,Rajaji Nagara Entrance,12.984173862614,77.5571756916783
920,Bashyam Circle,12.984882744293888,77.55408166507414
921,Rajaji Nagar Old Police station,12.9892352111788,77.5542717624473
922,Rajajinagar ESI,12.9907001963087,77.5525134744742
923,Basaveshwara College,12.9944013538408,77.5526553249175
924,Canara Bank,13.0003932387422,77.5504913175261
925,Nagapura,13.0018364031973,77.5445533566896
926,Bheemajyothi Nagara Shankara Mutt,13.00174,77.54002
927,Kurubarahalli,13.000789652992,77.536062235684
928,Byatarayana Pura,13.0671682768,77.5934822671
929,SBM ATM,13.06654,77.59607
930,Amrutahalli,13.0657345534545,77.6007132555711
931,Jakkur Layout,13.0695,77.60158
932,18th Cross Srirampura,13.068805709219,77.6035392112272
933,Srirampura Cross,13.0666686737253,77.6096754790066
934,Srirampura,13.0658241179193,77.6201388447411
935,Mestripalya,13.0613128468,77.6204130705
936,Rachenahalli Hegde Nagar,13.0581614140036,77.6236002576182
937,Tanisandra,13.0560138576342,77.6323665476868
938,Ashwathanagara Nagawara,13.0524894756681,77.631312981118
939,Sarai Palya Nagawar,13.0472492563972,77.6285954656565
940,NAGAVARA JUNCTION,13.0405076374148,77.6245555082264
941,Hebbala Bridge,13.043678815969,77.5905063063303
942,Amrutahalli,13.0656375449018,77.6007677801963
943,Byatarayana Pura,13.0672668237534,77.5935926701177
944,Telecom Layout,13.0680022047907,77.6166164937984
945,Railway Gate,13.0711280362442,77.6185353452072
946,Shivarama karanth layout 17th Cross,13.069975,77.623031
947,Shivarama karanth layout 13th Cross,13.069324,77.624291
948,Shivarama karanth layout 10th Cross,13.069024,77.625482
949,SBI Bank,13.06827,77.62904
950,K NarayanaPura Cross,13.06756,77.63391
951,BDS Nagara,13.0658025644146,77.6430382812629
952,Kothnuru Bagalur Road,13.06156724,77.64892223
953,Byrathi Cross,13.0571188694482,77.648599301336
954,Byrathi,13.0563024753139,77.6518975480696
955,Kyalasanahalli,13.056329,77.658586
956,Bileshivale,13.0545162998129,77.671037691837
957,Rampura Cross,13.052328,77.682011
958,Rampura,13.0516841271732,77.6910736735482
959,Adur,13.0555486617376,77.7057161898944
960,Bidarahalli Cross,13.056858,77.715186
961,East Point College,13.0501722760853,77.7199771723208
962,Hirandahalli,13.0458262767489,77.7227164427867
963,Srirama,13.0395561135882,77.7296612725675
964,Avalahalli,13.0361526082358,77.7353818019942
965,Hebbala,13.0430135597,77.5900968164
966,Kodigehalli Gate,13.05772,77.59331
967,Sriramapura Cross,13.0666078105601,77.6096020911955
968,18th Cross Srirampura,13.0690466984065,77.603364171904
969,Government School,13.0773810420769,77.6060377924945
970,Jakkur,13.079371665682,77.6075778640694
971,Chokkanahalli,13.0847131927,77.627669787
972,Agrahara Layout,13.0985226280163,77.6273704948192
973,Bellahalli Cross,13.1020051427,77.634636825
974,Reva college,13.1174839246108,77.633930812172
975,Delhi Public School,13.1235980779784,77.6394693354367
976,Shrinivasapura Cross,13.1261258736936,77.6451571826122
977,Sathanur Colony,13.1279487324703,77.6465052322742
978,Sathanuru,13.1319567841,77.6474654954
979,Bagaluru,13.1347347982,77.6680451632
980,Yelahanka Satelite Town 5th Phase,13.10596804,77.57251698
981,Yelahanka Bakery,13.10708131,77.57586258
982,Government School,13.10330364,77.57682714
983,Mother Dairy,13.0994,77.57693
984,Yelahanka Satellite Town,13.09586,77.57913
985,Chikka Bommasandra,13.09422,77.58269
986,Sharavathi Hotel,13.09759,77.58419
987,Sheshadripuram College,13.09971085,77.58864113
988,Yelahanaka NES Office,13.0977866,77.59178063
989,Yelahanka Police Station,13.09403406,77.5943898
990,Allalasandra Gate Yalahanka,13.08668705,77.59387244
991,Aerodrum Devanahalli Road,13.07687,77.593
992,GKVK,13.07278,77.59274
993,Byatarayana Pura,13.06658,77.59335
994,Kodigehalli,13.05679568,77.59364486
995,Military Dairy Farm,13.0497349723588,77.5929638024944
996,Hebbal,13.03897751,77.58964847
997,Canara Bank,13.03599,77.5893
998,Veterinary College,13.03002086,77.58701231
999,Ganganagara,13.02601171,77.58554335
1000,Mekhri Circle,13.02011396,77.584102
1001,Munireddy Palya,13.00698881,77.59268213
1002,Contonment Railway Station,12.99385097,77.59725653
1003,CSI,12.98972419,77.59934214
1004,ISRO Layout,12.8988066874,77.5581368711
1005,Kumaraswamy Layout,12.9029328319262,77.5617779737325
1006,Kumaraswamy Layout Police Station,12.9056221996423,77.5628694161083
1007,Dayananda Sagar College,12.9095642430678,77.5652525401094
1008,Shasthri Bekary,12.9242411535,77.5734716468
1009,M M Industries,12.9290138092,77.5735209323
1010,Tata Silk Farm,12.9356233589,77.5737367664
1011,Basavanagudi Police Station,12.9413826822948,77.5736344556221
1012,Minarva Circle,12.9547395305482,77.5791981123759
1013,Tata Institute,13.01429778,77.56652334
1014,Sadashivanagara Police Station,13.0159061237548,77.5725968924735
1015,MS Ramaiah Hospital New BEL Road,13.0270482916074,77.5716743794484
1016,ITI Layout Dollars colony,13.0338575039,77.5686183572
1017,Devasandra,13.0361255515986,77.5665862242995
1018,Kuvempu Circle,13.0431934353,77.561235074
1019,Dodda Bommasandra,13.0601804144301,77.5587748940544
1020,Chamundeshwari layout,13.064751671571,77.5595117571555
1021,Canara Bank Vidyaranyapura,13.0721287066263,77.5562483155197
1022,BEML Gate,12.9716389719,77.6582970936
1023,GTRE,12.9758122863691,77.6555131757699
1024,GTRE,12.9836439765092,77.6491611509862
1025,NGEF Ground,12.9919357505,77.6517878752
1026,Sadananda Nagara,12.9944098368,77.6580273639
1027,Kasthurinagara,13.0027314850597,77.661035267609
1028,Jn Of Ring Road Channasandra,13.0132232263595,77.6627848272557
1029,Ramamurthinagar Police Station,13.0120903053287,77.6677964740646
1030,Alada Mara Ramamurthy Nagar,13.0115346653959,77.6769405044932
1031,Church RM Nagar,13.0117616652912,77.6787970856894
1032,ITI Circle,13.008053,77.683226
1033,ITI Gate,13.0055243628425,77.6846743054182
1034,JP Nagara 3rd Phase,12.9070150474821,77.6002130061659
1035,National College Basavanagudi,12.9493939426632,77.573590544037
1036,Mahila Seva Samaja,12.9536875337,77.5735108741
1037,Ramakrishna Hegde Nagara,13.072202364,77.6337613352
1038,Narayanapura Cross,13.0678198095694,77.6336955254445
1039,Tanisandra,13.0562459128959,77.633004081593
1040,Nagavara,13.0382056162,77.6235108543
1041,Glass Factory,13.0349031463,77.6229677908
1042,Govindapura Cross,13.0323106237,77.6219581068
1043,Railway Gate Kodugonahalli Police Station,13.0252460888592,77.6198005365459
1044,Kadugondanahalli,13.0206054642617,77.619054709347
1045,Venkateshapura,13.0159689570237,77.6178370749804
1046,Periyar Nagara Circle,13.0087520242312,77.6136008809619
1047,Doddi,13.00095316,77.6119322
1048,Coles Park,12.9954445816083,77.6084019713916
1049,Bamboo Bazaar,12.9917197691225,77.6022677704006
1050,CSI,12.98969803,77.59935748
1051,Indian Express,12.9834422873282,77.5971296221915
1052,MG statue,12.97726591,77.59921884
1053,Museum Kasturba Road,12.97385815,77.59576177
1054,St .Josephs high schools,12.97010207,77.59441651
1055,Pallavi Theatre,12.96779334,77.59094079
1056,Corporation,12.96680019,77.58803957
1057,super talkies,12.9676974658,77.5702503975
1058,Royan Circle,12.9611695558,77.5688594207
1059,Chamarajapete,12.9561053775,77.567516556
1060,Bangalore High School,12.9533929937,77.5676280353
1061,Ramakrishna Ashrama,12.9493952449,77.5677755568
1062,Hanumantha Nagara Ward Office,12.9432467982958,77.5658657406716
1063,Subramanya temple,12.9416300320398,77.5620185875235
1064,Nirmala Stores,12.941532,77.559671
1065,Muneshwara Block,12.9423299711,77.5486286078
1066,Mahathma Gandhi Statue,12.9767147172,77.6000152063
1067,Shivajinagar Bus Station,12.9834606654239,77.6030772824109
1068,Cottonpet Hospital,12.962238129517214,77.56915562218626
1069,Ramakrishna Ashrama,12.9467992266916,77.5678327699212
1070,Avalahalli BDA Park,12.9432863463,77.5430342741
1071,Hunase Mara Banashankari,12.921023,77.573318
1072,Deepak Nursing Home,12.926572242045216,77.57694275825122
1073,Yediyur,12.93032021,77.57629689
1074,Nanda Talkies,12.93233559,77.58004768
1075,Central,12.9896777496,77.5717054121
1076,Malleshwaram Circle,12.9966772255,77.5679794047
1077,navarang talkies,12.9973828189896,77.5486986129093
1078,Modi Hospital,12.9973027162532,77.5455910745124
1079,Shankar Mutt,12.998839750063,77.5417202418846
1080,Kamalanagar Water Tank,12.9958757216419,77.5400842530868
1081,Kamalanagar 8th Main,12.9920147918,77.5386458449
1082,Old Bus Stop,12.9919551127,77.534378618
1083,Kamalanagar BEML layout,12.9927798919,77.5306286383
1084,Bidadi,12.7973839827,77.3847758956
1085,Railway Station Bidadi,12.7997756334647,77.3908267311295
1086,Byramangala Cross,12.8021537372,77.3979022506408
1087,MEDANAHALLI,12.7891754206571,77.3985443012102
1088,BAIRAVANA DODDY,12.7863411426696,77.3999205919035
1089,COCO COLA,12.7812492382,77.4039722979
1090,Innovative Film city,12.7796387393,77.4050292559
1091,Abbanakuppe,12.77390060322,77.40965911479
1092,DEPOT-36,12.7692484577991,77.4133322552264
1093,Byramangala Lake,12.77609,77.42027
1094,Kiabd 2nd Phase,12.79544,77.4234
1095,Eagleton Gate,12.8107021563,77.4160248041
1096,Kadumane Hotel,12.815,77.40724
1097,Billakempana Halli,12.8120655113053,77.4040384236135
1098,Byramangala Cross,12.8035066277,77.3984627891
1099,Railway Station Bidadi,12.7994730218253,77.3907259064491
1100,Bidadi,12.796598093641,77.3845269239009
1101,Byramangala Cross,12.8036132455,77.398157604
1102,Billakempana Halli,12.8122179415847,77.403921068496
1103,Kadumane Hotel,12.81533,77.40741
1104,Eagleton Gate,12.8105204859341,77.416443053417
1105,Kiabd 2nd Phase,12.79545,77.4235
1106,Depot-36,12.7687,77.41456
1107,Abbanakuppe,12.7738241550394,77.409585848663
1108,Coco cola,12.7812764363398,77.4037549092797
1109,Bairavana doddy,12.78633156525,77.3997806076572
1110,Medanahalli,12.7892012335,77.3983486276
1111,Byramangala Cross,12.802144527597,77.3970369760088
1112,Bagaluru,13.13447135,77.66782129
1113,Chocolate,13.12232626,77.66836049
1114,Hosur Bande,13.10607078,77.66086757
1115,Kannuru,13.09290093,77.65453705
1116,Ambedkar Bhavana,13.06466139,77.65192386
1117,Byrathi Cross,13.056926,77.64826829
1118,Narayanapura Cross,13.05288197,77.64614024
1119,Geddala Halli,13.04827874,77.64535962
1120,Hennur Bande,13.03679271,77.64096335
1121,Hennuru Ring Road,13.02837,77.63323
1122,Jyothi School Lingarajapura,13.01530843,77.62893732
1123,Lingarajapura,13.01227979,77.62584216
1124,Tollgate,13.00611087,77.62099567
1125,Davis Road,13.00327714,77.61891665
1126,Clarence School,13.00274665,77.61656645
1127,Jambu Savari Dinne,12.8656245678453,77.5808891298518
1128,Jayanagara 38th Cross,12.9209943395,77.5837977324
1129,SHANTHI NAGAR BUS STAND,12.95456807,77.59249914
1130,Indian Express,12.983984000303,77.5974343131699
1131,Munireddy Palya,13.00824579,77.59165177
1132,CIL,13.0103913601,77.5910808519
1133,RT Nagara Police Station,13.0256700978369,77.5930192334379
1134,HMT Layout,13.0249592364514,77.593594777516
1135,Dinnur,13.0241678489644,77.5981132497219
1136,Pushpanjali Talkies RT Nagar,13.022307845578,77.6024152698737
1137,Sulthan Palya,13.0266385256149,77.6040001609487
1138,Manorayanapalya cross,13.0285303879173,77.6044859301562
1139,Kanakanagara(Goutam College),13.0348830829057,77.6045899188902
1140,Vishwanatha Nagenahalli,13.0395547315846,77.6050150681079
1141,Rose Garden Jayanagara,12.92761,77.57998
1142,Nanda Talkies,12.934051,77.5800584
1143,Kadirenahalli Park,12.9176577398307,77.5643327485455
1144,Jayanagara 8th Block,12.92403,77.58002
1145,Umara Bhagh Layout,12.90703,77.57084
1146,Shanthi Nagara Bus Station,12.95479395,77.59255908
1147,Halasuru,12.9796702298149,77.6295943169236
1148,BMTC Depot-6,12.9826290936245,77.635135756108
1149,Binnamangala,12.9836029758701,77.6391903270574
1150,Isolation Hospital,12.9849495980701,77.6427095284437
1151,NGEF,12.9879376258032,77.6500322780632
1152,Srinivasapura,12.9901685521578,77.6547264940007
1153,Benniganahalli,12.994148,77.663118
1154,Tin Factory,12.99687,77.66919
1155,ITI Calony Gate,13.0055479715034,77.6855542782571
1156,KR Puram,13.0083665041283,77.6953354634551
1157,KR Puram New Layout,13.0118662393371,77.6986945684485
1158,Tambuchettipalya Gate Hoskote Road,13.0174613539783,77.7048759714832
1159,Bhattarahalli,13.0202438732249,77.7095559421172
1160,SJES College,13.0239053854788,77.7159198926809
1161,Medahalli,13.02632,77.72021
1162,Sheni Mahatma Temple,13.0326085594001,77.7310426956098
1163,Avalahalli,13.0360478827048,77.7358519222985
1164,Cheemasandra Gate,13.0401769820981,77.7416344267678
1165,Budigere Cross,13.047305320226,77.7516547257701
1166,Kattumnallur Gate,13.0537691256995,77.7618606324826
1167,Hosakote Kodi,13.056191074332,77.7668259504131
1168,Hosakote High School,13.0713698199921,77.7852649839248
1169,Channabyregowda Circle Hosakote,13.072137869869,77.7867491624064
1170,Hosakote Bus Stand,13.0787635246286,77.788108360884
1171,Maratahalli Bridge,12.95676878,77.70222784
1172,HAL Kalyanamantapa,12.9543323,77.6824257
1173,Helicopter Division,12.9568766,77.67463456
1174,HAL Main Gate,12.9591459753161,77.6662689188184
1175,Police Housing Corporation,12.9693389567821,77.6160666387365
1176,Pallavi talikes,12.9679567997072,77.5915412577218
1177,Magadi Road 1st Cross,12.97565216,77.56277996
1178,Magadi Road 5th Cross,12.97566254,77.56049596
1179,Magadi Road 10th Cross,12.97558515,77.55696579
1180,Magadi Road TollGate,12.9745812502025,77.5486207406268
1181,Sunkadakatte,12.9892340954,77.5058480445
1182,Annapoorneshwari Nagara,12.9805590771,77.506865859
1183,Makkalakoota,12.95718505779,77.5727574785268
1184,Sirsi Circle,12.960227737987069,77.5592850522994
1185,Binni Pete,12.9644140229,77.5615108386
1186,Binni Mill,12.970804302,77.5664395653
1187,Prasanna Talkies Magadi Road,12.9760781117,77.5525075011
1188,Rajajinagara 6th Block,12.9792790872393,77.5534746370936
1189,Rajaji Nagar 1st Block,13.004485,77.548936
1190,Mahalakshmi Layout Entarence,13.0083720384226,77.5486949965855
1191,ISKCON TEMPLE,13.0117345601,77.5514051132
1192,Government Soap Factory,13.01339,77.55381
1193,Govardhan Talkies,13.01963014,77.55275121
1194,YPR RMC,13.02413089,77.54796652
1195,Sangam Circle,12.9178318474,77.5778931845
1196,Kumaraswamy Layout 2nd Stage,12.9058814328,77.5580187701
1197,Water tank kumaraswamy layout,12.9085342318209,77.5616586352955
1198,Padmanabha Nagara Rock,12.9185465723,77.5574022811
1199,Padmanabhanagara Circle,12.91696,77.55939
1200,Hosakerehalli Cross,12.9323689967086,77.5451669408954
1201,Water Tank,12.9304514208294,77.5474492413312
1202,Banashankari 3rd Stage 3rd Phase,12.9278834257,77.5511238165
1203,Chennamma kere Achukattu,12.9283355456,77.5567042362
1204,Chennamma kere Achukattu park,12.9261805583,77.5535514671
1205,Jaraganahalli House Building Co-Op-Society Layout,12.9111157637,77.5644614361
1206,JHBCS Cross,12.912998,77.564794
1207,AGS Layout,12.9123135846327,77.5371301038869
1208,AGS Layout Cross,12.9135427803658,77.540854836341
1209,VB BAKERY,12.9194050143413,77.5421845639245
1210,Srinivasa Kalyana Mantapa,12.9262316879,77.5445174519
1211,Hosakerahalli village,12.9301350846743,77.5396913184673
1212,Minaz Nagara,12.9121157248,77.561911745
1213,Vasantha Nagara Ambedkar Bhavan,12.99286195,77.59507843
1214,JC Nagara,13.00384568,77.59357715
1215,Aralimara Sulthanpalya,13.02474753992,77.6033484627041
1216,Sulthan Palya,13.026588323118,77.6039092579361
1217,Mathikere,13.034203,77.557762
1218,Mathikere Post Office,13.0294036534176,77.559359366379
1219,Kamala Neharu Extension,13.0256143212,77.5576726813
1220,Yeshwanthpura Market,13.0203825049,77.5558357872
1221,Yashwanthpura Circle,13.01879,77.55781
1222,Tata Institute,13.013539809454691,77.5667903279915
1223,Malleshwaram 18th Cross,13.0099845663607,77.5691493270388
1224,Malleshwaram 13th Cross,13.0041925993768,77.5693009275379
1225,Malleshwaram 8th Cross,13.0002084124843,77.5694181394887
1226,Malleshwaram Circle,12.9972772462286,77.5695200573088
1227,Link Road,12.994235933493,77.573859287467
1228,Khodays Circle,12.9802700691,77.5714582298
1229,Basavanagudi Police Station,12.94159052,77.57391823
1230,Netakallappa Circle,12.9392398149,77.5718727987
1231,Nagasandra Circle,12.9369383119,77.5722011179
1232,Tata Silk Farm,12.9359192932964,77.573890649273
1233,M M Industries,12.9290114623,77.5736939348
1234,Shasthri Bekary,12.9228701568487,77.573709223858
1235,DELMIA,12.906099008317,77.5951041008853
1236,Vasantha Nagara,12.98842963,77.59379337
1237,Harris Road,12.99953576,77.60962213
1238,Canara Bank,13.0069008388731,77.6124936444004
1239,Periyar Nagara Circle,13.0086558657779,77.6133395870079
1240,P&T Kadugondanahalli Police Station,13.0206814874,77.6189611573
1241,Railway Gate Kodugonahalli,13.025231169398,77.6196882067152
1242,Govindapura Cross,13.0321925641128,77.6218233442182
1243,Glass Factory,13.033923218,77.6225137431
1244,Nagavara Junction,13.0408325883215,77.6244468468479
1245,Ashwathanagara Nagawara,13.0522765685,77.6310462691
1246,BOOK FACTORY,13.0617227839202,77.6331978527418
1247,Narayanapura Cross,13.0679529512334,77.6335242330415
1248,Ramakrishna Hegde Nagara,13.0723393381428,77.6337694748932
1249,Petrol Bunk,12.916678,77.561134
1250,Shanthi Talkies,12.93688,77.57537
1251,Jayanagara 8th Block,12.9244893132364,77.5779493793113
1252,Jayanagara 7th Block,12.9276370258305,77.5780067328141
1253,Jayanagara 6th Block,12.9309249873242,77.578325048991
1254,Town Hall,12.96392,77.58384
1255,Fayazabad,12.90354,77.56807
1256,Jn of ilyas Nagara Road,12.9082864523,77.5703703426
1257,MG Statue,12.97595924,77.59818362
1258,Indian Express,12.983809606449,77.5964319279281
1259,Jayanagara Bus Stand,12.9298503909929,77.5861388739407
1260,MICO Layout,12.9141364,77.60011068
1261,Weavers Colony,12.8443771056491,77.5834808500883
1262,Maruthi Layout,12.8400455229,77.5807178859
1263,Bilwarada Halli,12.836081202926,77.5766903834973
1264,Shanubhogana Halli,12.8266414348,77.5613695197
1265,Kenchanayakanadoddi,12.8199368925072,77.5563905596323
1266,Byatarayana Doddi Cross,12.8164126390823,77.5507744902285
1267,Jalahalli Cross,13.0409954488,77.5189170241
1268,Gangamma Circle,13.0580927711,77.5462521706
1269,BEL Circle,13.04553,77.55652
1270,Kuvempu Circle,13.0439597089,77.5613900553
1271,Devi Nagara,13.046998987,77.5688182656
1272,Bhadrappa Layout,13.0476054956294,77.5763834537238
1273,Hebbala Bridge,13.0427339497266,77.5918778389827
1274,Kempapura,13.0437742174,77.6009187754
1275,Veeranna Palya,13.04211,77.61355
1276,Manyatha Tech Park,13.04107,77.62088
1277,Jn of Nagavara,13.0404693823867,77.6239432170137
1278,HBR Layout,13.03413,77.62895
1279,Jn of Hennur Cross,13.0293492135,77.6312559843
1280,80 Feet Road Kalyan Nagara,13.0252905853788,77.6405366736548
1281,Babusab Palya,13.0224128976245,77.6473376147958
1282,Horamabu petrol bunk,13.0194132923092,77.6543329081788
1283,BChannasandra,13.0112797581,77.6622782461
1284,Jn of Kasturi Nagara,13.00403,77.66316
1285,Tin Factory,12.9975237300531,77.6701248952823
1286,KR Puram Railway Station,12.9998897774164,77.6762811951645
1287,B Narayanapura,12.9964727908,77.6834268775
1288,Mahadevapura Cross,12.9886376392,77.6889819
1289,EMC2,12.9823997082408,77.6927989865896
1290,Dodda Nekkundi,12.9798140097,77.6944025606
1291,Karthik Nagara,12.9683893919,77.7013375796
1292,Kala Mandir Marathalli,12.95962804,77.7013954148
1293,Ashoka Pillar,12.9435617756,77.5848385133
1294,Byrasandra,12.9328476079,77.5894145295
1295,Lalbagh West Gate,12.9481872835549,77.5790070224237
1296,Sajjan Rao Circle,12.95233292,77.57637857
1297,Basappa Circle,12.9556281,77.57703531
1298,Krishnarajendra Market,12.963684,77.577179
1299,Chandapura,12.8020568891727,77.7047334003454
1300,Hennagra Gate,12.8071208764087,77.6987066951118
1301,BTL College,12.8108153102898,77.6957207283452
1302,Bommasandra,12.8183296805057,77.6898556447398
1303,Hebbagodi,12.8271580607569,77.6824885723748
1304,Huskur Gate,12.837271878598,77.6789832217516
1305,Veerasandra Gate,12.8397195181625,77.6773380844436
1306,Electronic City,12.848213017,77.6707657613
1307,Konnappana Agrahara,12.8541179001,77.6661175769
1308,PESCollege,12.85872647,77.6624131
1309,Hosa Road,12.87069872,77.65292842
1310,Singasandra,12.87873262,77.64657216
1311,Kudlu Gate,12.889887,77.6396839
1312,Garvebhavi Palya,12.89627974,77.63574793
1313,Bommanahalli,12.90534806,77.63018404
1314,Roopena Agrahar,12.91189777,77.62612268
1315,Madiwala Police Station,12.9200474252829,77.6207184867769
1316,Mosque,12.92582,77.61726
1317,StJohns Hospital,12.92870787,77.61535862
1318,Jn of Hosur Road,12.9319622274,77.6131606288
1319,Muneshwara Temple,12.9360472915805,77.607119230087
1320,Nimhans Hospital,12.9385107967042,77.5982451113375
1321,Lakkasandra,12.9443162720631,77.5969624795202
1322,Shanthi Nagara Bus Station,12.95516753,77.59279001
1323,MEI Guragunte Palya,13.02639399,77.54394798
1324,Goragunte Palya,13.0286869,77.53990578
1325,CMTI Goragunte Palya,13.03046443,77.53663904
1326,SRS Jalahalli Cross,13.03422844,77.53034623
1327,Peenya 1st stage,13.03541374,77.52633088
1328,Jalahalli Cross,13.03825145,77.52110322
1329,MEI Layout,13.0606851347828,77.500982709605
1330,BTM Layout South,12.9077279661,77.6110316254
1331,Mahadeshwara Nagara 16th Main,12.909788994037,77.6098849651422
1332,BTM 16 th Main Hopcoms,12.919372,77.610187
1333,Nayanappa Shettipalya,12.908627,77.603704
1334,BTM Layout 7th Main,12.913952,77.609999
1335,Rajarajeshwari Temple,12.926807,77.51102
1336,PES College,12.9351970926997,77.5368772750804
1337,Monotype Corporation,12.92146,77.56975
1338,Cauvery Nagara,12.919774,77.569262
1339,Yarab Nagara,12.91552111266494,77.56969470548631
1340,Ragigudda,12.9168999954966,77.5931451942764
1341,BTM water Tank,12.9167048167,77.6067416836
1342,Bellandur gate,12.9249790321239,77.6740340588659
1343,New Horizon College,12.93545,77.6911
1344,Multiplex Marathahalli,12.95156,77.6997
1345,Narayanappa Shettipalya 18th Cross,12.909503,77.606497
1346,Balajinagara,12.928055,77.604467
1347,MDBlock,12.9943068702855,77.5691856685643
1348,Malleshwaram 8th Cross,13.0002598185,77.5653680228
1349,Malleshwaram 18th Cross,13.0094678039576,77.5627812451247
1350,Mysore Lamps,13.0143565871,77.5599701609
1351,Yeshwanthpura Circle,13.0177675188,77.5579787884
1352,JPNagara 6th Phase,12.9057231407013,77.5856660983534
1353,NRColony,12.9379618261,77.5689703133
1354,Thyagaraja Nagara,12.93244215532,77.5678203537628
1355,Dattatreya Temple,12.93441,77.56585
1356,Thyagaraja Nagara,12.9324289318,77.5676909834
1357,KEB Thyagaraja nagara,12.9348085968025,77.5682849666055
1358,Nanjundeswara traders,12.933690995,77.5420539267
1359,Hosakerahalli Cross,12.9329958965837,77.5454219402266
1360,Lalbhag West Gate,12.9483880755,77.5790317822
1361,ITI Colony Vidya peeta circle,12.933411,77.557649
1362,Muneshwara nagara Kerekodi,12.9294365924,77.5350315683
1363,Muneshwara Temple,12.93043,77.53386
1364,D Souza Nagara,12.9319050718887,77.5328532557067
1365,Veerabhadranagar,12.93805,77.53366
1366,Urvashi Talkies,12.95557,77.58563
1367,Krishnappa Layout,12.9230048228,77.5295943115
1368,Muneshwara nagara Kerekodi,12.9294627888349,77.5346745383929
1369,Kamakya Talkies,12.924105587702,77.5522527764731
1370,Katriguppe Village,12.92773,77.55124
1371,Water Tank,12.929977883082,77.5478110938124
1372,Kempegowda Swimming Pool,12.9483603314,77.559123924
1373,Gavigangadeshwara Temple,12.9491561146686,77.5627259047386
1374,Girinagar Cross,12.9432856466578,77.5444943025862
1375,Girinagara Circle,12.9411146817542,77.5450312175464
1376,Muneshwara Block,12.9449522495,77.548755426
1377,Kalidasa Layout,12.94844524,77.5527819246
1378,Telecom Colony Cross,12.9484228604,77.5493590906
1379,Avalahalli New BDA Layout,12.9434504639,77.5367844757
1380,Srinagar,12.9443970240362,77.5547207401687
1381,Timber Yard Layout,12.9483529553,77.543383548
1382,Girinagara Cross,12.943108,77.544869
1383,Kathariguppe Aralimara,12.931692,77.555362
1384,Nanjundeshwara Traders,12.93343,77.54201
1385,Pramod Layout,12.9362003691,77.5278672203
1386,ANJANEYA TEMPLE,12.9384748448882,77.5288206925582
1387,Shaneshwara Temple,12.9261265019675,77.5313082136056
1388,Haridasa Nagara,12.91845,77.5273
1389,High Ground Police Station,12.9854600597,77.5884196814
1390,Mount Carmel College,12.9929618568918,77.5887262069512
1391,Ganashe Temple Vasantha Nagara,12.9949759341387,77.5927390663627
1392,Contonment Railway Station,12.9940133728,77.5955065805
1393,Jayamahal  extention,13.0004311526318,77.5946763903195
1394,CIL TV Tower,13.0102225979893,77.5910742362013
1395,RT Nagara Post Office,13.02069,77.5929
1396,RTNagara,13.0197057587105,77.5960274614116
1397,Bhuvaneshwari Nagara Mahalakshmi Temple,12.9218021873,77.5509362295
1398,Bhuvaneshwari Nagara PARK,12.9227835581615,77.5490759932139
1399,Janatha Bazar,12.9281432677927,77.5458704498577
1400,Banashankari 3rd Stage 3rd Phase,12.9256471263671,77.5492223553638
1401,Dattatraya Nagara Temple,12.9232955004409,77.5404060947052
1402,VB Bakery,12.91954,77.5421
1403,Ittamadu,12.9240384791,77.5436442252
1404,Bata Showroom,12.9237274267,77.5692327507
1405,Brudavana Nagara Jinke vana,12.950452828846,77.5554564623837
1406,Vittala Nagara,12.9541313555,77.5568519253
1407,T R Mill,12.95689,77.55929
1408,Chamarajapete Ramamandira,12.95704558638,77.5628821027811
1409,Chamarajapet,12.9570466653,77.566900989
1410,Sirsi Circle,12.96005,77.56211
1411,Raghavendra Colony,12.9566096797276,77.5589813678407
1412,Vittala Nagara,12.9546479322,77.5571499858
1413,Brundavananagara Jinke Park,12.950606,77.555413
1414,Vidhana Soudha,12.9805501085,77.5932044908
1415,Raghavendra Colony,12.9577589594,77.5595569331
1416,Bangalore City Railway Station,12.97831,77.570785
1417,Okalipuram,12.983276920535,77.568042070416
1418,Gandhi school,12.9880551012872,77.5678314308174
1419,Srirampura BashyamNagara,12.9915373586,77.5677880459
1420,Chowdeshwari,12.994978498453,77.5663156507529
1421,Malleshwaram Railway Station,13.0008043357593,77.5631606206437
1422,Railway Gate,13.004223752732,77.5612361366242
1423,Milk Colony,13.0088342046091,77.5597149904289
1424,Kirloskar,13.0147390651087,77.5563131419879
1425,Government Soap Factory,13.0130909197,77.5544962753
1426,Yeshwanthpura Railway Station,13.0218206277349,77.5531870590001
1427,Vinayaka Nagara,12.9610147997741,77.5509060021018
1428,Goripalya Cross,12.960152328,77.5549818389
1429,Kempapura Agrahara,12.9691264179433,77.5545455851508
1430,KP Agrahara 16th cross,12.9695554823,77.5565818604
1431,Kempapura Railway Gate,12.9686207055788,77.5592572235649
1432,Binni Pete,12.9645654560795,77.5618709051194
1433,Guddada Halli Mysore Road,12.9556566495,77.54631463739
1434,Saraswathi Nagara Vijayanagara,12.9719415151859,77.5291726225653
1435,Prashanthanagar,12.9756097691131,77.5311374120476
1436,Govindaraj Nagara,12.975532060959948,77.53659428804019
1437,Vijayanagara,12.9718423169,77.5378719438
1438,Maruthi mandira,12.9676027503,77.5363256503
1439,Vijayanagara TTMC,12.9637070093,77.5345491059
1440,Marenahalli,12.9699581489,77.5321226288
1441,Nayandahalli Railway Gate,12.9466993372544,77.5258822031766
1442,Gangondahalli Mazeed,12.9495830834,77.5267696101
1443,Gangondahalli Church,12.9511681013,77.5270116795
1444,Gangondahalli Water Tank,12.9527417198,77.5272909645
1445,Chandra Layout,12.95806,77.52662
1446,Chandra Layout 1st Stage,12.9530321527,77.5216930266
1447,Siddaganga School,12.9545313299145,77.5225990828419
1448,Jyothi Nagara 6th Cross,12.9573769738107,77.5233423666524
1449,Chandra Layout 14th Cross,12.958928707613,77.523609942582
1450,Sirsi Circle,12.961393526795597,77.55920458602907
1451,Chamarajapete Ramamandira,12.9569348540927,77.5641503770337
1452,Southend Circle,12.936839154,77.5770568382
1453,Madhavan Park,12.9367980827,77.5833769608
1454,Jayanagara 3rd block,12.933866512,77.5840092078
1455,Jayanagara 18th Main,12.9241147077254,77.5896605566286
1456,Jayanagara T Block,12.9229745645214,77.5935297377275
1457,Jayanagara 9th Block,12.91722,77.58934
1458,Chandra Layout,12.9592077713,77.5267686881
1459,Magadi Road TollGate,12.97463973,77.54896384
1460,Prasanna Talkies Magadi Road,12.97553897,77.5531015
1461,Magadi Road 10th Cross,12.975751,77.556993
1462,Magadi Road 5th Cross,12.97582286,77.56069423
1463,Magadi Road 1st Cross,12.9745950177,77.5660564285
1464,Binni Mill,12.9703019468099,77.5661966810036
1465,Sirsi Circle,12.96108,77.559898
1466,Water Tank Raggigudda,12.91375,77.59506
1467,Milk Booth,12.9099139764559,77.5951926164759
1468,Dalmia JP Nagara,12.9062888771,77.595456792
1469,TR Mill,12.9575185455228,77.5592085618739
1470,Sirsi Circle,12.96015,77.55922
1471,Magadi Road 1st Cross,12.975219721,77.5652093533
1472,Prasanna Talkies Magadi Road,12.97403347,77.55134516
1473,Manu Vana Vijayanagara,12.9734883908216,77.5415388345323
1474,Income Tax Layout,12.9598049376605,77.5316086538841
1475,Chandra School,12.9602579432017,77.5296028567293
1476,Ganesha temple ChandraLayout,12.9576966818,77.5286941789
1477,Jayanagara 9th East,12.91697,77.59696
1478,Unani Hospital,12.9821710847,77.5371394493
1479,Basaveshwara Nagara Circle,12.9879388816386,77.5371124751643
1480,Basaveshwara Nagara,12.9885625374,77.533686189
1481,Koramangala,12.92485611,77.63477835
1482,Vijayanagara TTMC,12.9643944677178,77.534366429791
1483,Subbanna Garden,12.9646096697614,77.5322236188249
1484,Vinayaka Layout,12.9654538179733,77.5302955885118
1485,GKW Layout,12.96816,77.52852
1486,GANGOTHRI CIRCLE,12.9196796856188,77.6128797394207
1487,Jaibheemanagara,12.9194895364,77.6151147019
1488,Basavanagudi Police Station,12.9415924516287,77.573905008301
1489,MINERVA MILL,12.97955568,77.5644673
1490,Vijayanagara,12.9731889114907,77.5379243681713
1491,Govindaraj Nagara,12.9754917821528,77.5366247087963
1492,Prashanthanagar,12.9756273740515,77.5312707602498
1493,Jn Of BCC Layout,12.95483,77.53493
1494,BCC Layout,12.95141,77.52994
1495,Chandra Layout,12.958299635051,77.5259712932661
1496,Chandra Layout 14th Cross,12.95892008107,77.52368517082
1497,Jyothi Nagara 6th Cross,12.9573436001453,77.5234292870243
1498,Siddaganga School,12.9544013008117,77.5226600503157
1499,Jyothi Nagara,12.95927,77.52169
1500,Vidyagiri Layout,12.9554912018619,77.5211784479873
1501,Rajajinagara ESI Hospital,12.9914277233,77.5525558647
1502,Navarang Talkies,12.9979069267435,77.5512900296054
1503,Mariyappana Palya,12.9986799974,77.5563046709
1504,Harishchandra Ghat,12.99722,77.56062
1505,Devaiah Park,12.99642,77.56406
1506,Malleshwaram Circle,12.9968717694,77.5688398071
1507,Swastik,12.9887115977005,77.5751610558979
1508,RC College,12.98418,77.58711
1509,Avinasha Petrol Bunk,12.9904147703,77.5889500882
1510,CSI,12.9895529148129,77.5993175619863
1511,Indian Express,12.98419508,77.59868865
1512,Vinayaka Layout,12.9655021140522,77.5304299921948
1513,Hampinagara RPC Layout,12.9588715732,77.5354763959
1514,Hampinagara 7th Cross,12.9621371627,77.5375233404
1515,Ganesha Temple,12.96512,77.53811
1516,CSI,12.98965218,77.59936485
1517,Basaveshwara Nagara,12.9874479119,77.5374785811
1518,Unani Hospital,12.9822098091,77.5372959394
1519,Magadi Road Dasarahalli,12.97851079,77.54320367
1520,Nanda Talkies,12.93260362,77.58022046
1521,Rose Garden Jayanagara,12.92805,77.58039
1522,Jayanagara 8th Block,12.92397,77.58041
1523,Basaveshwara Nagara Circle,12.987689835059,77.5387020693498
1524,Dasarahalli Kere,12.98521447,77.5444130972
1525,Jn Of 1st Main 4th Cross,12.9847394023708,77.5472537794121
1526,Dhobhi Ghatt,12.98758,77.55089
1527,Rajaji Nagara Ramamandira,12.98607,77.55636
1528,Malleshwaram 18th Cross,13.0086,77.56854
1529,Bashyam Circle,12.9838118957808,77.5541112827164
1530,Vinayaka Nagara Nayandahalli,12.945752,77.51988
1531,Mahalakshmi Layout,13.0118465396922,77.5441265691379
1532,Srinivasa Temple,13.0084798570855,77.5442982601023
1533,Mahalakshmi Layout Entarence,13.0078197749519,77.5481991277733
1534,Rajaji Nagar 1st Block,13.003786169,77.5500612427
1535,Canara Bank Rajaji Nagara,13.0011337399243,77.5504613477858
1536,Navrang Talkies,12.9961142968,77.5514678936
1537,Basaveshwara College,12.9942033067,77.5527288672
1538,Rajaji Nagara ESI Hospital,12.9917069852416,77.5526744266124
1539,Old Police Station ESI,12.9899264406,77.5548432861
1540,Rajaji Nagar 1st Block,13.0044509377,77.5491719227
1541,Rajaji Nagara Ramamandira,12.9864103999,77.5562910922
1542,Nandhini Layout Bus Station,13.0113902461673,77.5357934401913
1543,Saraswathipura,13.0091701125287,77.5382658740811
1544,Mahalakshmi Layout Cross,13.00839,77.54265
1545,Vidhanasoudha Layout,13.0156606178598,77.5234808020206
1546,Laxmidevi Nagar,13.0155748129,77.5261843018
1547,Sanjay Gandhi nagar,13.0187222175,77.5262234453
1548,Sonal Garments,13.0214915983,77.527086027
1549,Jn Of Kanteerava Studio,13.021691295099,77.5352705064593
1550,Krishnananda Nagara,13.0184801482,77.5408464298
1551,Jai Bhuvaneshwari Nagara,13.0147913433517,77.530837728718
1552,SSVB Bakery,13.01406,77.53276
1553,Ramakrishna Nagara,13.01764,77.53422
1554,Rajaji Nagara Entrance,12.9843407404,77.5573187973
1555,Sujatha Talkies,12.982729109381612,77.56237505534818
1556,Okalipuram,12.98271967,77.56864883
1557,Iskcon Temple,13.01156,77.55136
1558,Mahalakshmi Layout Entarence,13.0077442702257,77.5488783794804
1559,Yeshwanthpura TTMC,13.0177657,77.5567529
1560,GKW,13.0095800898435,77.5545782093662
1561,East West College,13.0054838437853,77.5568257181964
1562,Subramanyanagara,13.0047525093596,77.559979851609
1563,Railway Gate,13.0042320809432,77.5613209187739
1564,Ramamandira Gayathrinagar,13.0012440239689,77.5607625854414
1565,Gayathrinagara,12.998952332934,77.5601528052075
1566,Bandi Reddy Circle,12.991436692,77.5640730187
1567,Gandhi school,12.9886659461657,77.5666020762526
1568,Link Road,12.993803,77.573942
1569,Mahalakshmi Layout Cross,13.00838,77.54262
1570,Laggere Arch,13.001810303,77.5253277551
1571,Muneshwaranagara Nandini Layout,13.0118719395,77.5286963582
1572,Jai Bhuvaneshwari Nagara,13.01487,77.53055
1573,Rajkumar Samadhi,13.0180200655,77.5315270945
1574,Geleyara Balaga AGB Layout,13.0059110653,77.5411473401
1575,Nandini Talkies,13.0032350112938,77.5438159583709
1576,Shankar Mutt,12.9990367900299,77.5419547818341
1577,Nagapura,13.0022260588858,77.544881022172
1578,Malleshwaram Railway Station,13.00065,77.56331
1579,Jai Maruthi Nagara,13.00992260633246,77.5326776371353
1580,Nandhini Layout Quaters,13.010934,77.534536
1581,Foreman Training Insititue,13.0247450341,77.5340353791
1582,Krishnananda Nagara Mahalakshmi Nagara,13.018594142,77.5397372525
1583,Ravi Badavane,13.0067189962495,77.5325646063626
1584,Bakery Nandini Layout,13.0138247456218,77.5333387048357
1585,Laggere Arch,13.0029153731,77.5261352677
1586,Sakammana Badavane,13.0087406281,77.5305145606
1587,Nandini Layout Quarters,13.01239,77.53736
1588,Ashraya Nagara,13.01632,77.53209
1589,Rajkumar Samadhi,13.0186689086,77.5320132449
1590,Ramakrishna Nagara 2nd Main,13.01656,77.53397
1591,Central,12.99046,77.5717
1592,Gayathrinagara,12.9990196683646,77.5600137223922
1593,Ramamandira Gayathrinagar,13.0011870054088,77.5606656673763
1594,Subramanyanagara,13.0046410605462,77.5598968254577
1595,East West School,13.0053495214132,77.5567437804454
1596,GKW,13.0073118352755,77.5541960290311
1597,Govardhan,13.01761,77.55373
1598,Mysore Lamps,13.0141985882,77.5602254737
1599,Malleshwaram 18th Cross,13.0092243478,77.5631228462
1600,Malleshwaram 13th Cross,13.007277064,77.564277621
1601,Swastik,12.988368482914,77.5742075897205
1602,Malleshwaram 13th Cross,13.006415572,77.5645890087
1603,Government Soap Factory,13.0124751851,77.552289404
1604,Ramachandrpura,12.992207063388,77.5664953369718
1605,Corporation,12.96680354,77.58810955
1606,Krishnarajendra Market,12.96346,77.57894
1607,Bashayam Nagara Srirampura,12.9871464265143,77.5675948305595
1608,Gandhi school,12.9886533828195,77.5664986584249
1609,Milk Colony,13.0090847053,77.5596323702
1610,Bashayam Nagara Srirampura,12.9872269649,77.5677507464
1611,Town Hall,12.96346963,77.58392593
1612,Laggere Bridge,13.0082725777458,77.52661273333
1613,Telephone Exchange,12.9821879324,77.588635264
1614,KR Circle,12.9745915812,77.5868195761
1615,Corporation,12.96672338,77.58795729
1616,Town Hall,12.96352859,77.58422334
1617,KHB Colony,12.98120281,77.5358105
1618,Thimmenahalli,12.98012627352032,77.53833848950649
1619,Bhashyam Circle,12.98436,77.55424
1620,KHB Colony,12.981335,77.53536691
1621,Corporation,12.9646411384543,77.588017663533
1622,Lalbhagh Main Gate,12.9524823837,77.5834258273
1623,Lalbhag West Gate,12.9474614685421,77.580076431555
1624,RVTeachers College,12.9444708665231,77.5801341233124
1625,Ashoka Pillar,12.9432094842,77.5852927286
1626,Rani Saraladevi School Ashoka Pillar,12.9389360547,77.5853762124
1627,Convent School,12.964988267,77.538698148
1628,Raliway Gate RPC Layout,12.9643529188,77.543124212
1629,Pipeline RPC layout,12.9675277323,77.5449109823
1630,Binni Layout,12.9703208617955,77.5461656310449
1631,Magadi Road 1st Cross,12.97586478,77.56327505
1632,MINERVA MILL,12.98029991,77.56430889
1633,Prasanna Talkies Magadi Road,12.974031,77.5509188
1634,Dhobhi Ghatt,12.9877128638,77.5509078149
1635,Basaveshwara Nagara 3rd Stage,12.9892916006767,77.5425034957548
1636,Manjunath Nagara,12.991469549,77.5428882614
1637,Pushpanjali Talkies,12.9913641228367,77.5461001594046
1638,Shivanahalli,12.9890260361532,77.5468476174234
1639,Bheemajyothi Nagara Shankara Mutt,13.00282,77.54114
1640,Cauvery Nagar,12.9996359848464,77.5306020593295
1641,Modi Hospital,12.9975471164749,77.546009060451
1642,Kurubarahalli JC Nagara,13.0070713035069,77.5345676889574
1643,Shankar Mutt,12.9992,77.54105
1644,Yeshwanthpura Market,13.02018,77.55537
1645,Yeshwanthpura Circle,13.0178605579,77.558144331
1646,Malleshwaram 8th Cross,13.0002653336502,77.565476714817
1647,MDBlock,12.99434,77.56927
1648,Tata Institute,13.01568,77.56332
1649,RMS,12.9947133455,77.5783168897
1650,RM Guttahalli,12.9983005512462,77.5816794581667
1651,Furm City Apartments,12.99645,77.58809
1652,Ganesha Temple,12.99517,77.59201
1653,Mohan Kumar Nagara,13.03052,77.54934
1654,Chowdeshwari Bus Stop,13.03268,77.55393
1655,JC Nagara,13.0067990441,77.592745414
1656,Jaymahal Extension,13.00196847,77.59441475
1657,CSI Hospital,12.98983516,77.59938044
1658,Old Bus Stop,12.9922446034851,77.5347706763052
1659,Kamalanagar 8th Main,12.992358366,77.5385998283
1660,Kamalanagar Water Tank,12.995735351,77.5398873724
1661,Maharani College,12.9791569524,77.5852342229
1662,Shankararnag Bus Stop,12.9947768804,77.5267073326
1663,Bar Stop Basveshwara Nagara,12.9966640011057,77.5272368363815
1664,Kamalanagar Bus Stop,12.9960635130478,77.530782874435
1665,BWSSB,12.9951242264,77.5353847817
1666,Bashayam Circle Sadashiva Nagara,12.9849286471,77.5534114894
1667,Dhobhi Ghat,12.9871705547,77.5508210622
1668,Jn Of 1st Main 4th Cross,12.9845469964689,77.5477073452608
1669,Dasarahalli Kere,12.9860234998679,77.5413865393276
1670,HAVANURU CIRCLE,12.9890949944636,77.5376666541049
1671,Ananda Rao Circle,12.9818385746,77.5746218953
1672,Corporation,12.96485973,77.58793622
1673,Subbaiah Circle,12.96269204,77.59098089
1674,KH Road,12.95784771,77.59304091
1675,Netaji Bus Stop,12.9952575723858,77.5336059484168
1676,BasaveshwaraNagara Water Tank,12.995246422885,77.5389582888735
1677,Rajaji Nagar Industrial Area,12.98449,77.54828
1678,Patalappa Layout,13.046407057,77.572604036
1679,Rajmahal Vilas 2nd Stage,13.0425661424514,77.5666972619978
1680,Devasandra Chikkamaranahalli,13.036277242903,77.5667369759655
1681,ITI Layout Dollars colony,13.0338436202401,77.5688484072775
1682,MS Ramaiah Hospital New BEL Road,13.0269433558,77.5718743075
1683,Sadashivanagara Police Station,13.0152095295,77.5728315208
1684,Goragunte Palya,13.02929134,77.53882577
1685,Reliance Petrol Bunk Guragunte palya,13.0285687745,77.53626002
1686,Kanteerava Nagara,13.0212896260498,77.526561680319
1687,Sanjay Gandhi nagar,13.0187830569422,77.5263170278054
1688,Chowdeshwari Bus Stop,13.03257,77.5542
1689,Sadhashivanagar,13.0085703079,77.5802864693
1690,Bashayam Circle Sadashiva Nagara,13.006151123,77.5794438366
1691,RM Guttahalli,12.9997240473,77.5842970423
1692,Elgin Floor Mill,12.9582152041573,77.6061754518621
1693,Tollgate Adugodi,12.95233248,77.60532533
1694,Adugodi,12.94456541,77.60754263
1695,Audugodi Police Station,12.93966396,77.60969673
1696,Jyothi nivas College,12.9356079362,77.6146632526
1697,Koramangala Kalyana Mantapa,12.9372833949,77.6183693949
1698,Koramangala Police Station,12.9413084686,77.6210900769
1699,Bashayam Circle,13.00585,77.57861
1700,Vyali Kaval Police Station,13.0021476746,77.5785755552
1701,Dattatreya Temple,12.9988018552731,77.5750094318534
1702,Geethanjali Talkies,12.99713,77.57322
1703,Anandanagar,13.03297,77.59131
1704,CBI Office,13.0268333104544,77.5864943778998
1705,Vasanthappa Block,13.0263102289968,77.589098535087
1706,RTNagara Police Station,13.024358,77.592839
1707,R T Nagara Post Office,13.0220453414475,77.5925901368664
1708,Rahmath Nagara,13.0174405828187,77.5918496221246
1709,Matada Halli,13.013597,77.593661
1710,CIL,13.0117182154,77.5933557004
1711,Indian Express,12.98476,77.59681
1712,High Ground Police Station,12.9851964489,77.5889214221
1713,Corporation,12.96675023,77.58804199
1714,Kaval Byrasandra,13.0198500026,77.6077437401
1715,P&T Quarters,13.0214576386052,77.6046353214851
1716,Pushpanjali Talkies,13.0220447670728,77.6024356077672
1717,Dinnur,13.0239751643592,77.5986717831884
1718,Jayamahal  extention,13.00357624,77.59394984
1719,CSI,12.9896377,77.59931402
1720,Thimmayya Garden,13.0183505153401,77.5987826183439
1721,Kabhir Ashram,13.01440173532501,77.59712498652925
1722,Mysore Bank,12.9736617203048,77.5816294698133
1723,Cunningham Road,12.98757333,77.59450469
1724,Vinayaka Talkies,12.9624991771,77.5654816814
1725,Maramma Temple,12.9627487691038,77.5593451240739
1726,YMCA Nandi Durga Road,13.0005462281,77.599671213
1727,Canara Bank,12.9954547918785,77.6013351242356
1728,CSI,12.98967272,77.59932932
1729,Pillanna Garden,13.0119855220924,77.6176428465257
1730,Periyar Nagara Circle,13.010467384,77.615152169
1731,Canara Bank Hebbala,13.0066415826488,77.6125461305347
1732,Doddi,13.0023704629642,77.6121862223618
1733,Frazer Twon,13.0011554041489,77.612180618213
1734,Bamboo Bazaar,12.991635846,77.6046056394
1735,CSI,12.98965185,77.59932045
1736,Sulthan Palya,13.0265991669239,77.604044611598
1737,Pushpanjali Talkies,13.0221107695,77.6026272587
1738,Indian Express,12.98472,77.59697
1739,Krishnarajendra Market,12.963764,77.57917
1740,Manorayana Palya,13.0286628194,77.6018495858
1741,Chinnappana Garden,13.00289,77.60334
1742,Marappa Garden,13.00462,77.59976
1743,Bamboo Bazaar,12.99195175,77.60165456
1744,Frazer Town,13.00101413,77.61265778
1745,East railway station,13.00024,77.61851
1746,Charles School,13.006233,77.620915
1747,Lingarajapura Bridge,13.00855,77.6229
1748,Lingarajapuram,13.01225761,77.62563283
1749,Maharani College,12.9771210719,77.5858749356
1750,Chinnappana Garden,13.00285,77.60362
1751,Coxtown Water Tank,12.9937942179879,77.6266327504871
1752,Coxtown Circle,12.9962160496245,77.6215643346197
1753,Thomas Cafe,12.9904866181281,77.6136296156108
1754,Coles Park,12.9927862057531,77.6093336373765
1755,Bamboo Bazaar,12.99177277,77.60173684
1756,Indian Express,12.9836716839937,77.5966005318999
1757,Vidhana Soudha,12.9774476308,77.5907688774
1758,Hockey Ground,12.98973,77.6153
1759,Commercial Street,12.9806613363,77.6107935794
1760,Domlur TTMC Bus Stand,12.9615430430905,77.6381592055401
1761,KHRoad,12.97397124,77.61385021
1762,Hasanath College,12.9790088556722,77.6150133614308
1763,ASC Center,12.9623260600956,77.6187350886114
1764,Austin Town,12.961414125681,77.6143743807039
1765,Philomena Hospital,12.9645954911,77.6101399586
1766,Nanjappa Circle,12.9607797135,77.6005055476
1767,Akkithimmana halli,12.9618604761,77.5977855362
1768,Subbaiah Circle,12.9624428714962,77.5909940915988
1769,Mayohall,12.97422,77.61098
1770,M.G.Road,12.9755841172378,77.6080030062249
1771,HAL Main Gate,12.95843,77.66592
1772,HAL Market,12.9602303890973,77.6661036783657
1773,Jn of Suranjandas Road,12.9668169876199,77.6617137105413
1774,Vasantha Nagara,12.99276933,77.59494893
1775,JC Nagara,13.0049990304,77.5939381588
1776,Vivekanagara,12.9541212845823,77.6227132980088
1777,Vannarapete,12.95618999,77.62089456
1778,Srinivagilu,12.9381627939832,77.6328057357847
1779,Ejipura,12.9466640018,77.6286983304
1780,Bakery Ejipura,12.9497953132,77.6263900381
1781,Ejipura Market,12.9505740987876,77.62376298092
1782,Ravi Tent,12.95143,77.62244
1783,Karnataka Housing Complex,12.9454788007,77.6228701416
1784,NGV Gate,12.94931,77.62027
1785,Vivekanagara,12.9542741673113,77.623091069313
1786,NDDA Koramangala,12.94260992,77.62247524
1787,Rajendranagar,12.94496622,77.61964278
1788,22nd Cross Ejipura,12.9425921394808,77.6306972314312
1789,Neela sandra,12.9576920654822,77.6143439224729
1790,Neelasandra Rose Garden,12.9538758751,77.6169975288
1791,Neelasandra,12.9582259152,77.6147801802
1792,Gajendra Nagara,12.9515960813,77.6077589951
1793,Forties Hospital,12.98761135,77.59446495
1794,CIL,13.0117619602951,77.5930458638487
1795,P&T Quarters,13.0215170771436,77.6047933438774
1796,St Patric Church,12.97015752,77.60507321
1797,Harris Road,12.9997113622638,77.6098472741053
1798,Periyar Nagar Circle,13.010167,77.614849
1799,St Joseph Boys High school,12.970226422009,77.5943954634781
1800,Corporation,12.96667756,77.58796044
1801,Goripalya Cross,12.9599154240823,77.5552392178182
1802,Indian Express,12.9838201404,77.5974818598
1803,Museum Kasturba Road,12.973842,77.595615
1804,Kempapura Railway Gate,12.9685576167,77.5591854472
1805,KP Agrahara 16th cross,12.9694431216188,77.5570420495663
1806,Jaibheemanagara,12.9193948909708,77.6151009374951
1807,GANGOTHRI CIRCLE,12.9195513949,77.6128848642
1808,Tavare Kere,12.9221934546,77.6103219297
1809,Mori,12.9250738000698,77.6087410944905
1810,Chikka aAudugodi,12.9287363946026,77.6093188867325
1811,Suddugunte Palya,12.9310676269,77.609784063
1812,Bangalore Dairy Circle,12.936985318659808,77.60218966770174
1813,Old Gurrappana Palya,12.92069,77.60533
1814,Gurappana palya,12.91948761,77.59996265
1815,Ashrama Bismilla Nagara Bannerghatta Road,12.92571,77.60035
1816,Bangalore Dairy Circle,12.93528381,77.60123829
1817,Richmond Circle,12.96631,77.5945
1818,St Joseph High Scholl,12.9685,77.58977778
1819,Mahathma Gandhi Statue,12.97758385,77.59869885
1820,Reddy School,12.92588,77.62469
1821,Adugodi Police Quarters,12.93894469,77.60972866
1822,Audugodi,12.9438501968568,77.6059405802575
1823,Minerva Circle,12.95516,77.57971
1824,AGS Layout,12.9137988554883,77.537567241959
1825,Central Silk Board,12.9170802963204,77.6217106410866
1826,Madiwala Police Station,12.92005163,77.62069923
1827,Audugodi,12.9426923520069,77.6078956266822
1828,Elgin Floor Mill,12.95836,77.60595
1829,Wilson Garden police Station,12.9513778165,77.5951920077
1830,BDA Complex koramangala,12.9321581963,77.6226652879
1831,Krishnarajendra Market,12.96058,77.577698
1832,Tavare Kere,12.9222648684,77.6104744803
1833,Malleshwaram Circle,12.99682,77.5695
1834,Commercial Street,12.9818,77.60813
1835,Dairy Circle,12.93705,77.6011
1836,Old Bus Stop BEML,12.99213,77.53403
1837,Wilson Garden 12th Cross,12.9471488684475,77.5979451093575
1838,Adugodi Police Quarters,12.93978908,77.60965515
1839,Wipro Park Koramangala,12.92871474,77.63314191
1840,Maharaja Hotel Koramangala,12.934006,77.62993286
1841,Karnataka Housing Complex,12.945309151,77.6227190159
1842,NGV Gate,12.94884158,77.62018873
1843,Chowdeshwari Bus Stand JP Park,13.0328908469237,77.553862513326
1844,Reddy School,12.926,77.62477
1845,John Fowler,12.9244488571,77.6307063829
1846,Palace Ground,13.0102000013,77.5836648792
1847,Mekhri Circle,13.016982,77.58374
1848,Kaval Byrasandra,13.0195829695808,77.607696448824
1849,Gangenahalli,13.0233549400773,77.5841996749507
1850,Gangenahalli,13.02609912,77.58496862
1851,Ganga Nagara,13.0249320343,77.5919104088
1852,NRColony,12.9380218405,77.5698452163
1853,Yeshwanthpura Tollgate,13.0185127896074,77.5612011294322
1854,Divanara palya,13.0264212680664,77.5617277532499
1855,Ramaiah College Mathikere,13.0284445335145,77.5616808138337
1856,KHB Colony,12.98126349,77.53557501
1857,Navarang Talkies,12.99942,77.5498
1858,Ganga Nagara,13.02604284,77.58495789
1859,KAVERI NAGARA,12.999577,77.530624
1860,Dhobhi Ghatt,12.985510435,77.5491454359
1861,Sajjan Rao Circle,12.95301,77.57689
1862,Vijaya College,12.9412886672342,77.5802122835789
1863,South End Circle,12.93689,77.58002
1864,Rajaji Nagar Industrial Area,12.9811738059,77.5489011873
1865,Bhima Jyothi Nagara,12.99719,77.540377
1866,Minerva Circle,12.95527,77.57993
1867,Mallige Hospital Siddapura,12.9478297243796,77.5921361826466
1868,Siddapura,12.9460795477703,77.5883822865736
1869,Apex Bank,12.94174,77.55591
1870,Gopalpura Rajajinagara,12.9806024954,77.5576470327
1871,Vijayanagara,12.9757830409787,77.5390849245449
1872,Sulthan Palya,13.024731623,77.6034532115
1873,Maniksha Pardeground,12.9756753612,77.6083307248
1874,Apex Bank,12.941995,77.554636
1875,Bank Colony,12.93876,77.55245
1876,Seetha Circle,12.9381357804306,77.5502027621916
1877,BTM Layout Bus Stop,12.9163005020623,77.6161844661435
1878,Jn Of Egipura,12.95184668,77.62105701
1879,New Horizon School,12.9671474453,77.6415294316
1880,Maruthi Nagara,12.9235011410046,77.6146386379704
1881,St John Hospital,12.92959711,77.61590361
1882,Jayanagara 5th Block,12.9171593674,77.5833687466
1883,Srinivasa Nagara,12.9376454931,77.5580107234
1884,Vidyapeeta Circle,12.9356115405,77.5604404695
1885,ITI Colony Vidya peeta circle,12.9332367796,77.5575626269
1886,Vivekanada Nagara,12.9305123258,77.5537477713
1887,Koramangala Water Tank,12.9269013528006,77.6227486203364
1888,Gowdana Palya Petrol Bunk,12.91357,77.559
1889,Hampinagara 7th Main,12.9620996665,77.5375952603
1890,Banashankari 3rd Stage 2rd Phase,12.9342609297901,77.5385545408498
1891,Yarab Nagara,12.9160760563801,77.5693629166801
1892,Jn of New Bridge,12.9553149641,77.6412454527
1893,JP Nagara 15th Cross,12.906313,77.587648
1894,BTM 16Th Main,12.9198158439,77.610588558
1895,Srinivasa Nagara,12.9381305228652,77.5563868535957
1896,Bank colony Banashankri 1st stage,12.938492357850048,77.55340028572084
1897,Jn of Hosur Road,12.93275831,77.61304896
1898,NGEF,12.98725,77.64852
1899,Baiyappanahalli Satellite Bus Station,12.99252,77.65479
1900,C V Ramanagra,12.9856399354,77.6638293173
1901,JP Nagara 3rd Phase,12.9070312623,77.5994800217
1902,Yeshwanthpur TTMC,13.0178708148621,77.5565647798569
1903,Krishnarajendra Market,12.960407,77.576347
1904,Makkala Koota,12.95633805,77.57385819
1905,Mahila samaja,12.95352974,77.57385973
1906,National College,12.94888559,77.57382583
1907,Gunasheela Hospital,12.9406000301,77.5760450587
1908,Southend Circle,12.93568464,77.58019997
1909,Yediyur,12.93075917494582,77.576389597451
1910,Deepak Nursing Home,12.92586013214612,77.57716743806532
1911,Sarakki,12.91011837,77.57298349
1912,Jaraganahalli Cross,12.90132489,77.57347506
1913,Yelachenahalli,12.89747621,77.5715878
1914,Metro konanakunte,12.89464043,77.56912545
1915,Ragi machine,12.8914910862235,77.5604460772224
1916,Delhi Public School,12.8938523121,77.556357393
1917,pipe line,12.8949874492152,77.5547897911942
1918,Ganapathipura,12.8917944890255,77.5721058769174
1919,Bekary Ganapathi pura,12.885949517407,77.5706675576747
1920,Chunchaghatta,12.8854457423199,77.5750812785677
1921,Doddakallasandra,12.88554084,77.55593
1922,Gubbalala Cross,12.8841689691683,77.5507236699262
1923,Gublala,12.88548,77.54169
1924,Karishma hills,12.8886596393,77.5360094849
1925,Gubbalala,12.8857807733062,77.5416181813412
1926,Maruthinagara,12.887464,77.551486
1927,Makkala Koota,12.95600198,77.57384503
1928,Hunase Mara Banashankari,12.92082,77.57399
1929,Srinivasapura gate,12.9040159155772,77.5121745384896
1930,Indo American Hybrid Form,12.9046801783185,77.5046481340307
1931,Shanthinagar Bus Stand,12.9548539594,77.5919630472
1932,Indian Express,12.98356746,77.59718107
1933,Mallya Hospital,12.97000652,77.59442503
1934,Post Office,12.9270882346,77.568019554
1935,Kempegowda Medical Hospital,12.9273115285,77.5618235674
1936,Poornapragna Layout,12.9027653765,77.5360046234
1937,Kumaraswamy Layout West,12.9024358224271,77.5570287298118
1938,Bata Showroom,12.9234905702293,77.5696525799636
1939,Chikkalasandra Ramanjaneya Layout Cross,12.914516411346,77.5470490215045
1940,Chikkalasandra Ramanjaneya Layout,12.9172450823874,77.5465876188906
1941,Bharath House building Co-operative Society layout,12.90788,77.54946
1942,Banashankari 5th Stage,12.9043660398476,77.5269657670679
1943,Arehalli Gate,12.9086819732147,77.538540008752
1944,Srinivasapura gate,12.9043112800689,77.5123574703841
1945,Indo american hybrid form,12.9030917594232,77.5176192012594
1946,Double Road,12.9159392137,77.5133699644
1947,BHEL Layout Cross,12.9157944856599,77.5107993153204
1948,BHEL Layout Maramma Temple,12.9218741879,77.5088263024
1949,Jn of ilyas Nagara Road,12.908548,77.570356
1950,Kumaraswamy Layout West Cross,12.9010040034,77.5594832562
1951,Kumaraswamy Layout West,12.9026064998025,77.556992537596
1952,pipe line,12.895024796225,77.5553242086998
1953,Konanakunte Cross Kanakapura Road,12.89070679,77.56459892
1954,Metro konanakunte,12.8941492,77.5683058
1955,Yelachenahalli,12.89811937,77.57179971
1956,Jaraganahalli Cross,12.9005492,77.57301517
1957,Sarakki,12.909462,77.572855
1958,Jayanagar HBCS Layout,12.892427,77.542848
1959,Gubbalala,12.8856867863224,77.5418083340802
1960,Chandranagara Cross,12.901975,77.562293
1961,Chandranagara,12.9006471857,77.565237768
1962,Gubbalala Gate,12.88422874,77.55169671
1963,Raghuvanahalli Gate,12.88096287,77.54626975
1964,Byana Palya,12.8752346,77.54327198
1965,Thalaghattapura,12.8694189,77.53683493
1966,Vajramuneshwara Gate,12.86368441,77.53220763
1967,Jyothi Farm,12.85940277,77.52864196
1968,Silk Farm,12.85380434,77.52357906
1969,Agara Cross,12.84868508,77.52194114
1970,Kuppa Reddy Kere,12.84211582,77.51766345
1971,Shanimahathma Temple,12.83671028,77.51591295
1972,Lakshmipura,12.83343807,77.51378395
1973,Saala Doddi,12.83023991,77.51297014
1974,Udi Palya Kanakapura Road,12.82008989,77.51323879
1975,Saalu Hunase,12.81133233,77.51175886
1976,Kaggalipura,12.80000743,77.50836957
1977,Gandhinagara Kaggalipura,12.7899441216,77.5044586603
1978,KEB Office Somanahalli,12.7823852541837,77.4994424715284
1979,APS College Somanahalli,12.7856635675,77.5023356918
1980,Somanahalli gate,12.780619506773,77.4967963135135
1981,Somanahalli,12.7721924727119,77.503658088538
1982,Krishna Rao Park,12.94048485,77.57606427
1983,Vajramuneshwara Gate,12.8637601909204,77.5324312740117
1984,Vajramuneshwara Temple,12.8522797078272,77.5302445615843
1985,Mallasandra,13.0027582124,77.3940372281
1986,Somanahalli Gate,12.7803356839909,77.4969225985068
1987,DAYANANDA SAGAR COLLEGE,12.82480385,77.51383164
1988,School,12.82025,77.51416667
1989,OB Choodahalli,12.8178043077873,77.5205073442582
1990,Vasudevapura,12.8178877295794,77.5205493629673
1991,Nallakkanadoddi,12.8226290538465,77.5284061872239
1992,Vaddarapalya,12.83541667,77.52677778
1993,Gulaka Malai,12.8204176330596,77.5221884234498
1994,Sommanahalli Gate Kanakapura Road,12.7805843856,77.4965423718
1995,Chudahalli,12.7822156689818,77.4893182919577
1996,Aladamara,12.7885389710556,77.4837121371899
1997,Naganayakanahalli,12.7923763027818,77.4775222016528
1998,Mallipalya,12.7957727294,77.4739641231
1999,Sommanahalli Gate Kanakapura Road,12.7805036626265,77.4968194161096
2000,NellagulliCross,12.7740325415435,77.4920566243113
2001,Sundaram Estate,12.7746351791988,77.478505441864
2002,Karenahalli,12.7824021351465,77.4688074031611
2003,Kodipalya,12.7824932802,77.4527939502
2004,Rayara Doddi,12.7627628911042,77.5174325752822
2005,Girigowdana Doddi Cross,12.76059,77.52193
2006,Mukkodlu,12.7564486116,77.5284182467
2007,Vaddarapalya,12.83536111,77.52675
2008,Gudipalya,12.794051338,77.4838562775
2009,BCC Layout,12.87975,77.54854
2010,Nelaguli Cross,12.7739371173,77.4922168907
2011,Hosa Doddi Gate,12.7643735334,77.4874589872
2012,Nettigere Gate,12.760754271859,77.4865337427094
2013,Bolare,12.7538383193,77.4846285023
2014,Ravugodlu Cross,12.748644766161,77.4866284658028
2015,Gantakanadoddi Cross,12.7414340246,77.4883395061
2016,Kaggalahalli,12.7282670606,77.4871962983
2017,New Gabadi,12.7129828278,77.4814777449
2018,Kembepalya,12.7030622587,77.4809953663
2019,Yarehalli,12.7054,77.42931
2020,Anchipura Cross,12.7900831774,77.4411277659
2021,Shanumangala Cross,12.7921160404,77.4386069085
2022,Shanumangala,12.7949056216,77.4314635154
2023,Gollarapalya,12.8015154228,77.4251073506
2024,Narayanapura,12.7927728955234,77.4609274114335
2025,Kattalepalya,12.7969562141085,77.4644362706428
2026,Anchipura,12.7702437993,77.4320104346
2027,Anchipura Colony,12.7673491970432,77.4389363504052
2028,Byramangala,12.7488095645126,77.424189888259
2029,Judicial Layout,13.08869,77.58236
2030,Agara Cross,12.8488416597,77.5218571443
2031,Tataguni,12.8432567976,77.5109050144
2032,KEB Office Kaggalipura,12.8437956898152,77.4941240183634
2033,Agara,12.84408333,77.48691667
2034,BASAPANPALYA,12.831301743842,77.500429748303
2035,Banjara Palya,12.830404098658,77.4856147323417
2036,Agara,12.8440963916214,77.4869949939444
2037,Gangasandra,12.8462482266957,77.4705871220458
2038,BGS College Gate,12.847444865654,77.4683956887599
2039,BGS College,12.8464756193066,77.4619951548408
2040,Rangajangama,12.8475502172982,77.4608576166272
2041,Gollahalli,12.8430340548517,77.4515220632283
2042,Gonipura,12.8323563002,77.451131735
2043,Thittahalli,12.8218318988,77.4605040438
2044,MRV Bricks Factory,12.81289,77.46311
2045,Narayanapura,12.7926255457128,77.4609586972915
2046,Vidhyanikethana School Cross,12.8536229488,77.5231820717
2047,Nagegowdana Palya Cross,12.8552640435908,77.514302241431
2048,Nagegowdana Palya,12.8678146005,77.5132770091
2049,Hosapallya,12.8421561075104,77.4838747228619
2050,BGS College Cross,12.8477916555551,77.4685040771091
2051,Devagere Colony,12.8567583367748,77.4652699780943
2052,Thagachuguppe,12.8667696388237,77.4550185648571
2053,Pinto bore,12.8707070276,77.4504292477
2054,Kumbalagodu,12.8794301344213,77.4459705229486
2055,Ramohalli Cross,12.8862136215783,77.4503824798299
2056,Anche Palya,12.8924006799118,77.4574461787095
2057,Rajarajeshwari Medical College,12.8964744549296,77.4607825146586
2058,Basavanagara,12.9009661616707,77.4670353515527
2059,Nice Road Junction Kengeri,12.90477465171,77.4706548703156
2060,BMTC Depot-12 Gate Kengeri,12.9071372548267,77.4742181265853
2061,Ravugodlu Cross,12.7488339301273,77.4866818729812
2062,Ravogodlu,12.7479525469,77.4996989127
2063,Nettigere Gate,12.7610121388,77.4867209606
2064,Nettigere,12.7589321340051,77.4945855513622
2065,Kagalahalli,12.7284953836,77.4871299975
2066,Gandhinagar,12.7968105767,77.5016180333
2067,Nawkal palya,12.7942806669,77.4891554844
2068,Gantakanadoddi Cross,12.7408204693,77.4881617259
2069,Voderahalli,12.7407989278,77.4807087053
2070,Thokathimmanadoddi Cross,12.7439254615,77.4788993876
2071,Allalasandra,12.7431295098182,77.4627996613619
2072,Hosur,12.7426274016131,77.4487083511525
2073,Bannigiri,12.7471691743,77.4332233798
2074,Matada Bailu,12.7486488316,77.4284567591
2075,Byramangala,12.7488213312,77.4244843237
2076,Kempaiahanapalya Cross,12.7331098780791,77.439974954248
2077,Kempaiahanapalya,12.7202914283,77.429375248
2078,Hosur,12.7426084962989,77.4502003076828
2079,Chowkahalli,12.7378179859662,77.411330293463
2080,M Gopahalli,12.7283287598777,77.402653980264
2081,Kolliganahalli,12.7117291594122,77.4069998582326
2082,Arasu Colony,12.713429,77.413806
2083,Nettigere Gate,12.75914478197,77.4861557795277
2084,Byramangala,12.7488533326857,77.4243371567943
2085,Kempaiahanapalya Cross,12.7329789382054,77.4398454650803
2086,Jettipalya,12.7507329458801,77.4728996434851
2087,Thokathimmanadoddi,12.7482139785,77.4797670823
2088,Apco Factory,12.7621138836146,77.4703683802793
2089,Gollahalli,12.7536044091904,77.4519680948386
2090,Kodi palya cross Gollahalli,12.7541454931921,77.4478704761635
2091,Bannigiri,12.7562855836,77.4363522604
2092,Gollahalli,12.7535456776779,77.4521287551611
2093,Kodipalya cross,12.7538878100399,77.4478096127357
2094,Kodipalya,12.7480055206,77.447449984
2095,Kaggalahalli,12.727712655782,77.4870599580674
2096,Old Gabadi,12.7138570603,77.4815780763
2097,New Gabadi,12.7161500975,77.476933999
2098,Rock Colony,12.7227685151604,77.5018934257523
2099,Muthurayapura Cross,12.727985261,77.5072104391
2100,Betta Halli Kaval,12.7353188396,77.5073704496
2101,Bokipura,12.73739,77.47202
2102,Ravugodlu,12.7480422439509,77.4998148352736
2103,Gundanjaneya Swamy Temple,12.7493071463,77.512395652
2104,Hosa Doddi Gate,12.7644399913219,77.487301114528
2105,Hosa Doddi,12.7654311644417,77.483713569296
2106,Muthugadahalli Cross,12.72311,77.48433
2107,MUTHUGADAHALLI,12.7251734756133,77.4802676963685
2108,MANAGANAHALLI,12.7275438439355,77.4683076279152
2109,Allalasandra,12.7323441021,77.4537950009
2110,HUGARA PLAYA,12.7335375806725,77.4605221306887
2111,Allalasandra Cross,12.7323572426217,77.4536169641976
2112,KANCHUGARANAHALLI,12.7236078121,77.4461528007
2113,TAYAPPANA DODDI,12.7105503995,77.4250598252
2114,Muthurayapura Cross,12.7258768747428,77.5138788312443
2115,Muthurayapura,12.7238801531992,77.5148285478934
2116,Gottigehalli,12.7213956857146,77.5271513008862
2117,Bolare,12.7537316844051,77.4844236856049
2118,Veerasandra,12.756432686,77.480696803
2119,Kaggalipura,12.8002769178769,77.5085821694989
2120,Vasudevapura,12.797889716051,77.5212106788284
2121,Gulaka Malai,12.7976325529874,77.5233072787014
2122,Taralu,12.7895082626,77.5224938337
2123,Tattaguppe,12.7724522635612,77.5288929611735
2124,Tattaguppe,12.7723383608145,77.5289264664525
2125,Gadipalya,12.766212467153,77.5284699435114
2126,Girigowdana Doddi,12.7453606121525,77.5232919905287
2127,Taralu ESTATE,12.7855257176965,77.5337918626321
2128,Muninagara,12.7482131398299,77.53650569049
2129,Vasudevapura School,12.7991881873,77.5118207373
2130,Temple,12.7931154936044,77.5236256649582
2131,Girigowdana Doddi,12.7453050673805,77.5233726069
2132,Nishane,12.73943,77.52283
2133,Srirama Temple,12.7319394881512,77.5219488760285
2134,Forest Gate,12.72558,77.52952
2135,Muninagara,12.7482808093365,77.5364243478049
2136,Gullahatti Kaval,12.7297105081,77.5469784625
2137,Nallakkanadoddi cross,12.7981722069351,77.525950590752
2138,Nallakkanadoddi,12.8094098924375,77.53079739222
2139,Temple,12.797661401834,77.5244541122216
2140,Mukkodlu,12.7563771401259,77.5283835031533
2141,Gottigehalli,12.7213788029582,77.5272255075947
2142,SONARA DODDI,12.7092073672,77.5191937108
2143,KADUJAKKASANDRA,12.7003446258746,77.5132177118821
2144,Avalahalli,12.8726761119717,77.5666380938636
2145,Nandhi Garden,12.8668780066,77.5652655959
2146,Anjanapura,12.8615922420879,77.5607132519384
2147,Vajragiri Estate,12.8575605049581,77.55662218443
2148,Amruth Nagara,12.8394592190361,77.5497785604829
2149,Harinagara,12.8771855354349,77.570731629821
2150,Adithya Nagara,12.8760960884,77.5741572864
2151,Kothnuru Kanakapura Road,12.8764680274282,77.5771165976137
2152,Harinagara Cross,12.87894,77.56749
2153,Avalahalli BDA Layout,12.8724909532831,77.5606457332353
2154,Avalahalli,12.8726567443557,77.5663993296075
2155,Avalahalli BDA Layout Cross,12.8738414406324,77.5611981130209
2156,Narayana Nagara,12.8835891746,77.5547114387
2157,Nandi Garden,12.86935,77.5663
2158,Vaddarapalya Cross,12.864037,77.575195
2159,VADDARAPALYA,12.8603654652308,77.5741366060415
2160,Jambusavari dinne,12.8657451261196,77.5812341598084
2161,Jambusavari dinne,12.8654492500305,77.5797567511989
2162,Muneshwara Temple,12.8591652963061,77.5701080351147
2163,J Srinivasa Reddy Layout,12.8647826742382,77.5629998408975
2164,Vinayaka Nagara Telecome Layout,12.8993351745633,77.5916041254517
2165,RBI Layout,12.8917751782661,77.5791118535148
2166,Eshwara Layout,12.8914558422,77.575540971
2167,Lal Bahadur Shastri Nagara Anjanapura,12.855512,77.559077
2168,Ganapathipura Cross,12.894453131381908,77.57180493342867
2169,Chunchaghatta,12.8855575807,77.5750735961
2170,Maruthi School,12.8813277782918,77.5759377644007
2171,Glass Factory,12.8763379902,77.5668517873
2172,Anjanapura,12.8617492723287,77.560633487108
2173,RV College,12.9105074052,77.5860236306
2174,Kalyani Magnum JP Nagara,12.9016864993941,77.5948825972335
2175,Achappa Layout,12.8927534772309,77.5865469798534
2176,Kere,12.8912371738917,77.5878085576356
2177,Arekere MICO Layout,12.88932,77.59367
2178,HM World City Apartments,12.8672736324,77.5655970164
2179,Kembhathahalli,12.8561416086281,77.5768251398754
2180,Sowdamini Kalyana Mantapa,12.8838746974304,77.5667250500201
2181,Anjanapura,12.8619246371,77.5639503915
2182,Kidwai Layout,12.858951543197,77.5632641362672
2183,Tulasipura,12.8449179232,77.5577755272
2184,Banashankari Bus Station,12.91662122742935,77.57373152831724
2185,Thippasandra,12.8734907165325,77.5563116013562
2186,Brooks Heaven,12.869286,77.57569
2187,Amruthnagar,12.8394459844392,77.5500029521055
2188,Kulume Palya,12.8325985372,77.5530736148
2189,Kenchanayakanadoddi,12.822740627561,77.5571234569424
2190,Shanubhoganahalli,12.8267725550768,77.5613825767287
2191,Bilwarada Halli,12.8362071142,77.5766957458
2192,Maruthi Layout,12.8401405792908,77.580701605313
2193,Weavers Colony,12.8444953361178,77.5834502409971
2194,Koli Farm Gate Bannerghatta Road,12.8415152196202,77.5883926358572
2195,Bannerughatta Circle,12.81369584,77.58087639
2196,Bannerghatta Circle,12.81367,77.58114
2197,Sarala Birla Academy,12.81151,77.5847
2198,Jangal Palya,12.80245,77.59674
2199,Mantapa Cross,12.79871,77.60151
2200,Begihalli,12.79783,77.60415
2201,Koppa Gate Bannergatta Road,12.7965,77.6159
2202,Nisarga Gate,12.795069943268793,77.61920828390123
2203,Harapanahalli,12.79203,77.6234
2204,Jigani Tent,12.78758,77.63281
2205,Jigani,12.7842,77.64026
2206,Jigani Bus Stand,12.77974,77.6433
2207,KEB,12.77643,77.64517
2208,Madapatna,12.77180044423339,77.64890570211412
2209,Haragadde,12.76447,77.65403
2210,Bangla Gate Bannerghatta Anekal Road,12.7596416971698,77.6558365302086
2211,Kumbarahalli,12.749010162387862,77.66004223394395
2212,Suragajakkanahalli Anekal Road,12.740261832465594,77.66901154088976
2213,Indlawadi Cross,12.732049,77.670726
2214,Gowrenahalli,12.722094479479363,77.68231529760362
2215,Muthyalamadu Cross,12.72006417602735,77.69066233205797
2216,Shanimahathma Devasthana,12.71726986585468,77.6947392897606
2217,Anekal Circle,12.7167686056576,77.7001890040249
2218,Chowdareddy Circle,12.7114004921,77.6993551757
2219,Anekal Bus Stand,12.7094723781269,77.6966933624111
2220,Makkala Koota,12.95775,77.57385
2221,Kaggalipura,12.8025003802,77.5087122247
2222,Kaggalipura Colony,12.8046398018376,77.5049486933175
2223,Dinnepalya,12.8111763338916,77.4923821034402
2224,Utthari,12.8181339707,77.4928572681
2225,Thimmegowdana Palya,12.8244114669603,77.4845351014187
2226,Banjara Palya,12.8304386990437,77.4857212642068
2227,Bade Katte,12.8181149821094,77.4897914363451
2228,Sompura,12.8776573855,77.4965986982
2229,GATTIGERE PALYA,12.8816955159585,77.5013465595226
2230,Chikkegowdana Palya,12.878642,77.514936
2231,Ganigara Palya,12.8760835122814,77.5332021770163
2232,Manjunatha Kalyana Mantapa,12.87495,77.53718
2233,Biana Palya,12.8741920590399,77.5406336580899
2234,Raghuvanahalli Cross,12.88106529,77.54622172
2235,Gubbalala Gate,12.88430735,77.55151829
2236,Doddakallasandra,12.88560146,77.55573325
2237,Manjunatha Kalyana Mantapa,12.87494,77.53717
2238,Ganigara Palya,12.8759996966,77.5331346598
2239,Chikka Gowdana palya,12.8786066441351,77.5148753919976
2240,Dasegowdana Palya,12.8805342315144,77.5053889684451
2241,Lakshmi Devastana,12.8864196378903,77.4981104179434
2242,Gattigere Palya,12.8925769942253,77.4862606190214
2243,Sridhara Gudda,12.8991792874624,77.4875385185149
2244,Jn of Gollahallii Road,12.9072559811,77.4888725951
2245,Kengeri TTMC,12.91254179,77.4852129
2246,Biana Palya,12.8745975004676,77.5413797159763
2247,Southend Circle,12.93746823,77.57934258
2248,Krishna Rao Park,12.94263202,77.57692669
2249,Balaji Badavane,12.95861,77.49554
2250,Kambipura,12.8719609603,77.4618052505
2251,Jandemara,12.8746218757922,77.4612468104906
2252,Madarasa school,12.8805648370006,77.4593359612943
2253,St Bentic school,12.8871162659783,77.458747691607
2254,Dubasi Palya Cross,12.92298999,77.49609302
2255,BHEL Gate,12.94965929,77.53658614
2256,Veterinary Hospital,12.965343995,77.56816037
2257,BMTC Depot-12 Gate Kengeri,12.9069696276769,77.474292057841
2258,Basavanagara,12.9011296481,77.4677955452
2259,Rajarajeshwari Medical College,12.8961797152,77.4608044513
2260,Anche Palya,12.8924284607141,77.457799969381
2261,Ramohalli Cross,12.8864083132564,77.4508427025091
2262,Kumbalgodu,12.8798605885772,77.4464653861152
2263,Pinto bore,12.8708448249866,77.450441532678
2264,Thagachuguppe,12.8665351958926,77.4551003111728
2265,Devagere Cross,12.8642642669006,77.4572967420757
2266,BGS College Cross,12.8474831307658,77.4688162694397
2267,Gangasandra,12.8462177119405,77.470903012752
2268,Hosapallya,12.8422367960621,77.4838334631779
2269,KEB Office,12.8440181081802,77.494243436531
2270,Tataguni,12.84332796,77.5108986441
2271,Agara Cross Somanahalli Road,12.8489409896414,77.5218885490045
2272,Silk Form,12.85395353,77.52360981
2273,Jyothi Farm,12.85959243,77.52864059
2274,Vajramuneshwara Gate,12.86396278,77.53234173
2275,Thalaghattapura,12.8697235,77.53693912
2276,Byana Palya,12.87527466,77.54309113
2277,BWSSB Quarters,12.94026718,77.52427385
2278,Dubasi Palya,12.9275,77.49492
2279,Doddabele,12.8887924924,77.4774715304
2280,Kengeri RWB Gate,12.9043003136466,77.4756990730118
2281,RWB Gate,12.903730385,77.4756966624
2282,Jn of Kommaghatta Road,12.9146579109238,77.4811676473009
2283,Robin Talkies,12.9160104599,77.4797763024
2284,Kengeri Bande Mata,12.9198881961203,77.4767630170179
2285,Beedi Karmikara Colony Gate,12.9222341093508,77.4747202664106
2286,Kommagatta,12.9298496526,77.4650959019
2287,Byrohalli Cross,12.9342412524302,77.4482265466358
2288,Sulikere,12.9347650634085,77.4464256926452
2289,Maragondanahalli Cross,12.9221274529148,77.4168753031716
2290,Gulganjanahalli,12.9367296863,77.4188233539
2291,New Bhyrahalli cross,12.9237108305,77.4727027304
2292,Ramasandra Cross,12.9324984095604,77.4615153392626
2293,Banglow Sulikere Mysore Road,12.9329235954793,77.4542338957285
2294,Nursery,12.9362709448,77.4384800903
2295,Hosakere,12.9346233141,77.431961149
2296,Krishna Sagar Hosakerahalli,12.9383464067399,77.4264305071992
2297,Chikkannapalya,12.9504376184,77.4228358548
2298,Yelachaguppe,12.9589507822175,77.4212578597145
2299,Tavare Kere,12.9656548917697,77.4001681793234
2300,Kengeri Bandemata Badavane,12.912867,77.473437
2301,Beedi Karmikara Colony,12.91916,77.472305
2302,Beedi Karmikara Colony Gate,12.9223428969189,77.4748789812223
2303,Robin Talkies,12.9159999033599,77.4799186110842
2304,Jn of Kommaghatta Road,12.914756916955,77.4812396539328
2305,Ramasandra,12.9455,77.46799
2306,Doddabasthi,12.942196524755,77.47922111320486
2307,Chikkanahalli,12.941391389416491,77.47918356227865
2308,New Bhyrahalli cross,12.9236431889465,77.4729542378362
2309,Kengeri Bande Mata,12.9199379673193,77.4768567403785
2310,Hunisemarada Palya,12.9135010538001,77.4504670137783
2311,New Byrohalli,12.9194310901156,77.4559371516805
2312,Satellite Club,12.92376,77.47254
2313,Quality Biscuits,12.94721895,77.53192391
2314,Bettana Palya,12.9119918098217,77.4431219717009
2315,Hosa Palya,12.9106576119841,77.4501220997821
2316,Shiridi Sai Temple,12.9137328210123,77.4505036787687
2317,Archakara Badavane,12.9188384814875,77.4525424048182
2318,Tavarekere Magadi Road,12.9659828790789,77.4002686388535
2319,Manjunath Nagara,12.96434,77.40377
2320,Dodda Aladamara Cross,12.9638822707932,77.4072732417875
2321,Puttaiahna Palya,12.9565906059,77.4107482284
2322,Halubhavi Palya,12.9421241006576,77.4158570110619
2323,Dasegowdana Palya,12.9368821877257,77.4189478504063
2324,Krishna Sagar Hosakerahalli,12.9384868184718,77.4264318443764
2325,Hosakere,12.9347042938985,77.4318431461389
2326,Sulikere,12.9348125564531,77.4466541709089
2327,Byrohalli Cross,12.9344039918142,77.4482087325582
2328,Banglow Sulikere Mysore Road,12.9331063572,77.4542420078
2329,Ramasandra Cross,12.9326858541787,77.4615739545199
2330,Kommagatta,12.930078380343,77.4650941430803
2331,Halabavi Palya,12.9420153774987,77.4157055203908
2332,Puttaiahna Palya,12.9565201368252,77.4106421456711
2333,Tavarekere,12.9659407815202,77.3998709070022
2334,Jettipalya,12.9699385366021,77.3992686902722
2335,Varthuru,12.9855972529501,77.4020662778633
2336,Metipalya,12.9940617170634,77.4020662546951
2337,Mallasandra,13.0026521813,77.3939980846
2338,Chikkanahalli,13.0147627962775,77.3833933871369
2339,Sondekoppa,13.0199235957,77.3841530364
2340,Gerahalli,13.0372925755,77.3905850574
2341,Mantanakurche Gate,13.039114,77.391084
2342,Lakkenahalli,13.0446481984,77.3927120492
2343,Bairegowdana Halli Colony,13.0643366184,77.3936944082
2344,Ittige Factory,13.068419805289,77.3946050512346
2345,Mallapura Gate,13.0727289723236,77.3936366321653
2346,Lakshmi Devastana Nelamangala,13.0783795697179,77.3927123474955
2347,Siddaganga College,13.082793653,77.3928226903
2348,Sondekoppa Bypass,13.092367379,77.3947751708
2349,Nelamangala,13.0979853388368,77.3939032787106
2350,Kengeri Satalite Town Society,12.92369599,77.4849336
2351,Nagadevanahalli RR Temple,12.9354613824566,77.4923500013512
2352,Shirke KHB Quarters,12.93203937,77.48782169
2353,Hoysala Circle Kengeri Satellite Town,12.92423931,77.48513225
2354,BGS Hospital,12.907111,77.499061
2355,Ashrama Savandarbar,12.9096919721614,77.4922157881802
2356,Kengeri Satalite Town Society,12.91721388,77.48246093
2357,Nice Road Junction Kengeri,12.9049307946178,77.4710932196612
2358,Ramohalli Cross,12.8870364993566,77.4503845221336
2359,Gerupalya,12.8877821378,77.4440612644
2360,Subbarayappana Palya Cross,12.8895456064,77.4374864157
2361,Beemanakuppe Cross,12.8948655166,77.4365494866
2362,MGM school,12.8974930809367,77.4326805265737
2363,Vinayaka Nagara,12.9029379599,77.4301191419
2364,Ashrama Ramohalli,12.9063277300342,77.4287032391318
2365,Ramohalli,12.9073233236329,77.4179834719169
2366,Kethohalli,12.9073019339159,77.4032727854486
2367,Dodda Aladamara,12.9098295538285,77.3953304998556
2368,KHB Colony,12.9136054061227,77.3942697115553
2369,Ganapathi Halli,12.9187137075,77.3953515105
2370,Hosa Palya,12.924532257,77.397006182
2371,Doddamarana Halli,12.9305461471793,77.3828181811684
2372,Karekal Palya,12.9339904691044,77.3814820324069
2373,Jodi Aladamara,12.9399614967,77.3777948599
2374,Puradapalya,12.9471058957,77.3811576795
2375,SLN City,12.9517873391486,77.3862296290585
2376,Peddanapalya School,12.9596505873,77.3893246707
2377,Byachaguppe Gate,12.9676495595682,77.3885757918385
2378,Tavare Kere Magadi Road,12.9658490234265,77.4000432708128
2379,Jnana bharthi layout,12.931291,77.489834
2380,Chikkabasthi,12.94215992775056,77.47978974151602
2381,Sonnenahalli,12.942144243318438,77.48101819324484
2382,Sonnenahalli Bridge,12.942107646306326,77.48335707950582
2383,Bhuvaneshwari Nagara,12.942531125689342,77.48681712913515
2384,Kenchapura Cross,12.94159,77.49314
2385,Mariyappana Palya,12.9452856816,77.495368151
2386,PVP Shool,12.9483210100097,77.4969524966671
2387,University Quarters,12.9516968467064,77.5003697515681
2388,Bangalore University Administrative Block,12.9492054787,77.501279572
2389,Library University,12.9436673038,77.5048801862
2390,Ladies Hostel University Campus,12.9419181729171,77.5061059671038
2391,University Quarters,12.9515294451,77.4997113179
2392,Mariyappana Palya,12.945148197083,77.4954645319748
2393,Kenchapura Cross,12.94141,77.49316
2394,Bhuvaneshwari Nagara,12.9424344051529,77.48678494262697
2395,Sonnenahalli Bridge,12.941950801907868,77.48299766349783
2396,Sonnenahalli,12.941997855237776,77.48082507419576
2397,Chikkabasthi,12.941997855237776,77.47978437709799
2398,Sulikere,12.9385843118426,77.4480361980134
2399,Maruthinagara cross,12.94217,77.48012
2400,Dhananayakanahalli,12.942964,77.476662
2401,Amma Ashrama,12.9461,77.48664
2402,Maruthi Nagara,12.937548986348322,77.47889124220808
2403,University Quarters,12.9528555147754,77.5000211990497
2404,Mallathahalli,12.95885,77.50057
2405,Jnana Jyothi Nagara 2nd Phase,12.95707,77.49535
2406,Upkar Residency Layout,12.959032,77.487654
2407,Mallathahalli,12.9582139253466,77.5033226426846
2408,Nrupatunga Nagar,12.958192182912,77.509921975778
2409,Nagarabhavi Village,12.9570205869178,77.5158717831291
2410,Saraswathi Nagara Vijayanagara,12.9734222247058,77.5302495533952
2411,Priyadarshini Layout Mudlapalya,12.9714253172,77.526872959
2412,Moodalapalya,12.970245732,77.5248302054
2413,Kalyana Nagara,12.96746579,77.523903586
2414,Bank Colony,12.9648132327133,77.5235289582968
2415,Maruthi Nagara,12.9616652640332,77.5218062966644
2416,Nagarabhavi Circle,12.95843250660318,77.5188917085419
2417,Nagarabhavi Village,12.9588557829335,77.5166986414806
2418,Nrupathunga Nagar,12.9569917290918,77.5115682838
2419,Mallathalli Cross,12.957664,77.503291
2420,Upkar Residency Layout,12.959024,77.487665
2421,Sridhara Gudda,12.8990290443588,77.4875555653949
2422,Konasandra,12.8895522620285,77.4857132469213
2423,Hemmigepura,12.8819119273903,77.4848578323127
2424,HGollahalli,12.87617689,77.480258178
2425,Muneshwara Layout,12.874296861141,77.471340559239
2426,Karubele,12.8756412026,77.4668003619
2427,HGollahalli,12.8779609554425,77.4815633541073
2428,Channaveeraiahna Palya,12.8756042120895,77.487023154568
2429,Varahasandra,12.8774218541,77.4901650846
2430,Doddipalya,12.8576597571,77.4725453183
2431,Laksmi Temple,12.8864046685339,77.4983345434455
2432,Dasegowdana Palya,12.8806027288593,77.5054571050306
2433,Chikkegowdana Palya,12.8787513644631,77.5148991331622
2434,Glass House,12.9068091419,77.5121956598
2435,Bangalore Children Hospital,12.9097748405443,77.5133751636233
2436,Pattanagere,12.9194562334482,77.5115879907309
2437,Bakery Pattanagere,12.9200201220099,77.5138680547938
2438,Halage Vaderahalli,12.9224998429189,77.5143618890185
2439,BGS Health City,12.9026141482343,77.4980216712528
2440,Indo American Hybrid Form,12.9047396034868,77.5047750834154
2441,Srinivasapura Colony,12.9038221868117,77.5084854669625
2442,BEML Complex,12.9194077622525,77.5203939711947
2443,BEML Layout 5th Stage,12.9066923819,77.521602083
2444,BHEL Layout,12.9171829205,77.5112969521
2445,BEML Layout Cross,12.9155771687541,77.5137337581242
2446,BHEL Concrode Layout,12.9082120207689,77.5094095550334
2447,Krishna Garden BHEL Layout,12.9130585526935,77.506775241169
2448,Pattanagere,12.9198825617136,77.5119219040887
2449,Kariyana Palya,12.8918055189914,77.5212504196836
2450,Ganakkal,12.8979523201,77.512146458
2451,Bangarappa Nagara,12.924843058,77.526602475
2452,Devadiga Soudha,12.9269724805,77.5200789236
2453,Javaregowdanagara Cross,12.929863990742,77.5207796517215
2454,Shakthi Resorts,12.91157,77.52749
2455,Magadi Road TollGate,12.9754973296,77.5485070702
2456,Rajajinagara ESI,12.990636,77.550744
2457,Manjunatha Nagara,12.9947506370544,77.5507742755851
2458,Devadiga Soudha,12.92638,77.52005
2459,Raja rajeshwari School,12.9277280252,77.5137559511
2460,Billa Kempanahalli,12.8102428804631,77.406589003331
2461,Kadumane Hotel,12.8156213764586,77.4073496392469
2462,Lakshmisagar Gate,12.8228534688536,77.4106817857518
2463,Veeranjaneya Temple,12.829629248,77.4122009799
2464,Manchanayakanahalli,12.8345341213396,77.414444485034
2465,Sheshagiri Halli Mysore Road,12.8437961731,77.4212977756
2466,Hejjala Cross,12.8554914622692,77.4268159746134
2467,Kanaminaki Colony,12.858213385438,77.4290056389966
2468,Kanminike,12.8631888104552,77.4336216621738
2469,Swaminarayana Gurukul,12.86666,77.43666
2470,Pepsi Gate,12.8725439217,77.4395273253
2471,Pepsi Gate,12.8718140630275,77.439362483274
2472,Swaminarayana Gurukul,12.86645,77.43666
2473,Kanminike,12.8630327897331,77.433698632108
2474,Kanaminaki Colony,12.8582978714,77.4294098653
2475,Hejjala Cross,12.8553446755,77.4269697256
2476,Sheshagiri Halli Mysore Road,12.8434237149619,77.4213577348832
2477,Manchanayakanahalli,12.8341498022788,77.4146499376464
2478,Hampapura,12.8306403383742,77.4288562284244
2479,Thimmappana Palya,12.8416592272924,77.3922994633868
2480,Jadenahalli,12.8395875834065,77.3963210118232
2481,Hakki Pikki Colony Cross,12.83934,77.39902
2482,Wonderla Park,12.8383000194177,77.4026991898774
2483,School,12.836550308606,77.410706490949
2484,Ramohalli Cross,12.8871709774822,77.4511358198002
2485,Vajara Halli,12.8232286680087,77.391315353637
2486,Channegowdana Doddi,12.8068046487703,77.4287417137298
2487,Talaguppe,12.8116338824999,77.4333345492647
2488,KHB Colony,12.8026123121589,77.3864742969624
2489,Kethaganahalli,12.8133589681,77.3904846422
2490,Maharani College,12.9770685174,77.585960431
2491,Wonderla Gate,12.834595358,77.4144648481
2492,Hakki Pikki Colony,12.84457,77.39997
2493,Tibetian College,12.850510329,77.4241675716
2494,Tibetian College,12.8502462645437,77.4242658803714
2495,Manchanayakanahalli,12.8339500840913,77.4144412223395
2496,Veeranjaneya Temple,12.8290508129,77.4123085197
2497,Lakshmisagar Gate,12.8222761229322,77.410818352732
2498,Karenahalli,12.8181387484,77.365743611
2499,Avaragere Cross,12.8015595954,77.3842085246
2500,Bidadi,12.796705,77.385581
2501,Kethaganahalli,12.8133982792,77.3905429803
2502,Vajarahalli,12.8232730832,77.3914026283
2503,Vajara Halli Colony,12.8230137401667,77.3973708709019
2504,Parasanapalya,12.7992010644963,77.437479208724
2505,Bychohalli,12.8063441534,77.4381299783
2506,Thippuru,12.8152973926085,77.4412229320795
2507,Lingapura,12.8215872538513,77.4441324555582
2508,Seegehalli Cross,12.8254910880787,77.449298337572
2509,Gonipura,12.8325322364,77.4510382768
2510,Gollahalli,12.8431441256222,77.4514117822373
2511,Eradu kamba Gonipura,12.8491238806487,77.4512674075471
2512,Nalku kamba,12.8557374704984,77.4526911837339
2513,Devagere Cross,12.8643068892052,77.4569471637997
2514,Anchipura,12.7702575358885,77.4319265235895
2515,Jogana Palya,12.7811329137135,77.4392053973301
2516,Pichguntara Palya,12.8047316773232,77.422353439881
2517,Pichguntara Palya,12.8047336825592,77.4225455962925
2518,Gollarapalya,12.8014321905,77.4253641721
2519,Channegowdana Doddi,12.8068684233332,77.4287371028356
2520,Talaguppe,12.8114756123195,77.4333514422129
2521,Kenchanaguppe,12.7954855654,77.3752146587
2522,Bidadi,12.79390148058,77.381266171013
2523,Thoredoddi,12.7574205771,77.3974629119
2524,Ittamadu,12.7566504538385,77.4046866949493
2525,Bananduru,12.7768435946717,77.3978851627973
2526,M Gopahalli,12.7285351139,77.4026537407
2527,Ramanahalli,12.7412429694659,77.4015976109354
2528,Dombaradoddi,12.7019095419709,77.3931674231345
2529,Kolliganahalli,12.7118600719,77.4069009349
2530,Manchegowdana palya,12.7244006056144,77.3808363030952
2531,Seebakatte,12.7288763966027,77.3816273908058
2532,Chikka Arasanahalli,12.7337783243036,77.3811180374903
2533,Uragahalli Bidadi,12.7434067636563,77.3772127573885
2534,Heggada gere,12.7616399433,77.3765153624
2535,Koli Farm University Quatres,12.95207,77.49804
2536,Chunchanakuppe,12.9101836629353,77.3862940968246
2537,Byalalu,12.891779744776,77.3763145318841
2538,Donnenahalli,12.8840539511,77.3752268124
2539,Mayasandra,12.8767083971721,77.3774442599228
2540,Hosa Palya,12.9246033356,77.3969673738
2541,Basavana Palya,12.9320553466604,77.4000267567507
2542,Chikkaveeraiahana Palya,12.9454614232573,77.4004231743437
2543,Estate Gate,12.9575423952247,77.4053129478205
2544,Puttaiana Palya,12.95992,77.40677
2545,Manjunath Nagara,12.9643,77.40373
2546,Beemanakuppe,12.9038863722,77.4385320581
2547,Bheemanakuppe Cross,12.8947146276539,77.4368110379281
2548,Subbarayappana Palya Cross,12.8892299028994,77.4378453974683
2549,Gerupalya,12.8877434676752,77.4443751908074
2550,Kwality Bicuits,12.947388,77.531657
2551,Uddandalli,12.8860162385,77.3837809637
2552,Lakshmipura,12.8921526862347,77.3919261363062
2553,Rampura,12.8903021865875,77.3987418221826
2554,Lakkayyanapalya,12.8894619613141,77.4025091626483
2555,koluru,12.8910975125929,77.4129460684272
2556,Kundalpura,12.8951786378604,77.4153436054455
2557,Chikkaluru Cross,12.8917993371943,77.4218312793379
2558,Huluvenahalli,12.9195525535787,77.3654928294547
2559,Huluvenahalli Cross,12.9197768450429,77.3686524123541
2560,Chandrappa Circle,12.9104904789255,77.3699516201675
2561,Chandrappa Circle Aralimara,12.910212807511,77.3736310463189
2562,Thavarekatte,12.9114892200555,77.3829016071181
2563,Chunchanakuppe,12.9103980213,77.3863985483
2564,Dodda Alada Mara,12.9100877282632,77.3953744071972
2565,Kethohalli,12.9073161198226,77.4035906812533
2566,Ramohalli,12.9073501464715,77.418204993844
2567,Ashrama Ramohalli,12.9064122191933,77.4287483972776
2568,Vinayaka Nagara,12.9029000960781,77.4302530766011
2569,MGM School,12.8975239432874,77.4327648726757
2570,Chikkanahalli,12.8813365381,77.3552298546
2571,Pachepalya Cross,12.8854328632429,77.3583053978481
2572,Gollahalli,12.8938574251,77.3615669925
2573,Suliwara Cross,12.9022310405506,77.3673514807254
2574,Subbarayappana Palya Cross,12.889191471,77.4375023413
2575,Subbarayappana Palya,12.8786799777,77.420133613
2576,Chunchanakuppe,12.9103343296167,77.3861612196181
2577,Thavarekatte,12.9113631253696,77.3827437235205
2578,Chandrappa Circle,12.910708,77.369596
2579,Kurubarapalya Cross,12.9140168444684,77.3671762502858
2580,Kurubarapalya,12.9112769477,77.3627312388
2581,Malligondanahalli,12.916096542,77.415420888
2582,Basammanahalli,12.8751672897,77.3529995978
2583,Chikkanahalli,12.8814073652,77.3551174533
2584,Pachepalya Cross,12.8856507095961,77.3583910068332
2585,Alammana Palya,12.9363883960602,77.3649637347018
2586,Madapatna,12.9366157763,77.3729340266
2587,Bande Inorapalya,12.9248197204607,77.3693200888445
2588,Hunnigere,12.9229426320663,77.3687755012587
2589,Chandrappa Circle Aralimara,12.9101294658275,77.3737396208133
2590,Chandrappa Circle,12.9102766514,77.3695441335
2591,Gollahalli,12.8937273379,77.3613488115
2592,Manchanabele Dam Cross,12.8714963381787,77.3397718088895
2593,Manchanabele,12.866941517566,77.3345671111571
2594,Dabbaguli Cross,12.879582,77.316053
2595,Dabbaguli,12.8783674166,77.3093069158
2596,Matha Gate,12.8887864074333,77.2936321645965
2597,Athimgere Gate,12.8744966537,77.2834850382
2598,Marale Gowdanadoddy,12.894504139083,77.278391456947
2599,Veeregowdana Doddi,12.8986469109953,77.2782061850292
2600,Magadi,12.954574548644,77.2276577885351
2601,H Cross,12.9289369010784,77.4001059761619
2602,Punugumaranahalli,12.9163665996245,77.4033908161852
2603,Huluvenahalli Gate,12.9200255470446,77.3685646701798
2604,Hunnigere,12.9240357666553,77.3677540709606
2605,Doddamaranahalli,12.9304839779705,77.3828596484456
2606,Muddana Palya,12.9191784002,77.3821853008
2607,Byalalu Janatha Colony,12.8941082516617,77.3779193992965
2608,Byalalu,12.8872391582,77.3766068928
2609,Byalalu,12.891808353196,77.3762535753889
2610,Kundalapura,12.8952815885532,77.4151594498092
2611,Suliwara Cross,12.9023687633365,77.3673466826382
2612,Sulivara,12.9028615626226,77.3621806375488
2613,CK Thandya,12.8738969815253,77.399495491093
2614,CK Thandya Cross,12.8761557142771,77.4011402629905
2615,Gopalnagara,12.876967974,77.4165591504
2616,Sheshagiri Halli Mysore Road,12.8808769983132,77.4180009978485
2617,Hagalahalli,12.8489897172329,77.3302847764296
2618,Lingegowdana Doddi,12.8548936509994,77.3334993619482
2619,Lingegowdana Doddi cross,12.8565986662425,77.3337062508688
2620,Manchanabele,12.867081603,77.3345206864
2621,Manchanabele Colony,12.8715687083184,77.3398520109415
2622,Shanthinagara,12.8773127685473,77.3463357756678
2623,Suliwara Cross,12.9023950627847,77.3674879995372
2624,Gungarahalli,12.821400566,77.2878220025
2625,LAKSHMIPURA,12.8312261987119,77.2951618915151
2626,Rampura,12.841326949855,77.3275786063143
2627,Pachepalya Cross,12.8854616079,77.3584517743
2628,Pachepalya,12.8841347366205,77.3607699644643
2629,Donnenahalli,12.8844112974296,77.3751623981959
2630,Chikkaluru Cross,12.8918432040808,77.4215306285225
2631,Kundalpura,12.8950432129,77.4152713548
2632,Koluru Ramohalli Road,12.8911673037337,77.4130576903688
2633,Lakkayyanapalya,12.8893827461,77.4023262598
2634,Rampura,12.8902139696938,77.3987910349172
2635,LakshmiPura,12.8921018005669,77.3920014457596
2636,Uddandalli,12.8860698136927,77.3838672495143
2637,Byalalu,12.8871024311373,77.3765552929705
2638,Donenahalli,12.8842588040572,77.3750479472683
2639,Pachepalya,12.8840664922659,77.360771938468
2640,Shanthi Nagara,12.8772296140745,77.3463713597484
2641,Manchanabele,12.8669849983896,77.334489656059
2642,Matha Gate,12.8886761855616,77.2935874088894
2643,Matha,12.8812934972089,77.2917554915122
2644,Veeregowdana Doddi,12.8986415452254,77.2783250789428
2645,Gadigaiahana Doddi,12.852889,77.339361
2646,Dabbaguli Manchanabele,12.8906956036,77.3226364888
2647,Avarehalli,12.8992740624,77.3369353451
2648,Vahale Varadahalli,12.8796177451,77.340925131
2649,Vahale Gate,12.8769028839618,77.3420142949522
2650,MUKTHINAGA TEMPLE CROSS,12.9070292157228,77.4259884174291
2651,Sugganahalli,12.7995384671,77.318631364
2652,Sugganahalli Circle,12.8010139132577,77.3145900377025
2653,Bommachannahalli,12.8034995637637,77.3145832198513
2654,Bommachanna Halli Temple,12.8150368996429,77.3201762923641
2655,Katammana Doddi,12.8210527888172,77.3222776648568
2656,Kaggalahalli,12.8303403669428,77.3247135404189
2657,Devara Siddiahana Doddi,12.8392444055434,77.3274191823511
2658,Aane Kempegowdana Doddi,12.8614664823,77.3349237721
2659,Thirumalapura,12.8267457057,77.3117795773
2660,Manchenabeley school,12.870184159094668,77.3371820526122
2661,Kumbalgudu,12.8776446434966,77.445936444161
2662,Devagere Cross,12.8640616648302,77.4571547430269
2663,Nalku kamba,12.8553298228915,77.4527246941493
2664,Eradu kamba Gonipura,12.8488860810939,77.4514663385664
2665,Thippuru Colony,12.8181202364034,77.4417144177912
2666,Hospital,12.8394558412603,77.4516056980071
2667,Chinkurchi,12.8273643790613,77.4597381988571
2668,Thittahalli,12.8217547571896,77.4604194727627
2669,Dodda Kuntanahalli,12.8121705819,77.4497723579
2670,Seegehalli,12.8180908109491,77.4523519839922
2671,Seegehalli Cross,12.8253611829,77.4493858684
2672,Lingapura,12.8213698164205,77.4441058368599
2673,Chikka Kuntanahalli,12.7937486677524,77.4383398701946
2674,Kenchanapalya,12.844683,77.444123
2675,Kullegowdanapalya,12.8467255645,77.4469787534
2676,Srinivasapura,12.851252,77.443257
2677,Gaviyana Palya,12.8409255810577,77.4700113388021
2678,Devagere Colony,12.8534549754,77.4579578731
2679,Kaggalipura,12.80067595,77.50841491
2680,Kaggalipura Colony,12.8064195907751,77.5031385510287
2681,Aladamara,12.8243460569276,77.489934962452
2682,Byrasandra,12.834886005882,77.4853956893135
2683,Agara,12.842914,77.486244
2684,Byrohalli,12.9235866107,77.4491609819
2685,Archakara Badavane,12.918625949,77.4524038564
2686,Shiridi Sai Temple,12.9136175008154,77.4505839207458
2687,Hosapalya,12.9105033098671,77.4501567158388
2688,Challagatta,12.8965131586162,77.4536768280213
2689,Mayasandra,12.8767539589362,77.3775358463267
2690,Dodderi Grama,12.8664070083942,77.3766563523648
2691,Dodderei Colony,12.8673599749207,77.3842609853929
2692,CK Thandya Cross,12.8654379081065,77.3922750855035
2693,Karenahalli Cross,12.8621632384408,77.3949905593499
2694,Muthurayana Pura,12.8594344422967,77.4013031872773
2695,Hejjala,12.856029187687,77.4170034581759
2696,Avaragere,12.8201649897,77.3807913903
2697,Vajarahalli Cross,12.8251352897452,77.3821054733278
2698,Bannikuppe,12.8469668986392,77.3838330517324
2699,Kurubara Karenahalli,12.8546348800134,77.3840011909451
2700,Basavanapura,12.849525433659,77.3836008586252
2701,Juttana Palya,12.8549961383525,77.4215741630923
2702,Hejjala Cross,12.8551296797,77.4263246544
2703,Hejjala,12.8559684264203,77.4169936427687
2704,Muthurayana Pura,12.8593826573,77.4012319185
2705,Karenahalli,12.8545669695393,77.3840327915655
2706,Kasave Palya,12.8533744472396,77.3761633443671
2707,Sidda Bhoomi Palya,12.854375240255,77.3719616746963
2708,Bethanagere Cross,12.8545080686242,77.3654738899471
2709,Marale Gowdanadoddy,12.8518864391574,77.3640213034822
2710,Muthurayanagudi Palya,12.8486861754,77.3678581137
2711,Bethimgere,12.8568998587696,77.3648405945972
2712,MPalya,12.8611707687,77.3623579927
2713,Mallata Halli,12.8672765434087,77.361531014851
2714,Ganakkal,12.8522283521084,77.3572398114746
2715,Ankana Halli,12.8565751661376,77.3573923926479
2716,Kempa Dyapanahalli,12.866955463137,77.3542842988154
2717,Bande,12.8668224795799,77.3591814488869
2718,Bethanagere Cross,12.8672322950785,77.3680773576127
2719,Kakaramana Halli,12.8301288094,77.3630951811
2720,Borehalli,12.8436408948557,77.3580625210989
2721,Karenahalli Cross,12.862215573,77.3948397953
2722,Dodderei Colony,12.8672913183,77.3842485063
2723,Dodderi Grama,12.8664576100451,77.3765706088928
2724,Bethanagere Cross,12.867078240799067,77.36816497295001
2725,Juttana Palya,12.8549429309,77.4214461353
2726,Hejjala,12.855937200013,77.4168890895774
2727,Hejjala Colony,12.8524065569681,77.4154304734415
2728,Devalingaiah Palya,12.8501181019255,77.4158154100497
2729,Guddadahalli Dinne,12.8336182795,77.3442171235
2730,Guddada Halli Dinne Cross,12.8318988107824,77.3608689066236
2731,Sirsi Circle,12.9615,77.55964
2732,Avaragere Cross,12.8015060425576,77.3841116650401
2733,Nellegudde,12.8098532079613,77.3779506036756
2734,Ramanayakana Thandya,12.85947,77.38322
2735,Kariyappana Palya,12.86169,77.38361
2736,Avaragere Cross,12.8099167463824,77.3777593819615
2737,Shettigowdana Doddi,12.8114024643,77.3682353832
2738,Karenahalli,12.8181136953359,77.3656946057831
2739,Bhimappana Palya,12.8736345041808,77.3783187545804
2740,Krishnarajendra Market,12.9639,77.57754
2741,Hullala Cross,12.95159,77.47932
2742,Manganahalli Cross,12.9517,77.47308
2743,Manganahalli,12.95396,77.46962
2744,Hullalu,12.95573,77.48017
2745,Manganahalli Cross,12.95149,77.48453
2746,Vidyanikethan Public School,12.95074,77.48687
2747,Amma ashrama cross,12.94949,77.48882
2748,Press Layout Ullal Road,12.95032,77.49104
2749,AGS Layout Manganahalli,12.952341,77.481175
2750,Nagarabhavi Circle,12.9601812456,77.5197749119
2751,Maruthi nagara,12.9618136212,77.5216883328
2752,Bank Colony Nagarbhavi Road,12.964979047,77.5233068783
2753,Kalyana Nagara,12.967381025095,77.5237384878626
2754,Moodalapalya Circle,12.970691,77.524868
2755,Priyadarshini Layout Mudlapalya,12.9712918773,77.526712697
2756,Saraswathi Nagara Vijayanagara Bank Colony,12.9738641158,77.5303719006
2757,Nagarabhavi 12th Block,12.9600553494,77.5141348969
2758,NGEF layout Nagarabhavi,12.9608971035613,77.5099483448873
2759,National Law College,12.9533807561,77.5168098137
2760,Bangalore University Administrative Block,12.94876,77.501526
2761,Gandhi Bhavan,12.9488642514,77.5099906325
2762,Bangalore University Administrative Block,12.9490581869989,77.5015923932871
2763,Doddabasthi,12.941997855237776,77.47925866413107
2764,Government Sub-Urban Press,12.93485,77.50218
2765,Sulikere,12.9386608768,77.4478718452
2766,Ramasandra,12.94537,77.46779
2767,Gandhi Bhavan,12.9488367587,77.5106987357
2768,Vijayanagara,12.97331,77.53849
2769,Kengunte,12.9598643740364,77.5039859333713
2770,Gandhi Bhavan,12.9485489053084,77.5106196013025
2771,Sports Authority of India,12.9415735882,77.5156511832
2772,Bande Maramma Bus Station,12.9668308809357,77.5160578246289
2773,Malagala Park,12.96929,77.51471
2774,Bridge Nagarabavi,12.9691788834,77.51793148
2775,Kalyananagara,12.967769,77.523879
2776,Mallathahalli Cross,12.9573883116,77.50325175
2777,PVP Shool,12.9482686333,77.4971477967
2778,Ambedkar College Circle,12.9604445212,77.504976159
2779,NGEF Layout Nagarabhavi,12.961150614409,77.509743656629
2780,Nagarabhavi 12th Block,12.9609919669832,77.512219703858
2781,Panchsheela Nagara,12.9744004002063,77.5208301886565
2782,Srinivas Nagara,12.9765384600586,77.523540071175
2783,patteghar circle,12.9763677883145,77.5259777198237
2784,Prashanthanagar,12.9762513410409,77.5310050419565
2785,Prashanthanagar,12.9761470417248,77.5307382253372
2786,Circle,12.9762377070045,77.5259297687126
2787,Srinivas Nagara,12.9764258035264,77.5237660442378
2788,Ramakrishnappa Layout,12.97782,77.51641
2789,Malagala,12.97537026,77.5153052621
2790,Park,12.9695190606394,77.5148137113353
2791,Shanthi Talkies,12.93679,77.57539
2792,ITI Layout,12.95116,77.52182
2793,Nagarabhavi 1st Stage 3rd Block,12.9524861091833,77.5203242908212
2794,Kalyananagara,12.96775,77.523844
2795,Kalyananagara Bridge,12.9690325972634,77.5179729234328
2796,Malagala Park,12.96931,77.51476
2797,Malleshwaram 11th and 13th Cross,13.00281303,77.5711841416
2798,Royan Circle,12.96038889,77.56775
2799,Ambedkar College,12.9632373651639,77.5049471671641
2800,Deepa Complex,12.966599,77.504882
2801,ITI Layout Mallathalli,12.968806,77.500022
2802,D Group Employees Layout,12.978245,77.498576
2803,Byadarahalli,12.9851907815062,77.481930737076
2804,East West College Cross,12.981158,77.485128
2805,Gidadakonenahalli,12.974538,77.48791
2806,Muddaiahnapalya,12.971462,77.487967
2807,D Group Employees Layout Cross,12.969993,77.49656
2808,Deepa Complex,12.9663146194,77.5050862972
2809,Nagarabhavi Circle,12.9596217535,77.5203752238
2810,Nagarabhavi 12th Block,12.96085,77.51316
2811,Aladamara Papareddy palya,12.9752613607493,77.5094088933843
2812,Nagarabhavi BDA Complex,12.9795230186178,77.5105517560529
2813,Srigandha kaval,12.97864,77.50178
2814,D Group Employees Layout,12.978122,77.498711
2815,Narasipura,12.976969,77.494597
2816,Hullala Bar Stop,12.961499,77.478713
2817,Mallathalli Cross,12.957512,77.503067
2818,Shanmuka Temple,12.9127626190871,77.5282232833347
2819,BEST CLUB GROUND,12.9140979388362,77.5247293359367
2820,Double Road,12.914788,77.520706
2821,Ideal Homes,12.9250619095,77.5179937575
2822,Indian Express,12.9837682,77.59633523
2823,BHEL Layout,12.9192706849,77.5086929463
2824,Halagevaderahalli,12.922374336,77.5144799799
2825,Bangalore Children Hospital,12.9098601407302,77.5135467213222
2826,Devadiga Soudha,12.9236,77.52176
2827,Machohalli,13.0060749580177,77.45295623446
2828,Machohalli Colony,12.9969776329,77.4517786503
2829,Machohalli Cross,12.99093717,77.45448863
2830,Forest Gate,12.99173517,77.45898066
2831,Chikkagollarahatti,12.99145471,77.46577014
2832,Gollarahatti,12.98827564,77.47352385
2833,College Stop Gollarahatti,12.98611191,77.47819171
2834,Byadarahalli,12.98507983,77.48282028
2835,Anjananagar Gollarahatti,12.98631775,77.48866704
2836,Herohalli Cross,12.98768854,77.49354275
2837,Sunkadakatte,12.99025846,77.50380878
2838,Kottige Palya Magadi Road,12.98773977,77.51434785
2839,Jn of Magadi Road,12.98699,77.52055
2840,Kamakshipalya,12.98379065,77.52972472
2841,KHB Colony,12.98123297,77.53568132
2842,Sunkadakatte,12.9901716113,77.5042220391
2843,College Stop,12.9858584409045,77.4783002598481
2844,Gollarahatti,12.9884683907108,77.4727791858196
2845,Machohalli Colony,12.9969621084627,77.4516973004743
2846,Sunkadakatte Tent Road,12.989177,77.507603
2847,Vinayaka Talkies,12.992938,77.508352
2848,Siddartha Badavane,12.994794,77.511259
2849,Kachohalli,13.0001609274209,77.4707274302327
2850,Gollarahatti,12.9885146541832,77.4730143492348
2851,College Stop Gollarahatti,12.9861071541241,77.4781757795068
2852,Anjananagar Gollarahatti,12.9861845404326,77.4881411515016
2853,Kottige Palya Magadi Road,12.98782032,77.51483597
2854,Kamakshipalya,12.98382718,77.52962733
2855,Bylakonenahalli,13.0109583959,77.4599192385
2856,Machohalli Cross,12.9908593155866,77.4542962366658
2857,Chikkamaskal,12.9200579661843,77.3301183591723
2858,Bairegowdana Palya Cross,12.9188928436297,77.3236764930473
2859,Gowdana palya,12.9272220925865,77.3184906160972
2860,Adikamaranahalli,12.9473664891,77.3096211534
2861,Shanubhogana Halli,12.961587118906,77.325034336971
2862,Thippagondanahalli Quarters,12.9528030185906,77.3357270222263
2863,TGHalli TB Gate,12.9624807384851,77.3430094166785
2864,Gangappana halli,12.958183245869,77.3517849686852
2865,Cholanayakanahalli,12.9604313616,77.3594978359
2866,Marenahalli,12.9732060526,77.361445874
2867,Devamachohalli,12.9666454833269,77.3794400581122
2868,Ganesha Temple Tavarekere,12.9670859864175,77.4031833230679
2869,Sub Register Office,12.9700428946336,77.4099457497489
2870,Channadasi Palya,12.9708903003,77.4147267826
2871,Honnagana Hatti,12.9743037530589,77.421191006197
2872,Channenahalli,12.9780403460544,77.4306490268272
2873,Hamsa Farm,12.9817816105458,77.4396216305548
2874,Sigehalli Gate,12.9842041153,77.4439730868
2875,Kadabagere Cross,12.989047567603,77.449310761651
2876,Kalya Gate,12.9579531823383,77.2213819738946
2877,Magadi,12.952125716787,77.2275051515709
2878,Maralagondalu,12.9475142386833,77.2712349778949
2879,Varadenhalli Hand Post,12.9549788520105,77.3126902382956
2880,Channenahalli,12.978002798248,77.4306754341232
2881,Kadabagere Cross,12.98909,77.44938
2882,Magadi,12.9554998688,77.2272284701
2883,Govt First Grade College,12.9604,77.23097
2884,BELAGUMBA,12.9949061337156,77.2464230694884
2885,CHALUVAIAHANPALYA,12.9921852646725,77.2646367264365
2886,Gollarapalya,12.9752685283911,77.2793338117138
2887,Thagachuguppe,12.9599644606251,77.2902700087597
2888,Shanubhogana Halli,12.9612721172661,77.3247908993521
2889,Devamachohalli,12.9666761844755,77.3793856578841
2890,Lakkuppe,12.9700278928331,77.4098900678116
2891,Channenahalli,12.9796743473091,77.4350329866634
2892,Chikkagollarahatti,12.9914354319607,77.4657955608858
2893,Herohalli Cross,12.9876382537178,77.4932433845586
2894,Sunkadakatte,12.9902782343683,77.5039166697778
2895,Helige Halli Colony,12.876178734,77.2067405004
2896,Managalu,12.9131758587514,77.204759828385
2897,Hoduvagera Gate,12.9332142866909,77.2154772727197
2898,Maralagondalu,12.9475055416251,77.2712390108565
2899,Varadenhalli Hand Post,12.9551138158452,77.3124328895357
2900,Gangappana halli,12.9581621707855,77.3517991574438
2901,Channadasi palya,12.9708739683978,77.4146594367153
2902,Honnagana Hatti,12.9742384920209,77.4210268296942
2903,Hamsa form,12.9816525881048,77.4393833116162
2904,Sigehalli Gate,12.9842730119071,77.4440733448092
2905,Kachohalli Cross,12.9906566784448,77.468774514753
2906,Kenchanapura,12.9540113267,77.4506845605
2907,Kannalli,12.9663074825488,77.4589453682262
2908,Yale Kodigehalli,12.9773210289226,77.464047680705
2909,Yale Kodigehalli Colony,12.9807994900915,77.4667731192982
2910,Yale Kodigehalli Colony,12.9807152251736,77.4668751747908
2911,Yale Kodigehalli,12.9771968323513,77.4640737281753
2912,Dombarahatti Dongadipura Cross,12.9721468619297,77.4604731329393
2913,Kannalli,12.9662465584,77.4590374622
2914,Hoshalli,12.9631242931278,77.4539070377558
2915,Gnanashakti Nagar,12.985245,77.458568
2916,Ashraya Badavane,12.98861,77.47259
2917,Bharathnagar 2nd Stage,12.97864,77.47786
2918,Bharath Nagara 1st Phase,12.98237,77.48021
2919,Laxmaiah Badavane,12.980806,77.464387
2920,Laxmaiah Badavane Cross,12.989998,77.469636
2921,Seegehalli,12.9727375042,77.4492094293
2922,Sulikere Palya,12.94388,77.44915
2923,Kenchanapura,12.957384712681,77.4500853400109
2924,Yale Kodigehalli,12.97733,77.4641
2925,Savanadurga,12.9155934501392,77.2974421270867
2926,Nayakanapalya,12.9037628199591,77.2812090737445
2927,Guddadahalli,12.9152932397781,77.2685161180219
2928,Gavi Nagamangala Cross,12.9360981997955,77.2433297088562
2929,Magadi,12.9512483187313,77.2373819879793
2930,Bramha Devara Gudda,12.9748,77.47533
2931,Bharathnagar 2nd Stage,12.9787,77.47782
2932,East West College Cross,12.9856,77.47982
2933,Madeshwara Nagara,12.99218,77.4943
2934,Maruthi Nagara,12.98976,77.49397
2935,Herohalli Cross,12.98777,77.49386
2936,Indian Express,12.9842580948,77.5989951286
2937,Basaveshwara Nagara,12.976919,77.480407
2938,Chaya Nursing Home,13.00764,77.56224
2939,Malleshwaram 18th Cross,13.0085521191,77.5714453217
2940,Jn of Palace Road,12.99793,77.58466
2941,CSI,12.98974514,77.59937014
2942,Ramamandira chamarajapete,12.95707,77.56251
2943,Tunganagara Cross,12.985467424162,77.4850682582828
2944,KHB Colony,12.98130035,77.53548929
2945,Kebbala,12.9874456488,77.5044157449
2946,Sunkadakatte,12.9893929,77.50655543
2947,Cholanayakanahalli,12.9604159389,77.3595898692
2948,Karikallu,12.9742116123557,77.3739774407239
2949,Sirsi Circle,12.96136,77.55923
2950,Kottige Palya Magadi Road,12.98784318,77.51542203
2951,Janapriya Enclave,12.98911,77.50086
2952,KACHOHALLI GATE,12.99054276,77.46860038
2953,Chikkagollarahatti,12.9914810207988,77.4651576097665
2954,Kadabagere  Gate,12.9888252122685,77.4491795150402
2955,Sigehalli Gate,12.9839667763477,77.4438133449585
2956,Hamsa Farm,12.9816382090122,77.4395421928076
2957,Channenahalli Arch,12.9797118343,77.4353733379
2958,Ittige Factory Magadi road,12.97483,77.43533
2959,Bridge,12.96926,77.43576
2960,Gidada Palya,12.9602116795093,77.4373860147471
2961,Tavare Kere,12.9657231923,77.3999732919
2962,Jodi Aladamara,12.940035928,77.3777661938
2963,Bychakuppe Gate,12.9676837195,77.38859687
2964,Ganakkal,12.9573689494,77.382199131
2965,Muddayyanapalya,12.9319566254254,77.4171796339978
2966,Gulaganjanahalli,12.9368629648286,77.4187455245262
2967,Eshwara Temple,12.9534547061223,77.4116521012736
2968,Manchenahalli,13.0349665135,77.3578280769
2969,Gowdana palya,13.0292049815225,77.359969656329
2970,Ajeez palya,13.0271806740591,77.3670369971541
2971,Sondekoppa,13.0199071993456,77.3842480121072
2972,Metipalya,12.99414807,77.4021664169
2973,Jettipalya,12.9699225258,77.3994001374
2974,Suliwara,12.9030119513217,77.362115859513
2975,Kurubara Palya,12.9114701602419,77.3627060950963
2976,Kurubarapalya Cross,12.9141249737615,77.3673456071891
2977,Dodda Aladamara,12.910096,77.394076
2978,Devastana,12.93368,77.40025
2979,Tavarekere,12.965727,77.400009
2980,Giddenahalli,12.9925861023,77.4180694018
2981,Maimanapalya,12.9857439745841,77.4273339386836
2982,Huluvenahalli,12.9194975204847,77.3653876800242
2983,Kudu Siddanapalya,12.9325620364,77.3716326524
2984,Bande,12.9261379579591,77.3603924798946
2985,Madapatna,12.9328349512,77.3607558757
2986,Hosapalya,12.9503892789339,77.3574357267767
2987,Gangappana halli,12.9564952263082,77.3537171084325
2988,Sub Register Office,12.969532,77.407771
2989,Gangena Halli,12.9833443835,77.392886309
2990,Gangenahalli Cross,12.97263,77.40012
2991,Jogerahalli,12.9855075013,77.3742439505
2992,Jogerahalli Cross,12.974623470269,77.3738901253235
2993,Hunnigere,13.0328962673,77.3963606916
2994,Gerahalli,13.037094150882,77.3906913630612
2995,Varthuru,12.9854933359,77.4021889642
2996,Mantanakurchi,13.044025423,77.3848935775
2997,Gerahalli,13.0372689095797,77.3907083867031
2998,Kanuvanahalli,12.9948783852,77.3645272292
2999,Nagasandra Palya,13.0014733101974,77.377715760003
3000,Nelamangala,13.09784525,77.3938808
3001,Sondekoppa Bypass,13.0923386423694,77.3949150663449
3002,Siddaganga College,13.0829380105714,77.3929923074174
3003,Lakshmi Devastana Nelamangala,13.0783728365142,77.3927872934923
3004,Mallapuara Gate,13.07285,77.39381
3005,Byregowdana Halli Colony,13.0644192766327,77.3938166113305
3006,Byregowdana Halli,13.05932,77.3939
3007,Lakkenahalli,13.0445603561,77.3927870672
3008,Mantanakurche Gate,13.0390542571289,77.3911128078276
3009,Gayathri Nagara Cross,13.0147740490314,77.3835167648745
3010,Water Tank,12.96742,77.40016
3011,Banasawadi,13.0147335213,77.3654673435
3012,Sub Register Office,12.969545,77.407777
3013,Soladevana Halli,13.0068432167,77.3511989135
3014,Lakshmipura,12.9896094952072,77.3830705516699
3015,Hosa Palya Gate,12.9835920020289,77.3872179199528
3016,Bychakuppe,12.9697823873215,77.3885755721271
3017,Herohalli Cross,12.9875218987798,77.4935262357309
3018,Kadabagere Gate,12.98907484,77.44956373
3019,Sigehalli Gate,12.9840866011,77.4439977296
3020,Channenahalli,12.9778917041,77.4307176098
3021,Honnagana Hatti,12.9742369531525,77.421289926467
3022,Channadasi Palya,12.9708228960647,77.4148396122722
3023,Sub Register Office,12.969916407,77.409810964
3024,Ganesha Temple Tavarekere,12.9670415748997,77.403341370001
3025,Tavarekere Magadi Road,12.9659547036125,77.4005487892785
3026,Byachaguppe Gate,12.9675514967496,77.3887184241358
3027,Peddanapalya,12.9595669359,77.3893892113
3028,Puradapalya,12.9470169637,77.3812085576
3029,Kudu Siddanapalya,12.9325545765,77.3717052396
3030,Kempadyapana Halli,12.8668360971,77.3542411253
3031,Ankana Halli,12.8566059843,77.3574498016
3032,Ganakkal,12.8521400560276,77.3573014569835
3033,Karenahalli,12.84808,77.35783
3034,Borehalli,12.8434933981595,77.3581157574645
3035,Guddada Halli Dinne Cross,12.8317508470709,77.3609419480574
3036,Kakaramana Halli,12.8301552963,77.3631330673
3037,Shettigowdana Doddi,12.8115051249128,77.3683346747328
3038,KHB Colony,12.8013,77.38446
3039,Annekarana Halli,12.8696757182,77.2700377833
3040,Athimagere Village,12.870613,77.278888
3041,Athimgere Gate,12.8746638376278,77.2834693758955
3042,Matha,12.8812065348,77.2916709725
3043,Matha Gate,12.8889032278449,77.2936677028559
3044,Dabbaguli,12.890788,77.322756
3045,Dabbaguli Cross,12.879728,77.316198
3046,Muddana Palya,12.9192189669246,77.3821361082747
3047,Dodderi Grama,12.8663712563937,77.3782080205564
3048,Hunnigere,12.9231422981882,77.3687723449561
3049,Aralimarada Palya,12.9304014333,77.3647934385
3050,Kallur,12.9459258076,77.3180944193
3051,TGHalli,12.952506353238,77.3354258888618
3052,T B Cross,12.9625129359551,77.3428916904762
3053,TGHalli,12.9522764026276,77.3353929837908
3054,Vidyamanyanagar,13.0046617586023,77.4874159003918
3055,Herohalli,12.9915064104612,77.4875231588005
3056,Upkar Badavane,12.96038,77.48346
3057,Muddana Palya,12.966375,77.487767
3058,Gidadakonenahalli,12.974596,77.487792
3059,East West College Cross,12.985528,77.486296
3060,Thigalarapalya Church,13.013688717,77.4834723026
3061,Acharya College,13.0018549785,77.4883354828
3062,Bhavani Nagara 2nd Stage,12.95583,77.48695
3063,Park,12.9694446711698,77.5146535879595
3064,Malagala,12.9757265747,77.5152845588
3065,Nagarabhavi 9th Block,12.96868,77.51026
3066,Nagarbhavi BDA 2nd Block,12.983133,77.510852
3067,Vokkaligara School,12.9859761934176,77.5114222719129
3068,Eerannapalya Sunkadakatte,12.975567,77.497678
3069,ITI Layout Mallathalli,12.968819,77.500034
3070,Ravuthanahalli,13.0266347802171,77.4238303578277
3071,Chamundi Nagara Magadi Road,13.0199137827078,77.4219371569642
3072,Devananjayyana Palya,13.0145967553199,77.4204259242958
3073,Kittanahalli,13.009225573345,77.4215861095349
3074,Betta Halli Gate,13.0081972535008,77.4348557259434
3075,Byandana Halli,13.0059847422,77.4422800262
3076,Byandana Halli Colony,13.0033044708757,77.4423833935986
3077,Janapriya Town Ship,12.99909582,77.44280529
3078,Mutturayaswamy Temple Magadi Road,12.99198446,77.4426586
3079,Sub Register Office,13.0879452159057,77.3939370285546
3080,Ittige Factory,13.0684889934139,77.3947822218543
3081,LAKSHMI TEMPLE,13.0252749749308,77.3845723815759
3082,BASAVESHWARA NAGARA,13.008601369596,77.4115800762757
3083,Kallegoudana Palya,13.0099608935432,77.4139515444486
3084,KITTANAHALLI,13.0089895846623,77.4195539561972
3085,Kittanahalli Palya,13.0091470819683,77.4214086534501
3086,Kadabagere,12.9969205521,77.4331094697
3087,Bettenahalli,13.0169461203262,77.4371675101964
3088,Vaddarahalli BMTC Training Centre,13.0198845511317,77.4484404128904
3089,Junction of Vaddarahalli,13.0148468528187,77.4470469598996
3090,Vaddarahalli,13.0146470813109,77.4495356513185
3091,Jn of Vaddarahalli,13.01542282933,77.4431395977381
3092,Avarehalli,13.0349076726,77.4160120636
3093,Averehalli Cross,13.033374477781,77.4218795752702
3094,Ravuthanahalli,13.026687054447,77.423926137494
3095,GANESHA TEMPLE,13.0838625448508,77.3931003150074
3096,Mallapuara Tavare kere,13.0746682955465,77.3994148763083
3097,Karekal Palya Cross,13.0697759121636,77.4022880644205
3098,Shivanapura,13.068195,77.402392
3099,Papaiahnapalya,13.0657235738923,77.4041249849124
3100,Hullegowdanahalli,13.0604692580796,77.4063473022206
3101,Kenganahalli,13.0516953785244,77.4115625721614
3102,Harti palya,13.0372035119454,77.4260149013583
3103,Kittanahalli,13.0087320138389,77.428221701526
3104,Betta Halli Gate,13.0081056977382,77.4347088722294
3105,Baleveerana Halli,13.0185262486,77.393921474
3106,Tavare Kere Magadi Road,12.9659313988,77.3999410216
3107,Kammasandra,13.03433688684,77.4394261520108
3108,Kammasandra Colony,13.029914,77.439022
3109,Kamadhenu Kshethra,13.0256777297195,77.4476337641933
3110,Ganesha Circle,13.025697,77.454627
3111,Magadi Road 10th Cross,12.975759,77.55687
3112,Bettahalli Cross,13.015280241596,77.4431805121945
3113,Madanayakanahalli,13.0606236868,77.461264031
3114,Siddana Hosahalli,13.0571890798912,77.4602736916667
3115,Dombarahalli,13.0493558943,77.4599098507
3116,Rajeshwari Nagara,13.0453056260008,77.4613212145148
3117,Laxmipura,13.03777311,77.4612450041
3118,Kadirenahalli Village,13.0417679391164,77.448242312635
3119,Kamadenu Kshetra,13.0299028175027,77.4390644117177
3120,Annapoorneshwari Nagara,12.98073,77.50679
3121,Kottige Palya Magadi Road,12.98774203,77.51419349
3122,KG Lakkenahalli,13.0160521623,77.4564922135
3123,Jyothinagar,13.0237058990783,77.4589317474227
3124,Kammasandra,13.0257477611,77.4594334234
3125,Gangondanahalli Cross,13.0290686757851,77.4646101529708
3126,Gangondanahalli,13.0216765859596,77.4676410511072
3127,Gangondanahalli Colony,13.0243982976933,77.4709336786733
3128,Shanthinagara,13.0262548146513,77.4730996484591
3129,Thippenahalli Cross,13.0294716814332,77.4837244427962
3130,Indiranagar Tumkur Road,13.0277152560054,77.4937645370251
3131,Gruhalaxmi layout,13.029082953974,77.4978711013709
3132,Nelagedaranahalli,13.0315511656163,77.5034554629178
3133,Om timber,13.0337352119139,77.5040860869677
3134,Nagasandra Cross,13.0385838076,77.5044646114
3135,Rukmini nagara,13.0408989581575,77.504770922493
3136,8th Mile T Dasarahalli,13.0455508681172,77.505437633033
3137,Guddada Halli Mysore Road,12.95569,77.54603
3138,NTTF,13.0252156095954,77.5113073997503
3139,Malagala,12.9784348345924,77.516553351103
3140,Deepak,13.04697854,77.50160915
3141,Widia School Tumkur Road,13.04863165,77.49679129
3142,Morision Factory,13.05027171,77.49226064
3143,Chikka Bidarakallu,13.05192721,77.48780348
3144,Jindal,13.05344802,77.48347582
3145,Anchepalya Nelamangla Road,13.05480073,77.47981299
3146,Madavara,13.05664589,77.47331419
3147,TCI Tumkur Road,13.05860253,77.46620505
3148,Madanayakanahalli,13.06089186,77.46119805
3149,Makali,13.0656326,77.45316628
3150,Adakamaranahalli,13.07039154,77.44458589
3151,Dasanapura,13.07521516,77.43587089
3152,Devanna Palya,13.07730619,77.43126864
3153,Arishinakunte,13.07963882,77.42427357
3154,Ashrama Binnamangala,13.0839535,77.41726002
3155,Binnamangala Nelamangala,13.08730645,77.41254541
3156,Nursery,13.090185192727017,77.40914376227954
3157,Weavers Colony,13.09405487,77.40558789
3158,TB Stop Nelamangla Road,13.09721005,77.40122391
3159,Chikka Banawara Sante Beedi,13.0804893022539,77.5024000363525
3160,Dwarka Nagar Chikkabanavara,13.0878809526458,77.4950012881274
3161,Soladevana Halli Police Station,13.0934014066581,77.4888072341528
3162,Tharabana Halli Hesaraghatta,13.1012202886418,77.4809153643706
3163,Tharabana Halli Choultry,13.105492854315,77.4792566056206
3164,Thore Nagasandra cross,13.11192,77.48184
3165,Huruli Chikkanahalli,13.1158077903,77.482730085
3166,Thirumalapura Gate,13.1254122779,77.483583279
3167,Hesaraghatta TB Cross,13.1305693882514,77.4843160406955
3168,Hesaraghatta Village,13.1378512736,77.4786144868
3169,Bharath Nagara Ist Phase,12.98179,77.4802
3170,HMT Shopping Complex,13.0497028957339,77.5379161091106
3171,Durgaparmeshwari Temple,13.0816901966023,77.5596764668684
3172,Vidyaranyapura,13.0839060533558,77.560243047386
3173,Hagganahalli,13.004567,77.505047
3174,Karim Sab Layout,13.004076193988,77.5100958401033
3175,Vinayaka Nagara,13.1386008062666,77.4747608977971
3176,Hoysala Nagara Sunkadakatte,12.98906,77.49922
3177,Vigneshwara Nagara,12.99359,77.49965
3178,Rolling Mill,13.0265732023374,77.5146815716789
3179,TVS Cross,13.0285766390801,77.5195554073965
3180,System Jalahalli Cross,13.0349941338383,77.5179021845753
3181,Sidedahalli,13.0624661496497,77.4951999161133
3182,Bone Mill,13.0637669157617,77.5049332318415
3183,Sheshadri Nagara,13.06393,77.4884
3184,Thotada Guddadahalli,13.0681098947627,77.4893577355616
3185,Thammenahalli Palya,13.0759675339033,77.4882508600536
3186,8th Mile Dasarahalli,13.04503972,77.50771629
3187,Chikkabanavara,13.0819445080855,77.5002850635462
3188,Meenakshi Layout,13.0654518306,77.4926555995
3189,Thammenahalli,13.0786091555,77.4893225357
3190,Lourdhubhai Kalyana mantapa,12.9975024238,77.5232390687
3191,SAPTHAGIRI COLLEGE,13.0666550528,77.5031523407
3192,Kirloskar Badavane,13.0673905275767,77.5001060427114
3193,Nagasandra Cross,13.0384611429849,77.5043717240827
3194,Nagasandra,13.0393100996,77.5000567362
3195,KRS Gowda Layout,13.0343995474498,77.4991414698028
3196,Shetty halli  cross,13.0503069655162,77.5253639095934
3197,Shettty Halli,13.0648695201212,77.5173457342089
3198,Thore Nagasandra cross,13.1119,77.48193
3199,Guddadahalli Hesaraghatta Road,13.1412857305123,77.4622525904728
3200,Thotagere Temple,13.1382493302,77.453340115
3201,Chikka Kukkanahalli,13.1585105808672,77.4491446639292
3202,Kodihalli Hesarugatta,13.1899715021931,77.4538207726107
3203,Madhure,13.2021496886674,77.4569113034099
3204,Kodipalya,13.2097480408768,77.4517314148361
3205,Kanasawadi Mudhure Temple,13.2065173063902,77.4397072426943
3206,Jalahalli cross,13.03940372,77.51900024
3207,Bagalagunte Village,13.0570637439999,77.5018672297867
3208,Sapthagiri Hospital,13.0709216686758,77.5038461230795
3209,Medarahalli Railway Gate,13.0762565229,77.5051061623
3210,Goragunte Palya,13.02911652,77.53913523
3211,Mallasandra Bagalagunte,13.0573229771,77.5093671866
3212,Munikondappa Badavane,13.043735,77.518198
3213,Ghanigara Halli,13.0890758284844,77.5102650521403
3214,Chikka Banawara Sante Beedi,13.0803491798876,77.5024458583163
3215,Chikkabanawara Railway Gate,13.0754586495,77.5047392026
3216,Janapriya Apartments,13.0732598540988,77.5031339897225
3217,Sapthagiri College Chikka Banawara,13.0667320135645,77.503338713534
3218,Bone Mill,13.0639091538335,77.5051955240698
3219,Bagalagunte,13.0570226434639,77.5072479826503
3220,Widia School Bagalagunte,13.051208886598,77.5078871740631
3221,Kere Guddadahalli,13.0794625277432,77.5156185696084
3222,Somashettihalli,13.0874142578907,77.521103190837
3223,Ravindra Nagara,13.04998,77.51623
3224,Chimani Hills,13.07211,77.49944
3225,Navarang Talkies,12.99868,77.55273
3226,Geleyara Balaga,13.0711729396364,77.5060734060558
3227,Kudhurgere Madhanayakanahalli,13.0757940933,77.4724288099
3228,Kudhurgere colony Madhanayakanahalli,13.0682705808,77.4760638736
3229,Thotada Guddadahalli,13.0681464839305,77.4894376643205
3230,Meenakshi Layout,13.0655279383,77.4926750455
3231,Sidedahalli,13.0625889527395,77.4952768915655
3232,Bone Mill,13.0638360123542,77.5049513400337
3233,Ananda Rao Circle,12.9817167018,77.5746058021
3234,Soundarya Layout,13.0669,77.49709
3235,Bireshwara Circle,13.0655126668075,77.4940164842191
3236,Ganapathi Nagar,13.0789264820448,77.4969835797016
3237,ACHARYA COLLEGE CROSS,13.084308041644,77.4864196237873
3238,Achyutha Nagara,13.0896970452099,77.4861529357529
3239,Hesaraghatta TB Cross,13.1306730578049,77.4844754915283
3240,Ivara Kondapura,13.1375332684483,77.4944154925571
3241,Muthkur Cross Hesaraghatta,13.1429847882703,77.5023724503974
3242,Shivakote,13.1334032794731,77.5147267468813
3243,T B Hesaraghatta,13.1355869178826,77.4909272217463
3244,siemens bank,13.1490795434288,77.4966599884859
3245,Koli Farm Hesarugatta Road,13.171800592242,77.5026609221092
3246,KMF,13.1885850934043,77.5074777726032
3247,Kakolu,13.1870769113735,77.5202095489678
3248,Rajanukunte,13.1728646729818,77.5641729238811
3249,Itagalapura Cross,13.1700770450282,77.5501099093526
3250,Cable Factory Kakolu Road,13.1739868054051,77.5404065252152
3251,Dibbur Cross,13.1725887016964,77.5301509203401
3252,Seetakepanahalli Gate,13.1736239761499,77.5253723857576
3253,Seetha Kempanahalli CROSS,13.1709494814,77.5216519553
3254,Koluvarayanahalli,13.165012304162,77.5217630052133
3255,Linganahalli,13.1564774523286,77.5232196438981
3256,Muthkur Hesaraghatta,13.1562762894,77.50917105
3257,Muthkur Hesaraghatta,13.1429567465952,77.5023161281348
3258,Ivara Kondapura,13.1376227182749,77.4945140443817
3259,TB Stop Tumkur Road,13.1353977229,77.491142666
3260,Hesaraghatta T B Cross,13.1303755010584,77.4844427333419
3261,Thirumalapura Gate,13.1254346003758,77.4836754067015
3262,Hurali Chikkana Halli,13.1157687306,77.48280745
3263,Tharabana Halli Choultry,13.1054102659,77.4793071768592
3264,Tharabana Halli Hesaraghatta,13.1012771420161,77.48098008496
3265,Soladevana Halli,13.0934768863987,77.4888659663202
3266,Dwarka Nagar,13.0878252260298,77.4951502027216
3267,Laggere,13.0104310505389,77.5249467306941
3268,Parvathi Nagar,13.0163273500355,77.5202312033826
3269,MEI Colony,13.0200258427114,77.5206214121549
3270,TVS Cross,13.0274656602299,77.5202097461948
3271,Rajagopala Nagara Police Station,13.0237221508969,77.5218548774689
3272,Laggere Cross,13.0217799099515,77.5227384638287
3273,MEI Colony,13.0200859532,77.5208252482
3274,Parvathi Nagar,13.0163802885483,77.5203619526771
3275,Matkuru Cross,13.1431455277517,77.5023082907734
3276,Muthkur Hesaraghatta,13.1563662553396,77.5092377468672
3277,TB gate,13.1389050538593,77.4927330422117
3278,Work shop,13.1561412805377,77.4983050549853
3279,KMF,13.1885459527291,77.5073555562916
3280,Govt Hospitals,13.1935946402191,77.5017555737029
3281,Sonnenahalli,13.1976937548672,77.5003116436343
3282,Karlapura Gate,13.2001719640188,77.4919040321163
3283,Karlapura,13.2066767133264,77.4917610276239
3284,Karlapura Palya,13.2126581669,77.4957534671
3285,Peenya 2nd stage,13.0110313068506,77.5068119553069
3286,Machohalli,13.0061897241345,77.4529241683666
3287,Rajani Farm,13.01967,77.51882
3288,Shankar Nagara,13.0162404347228,77.5435864497309
3289,Andrahalli,13.0078356280907,77.4848549761181
3290,Balaji Nagara,13.01002,77.49679
3291,Thigalara Palya,13.016724,77.483119
3292,Laggere,13.0138711073,77.5207546726
3293,Boopa Sandra,13.0425285612244,77.5807370575392
3294,Nagashettyhalli,13.0417332594362,77.5728111814403
3295,RMS,13.0378509153373,77.5742702250855
3296,Sanjay Nagara,13.0343214004847,77.5756964387139
3297,Geddalahalli,13.0308790269343,77.5775371290293
3298,Ashwatanagara Bhupasandra,13.0268936538184,77.5798920153642
3299,Mekhri Circle,13.0144221,77.58470825
3300,Indira Priyadarshini Nagara,13.00677,77.51754
3301,Annapurna Nagara,12.99983,77.51732
3302,Hesaraghatta Village,13.1375797932291,77.4803528686034
3303,Hesaraghatta Indo Danish Farm,13.1623775605,77.4808316678
3304,Hesaraghatta Indo Danish Farm,13.1624380994603,77.4807920070651
3305,Central Seed Production Farm,13.1786110926229,77.489479940585
3306,Byatha,13.1930936449133,77.4846022830968
3307,Bili Jaji,13.1257786509,77.4756928906
3308,Thore Nagasandra,13.1146220611513,77.4745675810337
3309,Basavana Devastana,13.1380588066098,77.4533963791861
3310,Gopalapura,13.1412955972918,77.4261249421962
3311,Railway Gollahalli,13.1464325823,77.4173324648
3312,Bandaiahana Palya,13.1763170846,77.4527938664
3313,Doddakukkanahalli Cross,13.1754487141001,77.4412884404745
3314,Shastri Palya,13.17165046,77.4359401222
3315,Kallodu,13.1777998622093,77.4343619202322
3316,BGS college,13.1447958151554,77.4511957381787
3317,Mallohalli Cross,13.2157791685,77.455449421
3318,Mallohalli,13.2306890655,77.4511054158
3319,Bandaiahana Palya,13.1762633566,77.4528247118
3320,Mallohalli,13.2306960933865,77.451091631298
3321,Muppadighatta,13.2429971404638,77.4479642244305
3322,Hadripura,13.2591630612,77.4426329043
3323,Kanasawadi Madhure Temple,13.2064273953,77.439741483
3324,Govindapura Cross,13.11855,77.46477
3325,Agrahara Gate,13.129024,77.455966
3326,Totagere,13.1361365785492,77.4458847499976
3327,Birrayanapalya Mori,13.1697931141,77.4516799115
3328,Agrahara Gate,13.129254,77.45585
3329,Hosahalli Palya,13.130362,77.462427
3330,Chikka Kukkanahalli,13.1582728587,77.4484497774
3331,Jayamahal,13.00033167,77.59473197
3332,Thammarasanahalli,13.1256720331,77.4974005111
3333,Kumbarahalli Cross,13.1066132805304,77.4901073258667
3334,Shabari Nagara,13.1091912079738,77.4916469547333
3335,Shiluvepura,13.1143063290257,77.5010113595776
3336,Raghavendra Dhama,13.1144968639156,77.5147781735861
3337,Kalathammanahalli,13.1038588152216,77.5166478452431
3338,Kumbarahalli Cross,13.1066399999,77.4902761448
3339,Kempapura,13.0955978040462,77.4996196770178
3340,MATTHAHALLI,13.1081353997954,77.4573060765157
3341,Basappa Layout,13.107847,77.449968
3342,Mathahalli Cross,13.1102445857938,77.4438001538481
3343,Kanva Gate,13.1045852734697,77.4438255170167
3344,Vaderahalli,13.0994556232704,77.4448599084294
3345,Nagaroor Cross,13.0920011027786,77.4453711789825
3346,Manthri Layout,13.0845294809245,77.4478397594646
3347,BISCUIT FACTORY,13.0804444562644,77.4505676461579
3348,Nisarga Layout,13.0731632803636,77.4524813197611
3349,Madanayakanahalli,13.06175751,77.46049267
3350,TCI Tumkur Road,13.05919708,77.46556405
3351,Huskur Village,13.1241109092888,77.4311043301896
3352,Huskur Cross,13.1205518990171,77.4231961127977
3353,Chikka Veerana Palya,13.1142241984962,77.4316790234142
3354,Pillahalli Cross,13.1114919294824,77.4382626457829
3355,Kanva Gate,13.1043972394097,77.4439745596798
3356,Kodipalya,13.09608,77.44522
3357,Chikka Bidarakallu,13.05221395,77.48819422
3358,Vaderahalli,13.0991976243,77.4521002639
3359,Pillahalli,13.1028704351156,77.4289589372656
3360,Narasipura,13.109951230506,77.4635876218616
3361,Basappa Layout,13.107777,77.450188
3362,Mathahalli cross,13.1103774669508,77.4438402815429
3363,Bylanjaneya Temple,13.150189863582,77.4095727620281
3364,RAILWAY GOLLAHALLI ARCH,13.1482559659259,77.4118076701133
3365,Kuda Road uskur Cross,13.1439737504461,77.4123162072408
3366,Hyadalu,13.1395791078121,77.4100135697898
3367,Bommshetty Halli Gate,13.1259079506227,77.4167288025249
3368,Govinda Pura,13.1178893521,77.4602924846
3369,Honnasandra,13.1169349886,77.4470815994
3370,Shivanapura,13.0493187625,77.4214939121
3371,Thimmabhovi Palya,13.0595060438,77.4192266911
3372,VINAYAKA NAGARA,13.0676083544994,77.4209459237295
3373,GEJJAGADAHALLI CROSS,13.0714823572943,77.4228459817518
3374,Adarsha Nagara,13.0761802476,77.4237053934
3375,Arishinakunte,13.0794942138383,77.4240806811549
3376,Anche Palya,13.05486976,77.48091071
3377,Gejjagadahalli,13.0607324839,77.4289832264
3378,GEJJAGADAHALLI COLONY,13.0650442922714,77.4303762355108
3379,Adarsha Nagara,13.0763068143,77.4237929843
3380,Thippenahalli Anjaneya Temple,13.0357335415,77.484391965
3381,Muniswamappa Layout,13.043941,77.490502
3382,Marision Factory,13.0502625648,77.4920973647
3383,Averehalli Cross,13.0334365672737,77.4218457205929
3384,Shivanapura gate,13.0420029536,77.427669866
3385,Ravuthanahalli Cross,13.0734346706162,77.4389137526901
3386,Ashrama Nelamangala,13.08390891,77.41755679
3387,Marikuppe,13.0422743338882,77.2985324023071
3388,Magadi Rangappanapalya,13.0359815079714,77.2996178724273
3389,Thirumalapura,13.0203696455801,77.293676251021
3390,Hosapalya,13.0113616194139,77.3032221182899
3391,Motaganahalli,13.0049581098798,77.3118379736818
3392,Sriramapura Colony,13.0228376854686,77.312314310604
3393,GEJJAGAL PALYA,13.0305901930477,77.3131907369257
3394,Basavanahalli,13.0386340821296,77.3147196095713
3395,JELLI CRUSHER FACTORY,13.0451234523,77.3153972905
3396,MARAMMA TEMPLE,13.0538343684018,77.3156543948611
3397,Nandagokula Nagara,13.0610120203,77.3179262783
3398,Mahadevapura,13.0661497079,77.319420604
3399,CADBURYS FACTORY,13.0632306190833,77.3301050920836
3400,Sitha Rama Palya,13.0610949736046,77.3345664745847
3401,Yantaganahalli,13.0629584613841,77.3462118633533
3402,Karekallu Cross,13.0680961281867,77.3602229694237
3403,Srinivaspura,13.0750524625,77.3648976255
3404,Shanthinagara,13.078927584,77.3670854699
3405,Mallara Banavadi Cross,13.0826726183,77.3716068361
3406,Cement Factory Nelamangala,13.0899290834,77.3764043022
3407,Nelmangala Bypass,13.0978273857178,77.3855002055594
3408,Aluru,13.0849729721718,77.4656304306079
3409,Hegde Devanapura,13.0759423575013,77.4585927586962
3410,Makali,13.065520196031,77.4544564526615
3411,Central,12.9884574283,77.5743120164
3412,Madanayakanahalli,13.0612761341,77.461576676
3413,Aluru Palya,13.0974607392554,77.4706847218404
3414,Adakamaranahalli,13.0648268759,77.4433681648
3415,Machanayakanahalli,13.1450060739405,77.3801407235784
3416,Narayana Rao Palya,13.1414812924125,77.3809703225478
3417,Papabhovipalya,13.1370908033412,77.3778626347592
3418,Dinnepalya,13.1338698271908,77.3734596465448
3419,Veeranjanapura,13.1306870327551,77.3684463768582
3420,Papabhovipalya Cross,13.1283898998347,77.3674678187609
3421,Bommanahalli,13.1213336651568,77.3684549387174
3422,KBD Factory,13.1172617808857,77.3723115807104
3423,Nelmangala Bypass,13.0981824355071,77.386166818745
3424,Pillahalli colony,13.1042276045367,77.4339872739457
3425,Pillahalli,13.1027745538472,77.4289649928727
3426,Bhakthana Palya,13.1002037214724,77.4105355947317
3427,Vajarahalli,13.1011471581719,77.4054514777373
3428,govardana talkies,13.0187438395838,77.5535012783265
3429,Navarang Talkies,12.9978,77.55334
3430,Navrang,12.99131,77.55777
3431,Navarang Talkies,12.99854,77.553
3432,Govardhan,13.0186,77.55351
3433,Mylanahalli,13.1336968407917,77.3991045191786
3434,Mylanahalli Cross,13.12785,77.39832
3435,Garments,13.1223290993837,77.3937687099311
3436,Basavanahalli Mylahhali,13.110426491842,77.3882694006408
3437,Renuka Nagar,13.1056481833201,77.3881811939701
3438,Hunasemara Nelamangala,13.1003836868378,77.3909286031134
3439,Guruvanahalli,13.0499374308,77.3618364707
3440,Karekallu Cross,13.06596,77.36065
3441,Ananda Rao Circle,12.98072,77.57473
3442,Bommashetta Halli,13.1307233056506,77.4190148680735
3443,Bommashetty Halli,13.1258261632159,77.4167747788631
3444,Mylanahalli Cross,13.1271003872285,77.3983968301169
3445,Yentaganahalli,13.0615821574,77.3421729449
3446,Mahadevapura,13.0666667037,77.319542896
3447,Thyamagondlu,13.2156024424526,77.3022921983157
3448,Kere Kodi,13.2147074686754,77.309414355205
3449,Subramanya Nagara,13.2117341587214,77.3126790270745
3450,Gundenahalli Cross,13.2065636568945,77.3159668329731
3451,Kallaghatta,13.1956211075318,77.3210686050172
3452,Arevesandra gate,13.1849805747543,77.325164813171
3453,Jakkanahalli Cross,13.1656044646765,77.3343977616031
3454,TBegur,13.1500920979211,77.3395192879049
3455,Thonachaguppe,13.1420920859507,77.3477735656213
3456,Budihal Gate,13.1312209832756,77.3589908624134
3457,Kanegowdanahalli,13.129674694938,77.3846208108652
3458,Islampura,13.1218956616126,77.3853205438434
3459,Byregowdana Halli Cross,13.0594453524875,77.3937224549772
3460,Nelamangala Court,13.0880251341,77.3937892076
3461,Byregowdanahalli Cross,13.0592754664078,77.3938043201116
3462,Ramadevanahalli,13.1897788402,77.4325983413
3463,Kannamangala Gate,13.190611664268,77.4199012637164
3464,Guttepalya,13.1672514909325,77.411580738154
3465,Railway Gollahalli,13.1505533233212,77.41186970825
3466,Mylanahalli,13.1325716403254,77.4036023590682
3467,Vajrakatte Palya,13.15784057334,77.3813752827723
3468,BolaMaranahalli,13.1594392775784,77.3979167931846
3469,Byrashettyhalli,13.1564933437645,77.4035463888326
3470,Byranayakana Halli College,13.2072129790372,77.3788739860395
3471,Byranayakana Halli Railway Bridge,13.1946244872228,77.3818038088955
3472,Chikkanahalli,13.1837451997351,77.3843577809909
3473,Chikkanahalli Bande,13.1794732135968,77.3902203779138
3474,Thyagadahalli,13.1743835384049,77.3948941116536
3475,Betta Halli Palya,13.1645823551272,77.3943377332413
3476,Kannamangala,13.1964046844209,77.410431947264
3477,Uddi Chikkanahalli Gate,13.1726,77.41462
3478,Arjuna Bettahalli,13.159782107019,77.418910051926
3479,Malleshwaram 15th cross,13.0029097572,77.5652673561
3480,Malleshwaram 18th Cross,13.0090630066788,77.5713957566038
3481,Suryodaya Mill,13.02408,77.54779
3482,Goragunte Palya,13.0287329759,77.5399275217
3483,SRS Jalahalli Cross,13.03383144,77.53101035
3484,Arishinakunte,13.08025314,77.42271743
3485,Hunasemara Nelamangala,13.1006500703275,77.3905850089088
3486,Renuka Nagar,13.1057977394521,77.3880654867004
3487,Basavanahalli Mylahhali,13.110496375193,77.3881495221805
3488,Mylanahalli Cross,13.1273262898357,77.3985137614898
3489,Hyadalu,13.139703634954,77.4099846603322
3490,Railway Gollahalli,13.1465994508685,77.4173531819263
3491,Guttepalya,13.1672185130768,77.4114958073026
3492,Uddi Chikkanahalli Gate,13.17268,77.41444
3493,Uddichikanahalli,13.17176,77.397863
3494,Kenjiganahalli,13.18038,77.39615
3495,Nagenahalli,13.19287,77.3992
3496,Goravanahalli,12.9792967625,77.3442172911
3497,KHB Colony,12.9824651635586,77.3465514352671
3498,Handhigutte,12.9869823822405,77.3478619699127
3499,Rangappana Palya,12.9928219147131,77.3494246246336
3500,Leelavathi Estate,13.0009147533689,77.3498518876643
3501,Sondekoppa Cross,13.0192849785,77.3507991806
3502,Highschool,13.0259749029705,77.3484850707341
3503,Dodda Londa,13.0302385745662,77.3488022959391
3504,Chikkalonad,13.0378952572424,77.3500322475551
3505,Goribelle,13.0443113259564,77.3525534905677
3506,Goravanahalli Cross,13.0562825924223,77.3578720795804
3507,Nelamangala Hunasemara,13.0999522312317,77.3909885647963
3508,Tore Kempahalli,13.1198886875,77.3303027451
3509,Byrasandra,13.1097246241,77.3293497227
3510,Jogi Palya Gate,13.1046079698817,77.3285385261512
3511,Hosapalya,13.0995972303074,77.3274047487885
3512,Hosapalya Gate,13.0959878281011,77.3258158766689
3513,Mudla Palya,13.0950886477,77.3325221892
3514,Thore Palya Gate,13.0948578063185,77.3383900595987
3515,HanumantheGowdana Palya,13.0934616176831,77.3439054224592
3516,Yelachagere Cross,13.0927626006214,77.3593494445576
3517,Kempalingana Halli,13.094643401,77.3746711761
3518,Chikkamaranahalli,13.0904006492,77.3232032731
3519,Chikkamarana Halli Colony,13.0965926731217,77.3225930073162
3520,HOSAPALYA GATE,13.0959528316964,77.3256803666493
3521,Yelachagere,13.1038111140519,77.3484035133486
3522,Hemapura,13.123479090943,77.2808878394627
3523,Rangenahalli,13.1131334361146,77.2849805676132
3524,Bittasandra,13.1079256162,77.2874890734
3525,BITTASANDRA COLONY,13.1058773148488,77.2942480446401
3526,Kuppemala,13.1057428193588,77.2996475157019
3527,KALLI PALYA,13.1053957683277,77.3044204698169
3528,KAMBADA KALLU,13.099821497219,77.3112359406838
3529,Chikkamarana Halli Colony,13.0966786745147,77.3227523998912
3530,Yennigere,13.0944543891,77.3003093619
3531,Kuppemala,13.1056079805556,77.2996591488822
3532,Bittasandra,13.1075227844807,77.2867436429323
3533,Jodi Ragi Thimmasandra,13.2049354974131,77.4203674049871
3534,Anchepalya Nelamangla Road,13.05510974,77.47884734
3535,RAILWAY GOLLAHALLI ARCH,13.1481783659533,77.4117653080667
3536,Kannamangala Gate,13.1905970245155,77.4197833802479
3537,Puttenahalli,13.197541,77.425093
3538,Muthyalaya Nagar Cross,13.0382630742835,77.5533486723795
3539,Muthyalaya Nagar,13.041352937,77.5487918034
3540,Mallara Banavadi,13.0741498992,77.3800369352
3541,Hanchipura,13.0670852121,77.3722181283
3542,Doddabidarakallu,13.0359317344471,77.4936265606838
3543,Sri Shaneshwara Swamy Temple,13.0381178880467,77.4938223048163
3544,Venugopal Nagara,13.039756855,77.4940503482
3545,Rockline Studio Rajiv Gandhi Nagara,13.0406094036623,77.4962649964113
3546,Nagasandra,13.0394529329651,77.5001530347402
3547,Malleshwaram Railway Gate,13.00065,77.56324
3548,Chowdeshwari,12.9939679207231,77.566444570476
3549,Kammasandra,13.0344002320281,77.4393571026568
3550,Ganesha Circle,13.0256367847,77.4546963908
3551,KG Lakkenahalli Cross,13.0258889228034,77.4594225655963
3552,Gangondanahalli Cross,13.0290591820769,77.464480687963
3553,Lakshmipura,13.0377848487061,77.4611766269556
3554,Rajeshwari Nagara,13.0452839899101,77.4611888297579
3555,Dombarahatti Dongadipura Cross,13.0488847475,77.459711954
3556,Siddana Hosahalli,13.0572077681152,77.4601837299526
3557,Madanayakanahalli,13.0607379928877,77.4612298756279
3558,Nagasandra,13.0393698396233,77.4999088130468
3559,Rockline Studio Rajiv Gandhi Nagara,13.0405273195,77.4962442275
3560,Venugopal Nagara,13.0397311226,77.4941097759
3561,Sri Shaneshwara Swamy Temple,13.0380672713368,77.4939047034406
3562,Doddabidarakallu,13.0360136178881,77.493744324095
3563,Byraveshwara Nagara,13.0371752961661,77.4912919751971
3564,Maranna Layout,13.0368128110867,77.4886554037809
3565,Thippenahalli,13.0367073698642,77.4869718229916
3566,Indiranagar Tumkur Road,13.0282651454794,77.4894235628721
3567,Thippenahalli Cross,13.0293636453365,77.4836860839008
3568,Shanthinagara,13.026171634,77.4731424451
3569,Gangondanahalli,13.0215833774812,77.4678076838327
3570,Kadirenahalli Village,13.0418641325307,77.4482711457979
3571,Ananda Rao Circle,12.981024608,77.5771335326
3572,Channa Nayakanapalya,13.0443006009,77.4851340987
3573,Indiranagara,13.0276026982709,77.4936370371092
3574,Siddhartha School,13.0281844260398,77.4895871820463
3575,Rockline Studio Rajiv Gandhi Nagara,13.0404628627,77.4961826205
3576,Sapthagiri Layout,13.0360490456203,77.497545756249
3577,Gokula,13.0412790301322,77.5572837378507
3578,Mathikere,13.0357420400574,77.5576779029524
3579,Ramaiah College Mathikere,13.0288246386713,77.5616008274839
3580,Divanara palya,13.0261763880091,77.5619537016999
3581,Yeshwanthpura Tollgate,13.018478,77.561234
3582,Gokula,13.0413037857712,77.5571444693165
3583,BEL Circle,13.0461597908,77.5558856595
3584,State Bank BEL Circle,13.0498049320328,77.5535199950827
3585,Jalahalli Police Station,13.0487686290118,77.5504553531453
3586,HMT Auditorium,13.0490766931,77.5448513031
3587,HMT Post Office,13.0505754381612,77.5415422836296
3588,HMT Shopping Complex,13.0496181672159,77.5379829946615
3589,HMT Watch Factory,13.0488574225,77.5354479812
3590,KG Halli Bridge,13.054545885,77.5323496107
3591,Jalahalli Cross Ayyappa Temple,13.0461469665,77.5224152114
3592,Laggere Cross,13.0225489615188,77.5241032706123
3593,Devasthana,13.0209829218038,77.5291728890074
3594,GCL Factory,13.01292,77.50322
3595,Manjushree Garments,13.01413,77.5005
3596,Balaji Nagar,13.01371,77.49678
3597,Shiva Bar,13.01349,77.48923
3598,Bakery,13.0153,77.48458
3599,TCI Tumkur Road,13.05902308,77.4646612
3600,Madanayakanahalli,13.06145958,77.46021351
3601,Makali,13.0671583861,77.4517926481
3602,NISARGA LAYOUT,13.073254897527,77.4523172583458
3603,BISCUIT FACTORY,13.08029868166,77.4505070401223
3604,Manthri Layout,13.0846164628088,77.4476200991965
3605,Nagaroor Cross,13.0921813134274,77.4452702753334
3606,Vaderahalli,13.0993536702164,77.4447816241346
3607,Mathahalli cross,13.1104843435772,77.443857874066
3608,TB Stop Tumkur Road,13.1355075174449,77.4911746310909
3609,Shivakote,13.1340295192434,77.5147220673245
3610,Kurubarahalli Cross,13.1266026675388,77.5196493655454
3611,Chikka Byalakere,13.1197674298415,77.5214860711671
3612,Dodda Byaladakere,13.1126171560079,77.5250068605014
3613,Meda Agrahara Cross,13.1013250262907,77.5306635037962
3614,Lakshmipura Cross,13.0921578064477,77.5340381857059
3615,Kanksha nagar,13.0906586410131,77.5389485408326
3616,Nethravathi,13.0899003775156,77.5424607327786
3617,Sambhram College,13.0882011244238,77.5467807179749
3618,MS Palya,13.0814613495,77.5483414438
3619,Jalahalli East,13.0676762201,77.5446710084
3620,HMT House,13.0547337742917,77.5491777362667
3621,BEL Market,13.0520985806152,77.5518767965099
3622,Mylappanahalli,13.1485644355,77.5518633518
3623,Mavallipura,13.1277285906549,77.5286928877994
3624,Kakolu,13.1839562179787,77.5187081476271
3625,Seetha Kempanahalli,13.1713534053,77.5186568499
3626,Linganahalli,13.1580877956639,77.523929385406
3627,Shivakote,13.1338986771508,77.5147791588365
3628,Hesaraghatta Village,13.1373792887,77.4803843256
3629,Chikkabanawara Railway Gate,13.0806700978,77.5028500892
3630,Dasappana Palya,13.0793990853181,77.5059180422633
3631,Gangadhara Kalyana Mantapa,13.0800201394957,77.5113109465375
3632,RMG,13.0760205307475,77.5171641126595
3633,WIMAC Junction,13.068556645732,77.5301517768779
3634,Fathima Church Gangamma Circle,13.0547434476803,77.5410291535711
3635,Gangamma Circle,13.0565270532733,77.5463934209955
3636,Madhugirihalli,13.1278912257,77.5071780011
3637,Shivakote,13.1333959333986,77.5148176566696
3638,Guni Agrahara,13.0983058736,77.5251964945
3639,Layout Guniagrahara,13.0932886347764,77.5286591724418
3640,Lakshmipura Cross,13.0921483400406,77.5338518179626
3641,MS Palya,13.0816772316253,77.5481873232245
3642,Vinayaka Nagara,13.0828349758,77.5446832459
3643,Singapura,13.0796185043,77.5383932143
3644,Singapura Layout,13.0770180213844,77.5385638107533
3645,Kuvempu Nagara 2nd Stage,13.0730482849174,77.5414072173481
3646,Kuvempu Nagara 1st Stage,13.0696749514761,77.5414631925878
3647,Muttugadahalli Linganahalli,13.1412508897,77.5263768341
3648,Madappanahalli,13.1540434019398,77.5401671774023
3649,Madappanahalli Cross,13.1486117095,77.551904507
3650,Mylappanahalli Cross,13.136658,77.534949
3651,Chikka Byalakere,13.1197597924517,77.5215835699412
3652,Kondashettihalli Byalakere,13.126531409831,77.5141913918926
3653,Raghavendra Dhama,13.1147274888342,77.5148985246579
3654,Kanshiram Nagara,13.0905815737235,77.5388573954682
3655,Rainbow Layout,13.0991662757122,77.5388099504949
3656,MS Palya,13.0957890551304,77.5413668835596
3657,Lakshmipura MS Palya,13.0861982144,77.5288300496
3658,Rajkumar Samadhi,13.01862,77.53188
3659,Muneshwaranagara Nandini Layout,13.0116784014,77.5289398525
3660,Laggere Bridge,13.00964,77.52687
3661,Leggere Circle,13.0103256660956,77.5248855467217
3662,Rajeev Gandhi Nagara,13.01287,77.51778
3663,Yelahanka Satelite Town,13.09609783,77.5788053
3664,Dairy Circle Yalahanka New Town,13.0991741549,77.5767331291
3665,Atturu Layout Yelahanka Road,13.0978289433,77.5679211505
3666,Thirumala Daba,13.0975789517011,77.5630170680482
3667,Betta Halli Layout,13.0924006552,77.5594554283
3668,Chikkabettahalli,13.0893975298985,77.5563047015224
3669,Jelly Machine Yalahanka,13.0858757626,77.5553567614
3670,Ramachandrpura,13.0618535634,77.5511598587
3671,Manjunatha tent,13.0576539889866,77.5514351534012
3672,Manjunatha tent,13.0578030087,77.5513275806
3673,Echal Mara Vidyaranyapura,13.0798273982855,77.5593179497627
3674,Vidyaranyapura Post Office,13.0762213189,77.5582854822
3675,Canara Bank Vidyaranyapura,13.0721580237,77.5563915912
3676,Vidhyaranyapura 1st Block,13.070089597234,77.5553909618249
3677,Blue field Garden,13.06549,77.55272
3678,BEL Market,13.0515688123302,77.5520220877253
3679,Jalahalli Village,13.0453,77.54787
3680,KG Halli Bridge,13.0549876020136,77.5347795305903
3681,Vishweshwaraiah Enclave,13.0669609923,77.532134112
3682,Bangalore Door Darshana,13.0091909416846,77.5912235345185
3683,Jalahalli East Area 7th camp,13.07346,77.54665
3684,HMT House,13.0547037986195,77.5489801480202
3685,Gangamma Circle,13.056149343,77.5462196488
3686,Fathima Church Gangamma Circle,13.0546181668216,77.5409808737312
3687,KG Halli Bridge,13.0550643086789,77.5345815204678
3688,KG Halli Post Office,13.0568106321982,77.532633426994
3689,SRS Mathikere,13.0605364470991,77.531267629794
3690,Kammagondanahalli Temple,13.0636451292182,77.5305695270893
3691,WIMAC Junction,13.0685135722,77.5300817192
3692,Abbigere Cross,13.0706784502,77.5295286812
3693,Abbigere Dinne,13.0711106211,77.5276539847
3694,Singapura,13.0797031615,77.5383375585
3695,Muthyalaya Nagar Cross,13.0383810697468,77.5535206974792
3696,Veerasagara,13.1053921022,77.55435328
3697,Doddabettahalli,13.0941621548102,77.5546189860923
3698,Abbigere,13.0725657195,77.5235366262
3699,Abbigere Cross,13.070854554,77.529754322
3700,SOMASHETTIHALLI GATE,13.0928968400279,77.523661367282
3701,Lakshmipura Cross,13.09188,77.53319
3702,LAKSHMIPURA,13.0864334106,77.5307257008
3703,Muthkuru,13.077464279049,77.5303097326797
3704,Raghavendra Colony,13.06457,77.52735
3705,Abbigere,13.0724231985491,77.5235847202901
3706,RMG Factory,13.0760521792297,77.5170811708348
3707,Kereguddadahalli,13.079370223,77.5155711483
3708,Gangadhara Kalyana Mantapa,13.0799443110411,77.5111572064191
3709,Dasappana Palya,13.0793550630081,77.505881220395
3710,Kempegowda Garden,13.0771997385,77.5217591599
3711,Medarahalli Railway Cross,13.0669090245,77.5158848707
3712,AIR FORCE QUARTERS,13.0581079654387,77.521875379819
3713,Sharada Nagara,13.04581,77.5412
3714,ISRO Quarters,13.04503,77.53498
3715,HMT watch factory,13.04851,77.53566
3716,BEL Circle,13.0460469704,77.5565699581
3717,Nanjappa Circle,13.0684806743079,77.5599992666577
3718,Chamundeshwari layout,13.0649257922087,77.5597209495072
3719,Dodda Bommasandra,13.0601823796,77.5588888116
3720,Dodda Bommasandra Arch,13.0584138818,77.5591756403
3721,Nagaland Circle,13.0553452671,77.5571783166
3722,BEL Hospital,13.0500557801435,77.5575584048074
3723,Devi Nagara Cross,13.04469,77.56385
3724,Lotte Gollahalli,13.0494177528,77.5676178932
3725,Devi Nagara Cross,13.04454,77.56385
3726,Tata Nagara,13.055244440114777,77.57325332629671
3727,Kabhir Ashrama,13.05786,77.56443
3728,Ananda Rao Circle,12.9829853028,77.5764328893
3729,Shivananda Stores,12.9876698647,77.5804554485
3730,RM Guttahalli,13.00028,77.58401
3731,Kodigehalli gate,13.0579465907,77.5931825303
3732,Byatarayana Pura,13.06604423,77.59299164
3733,GKVK,13.07274441,77.591786
3734,GKVK Library,13.07854,77.57896
3735,Gangenahalli,13.0231551030165,77.5841606504848
3736,Ashwatanagara Bhupasandra,13.0266949625002,77.5798667208765
3737,Geddala Halli,13.030697854923,77.5774498968858
3738,Sanjay Nagara,13.0342202750126,77.5755623282086
3739,RMS,13.0377854441945,77.5741483952057
3740,Nagashettyhalli,13.0417768278316,77.5726085751689
3741,Bhdrappa Layout,13.04723,77.57583
3742,Geddalahalli,13.0427260286063,77.5771937398044
3743,Boopa Sandra,13.0423653033,77.580806734
3744,Patelappa Layout,13.0464289274464,77.5726858185153
3745,Shivananda store,12.9879534245,77.5805384293
3746,RM Guttahalli,13.0001015327255,77.5838657926603
3747,Bhadrappa Layout,13.0472535106474,77.5756058112498
3748,Chikkalasandra AraliMara,12.9148683045989,77.5502490205907
3749,Nettakallappa Circle,12.940018993642346,77.57285434770586
3750,Ashwatanagara Bhupasandra,13.02685223429,77.5796068995635
3751,GKVK,13.07288,77.5925
3752,Aerodrum,13.07688,77.5926
3753,Allalasandra Gate,13.08669,77.59371
3754,Yelahanka Police Station,13.09418399,77.59419001
3755,Yelahanka,13.0995680206,77.5975210872
3756,Kogilu Cross Kannur,13.1036340346062,77.6009774746586
3757,Maruthi Nagara Kannur Road,13.1044537881195,77.6052303561857
3758,Spathagiri Layout,13.1046095705425,77.6103402336676
3759,Kogilu,13.1042148334488,77.6174237227401
3760,Srinivasapura Cross,13.103518066131,77.6233188596516
3761,Ittige Factory,13.102605808036,77.628711812848
3762,Bellahalli Cross,13.101439,77.635978
3763,Bella Halli,13.0991866218377,77.6418976504195
3764,Ittige Factory,13.1025524353642,77.6277504099602
3765,Agrahara Layout,13.0983938671155,77.627298385886
3766,Ittige Factory Yalahanka,13.1025926328094,77.6287566549293
3767,Bella Halli,13.0992677329853,77.6421212447758
3768,Kannuru,13.0932101211176,77.6541482019512
3769,Yelahanka,13.1007602808414,77.5945984072696
3770,Kogilu,13.1035948393103,77.6161309368721
3771,Chikkagubbi Cross,13.0779104474496,77.6536081476198
3772,Jn of Channasandra,13.0520743225007,77.6810819304975
3773,Bidrahalli,13.0570575708473,77.7150562048863
3774,BPL,13.0423258774645,77.7446924942329
3775,Boodigere Cross,13.0464789622838,77.7503176679751
3776,Hosakote Bus Stand,13.0788207458379,77.787536845333
3777,Maruthi Nagara Kannur Road,13.1044481464477,77.6063091295787
3778,Ittige Factory,13.1025758970495,77.6288320479161
3779,Hosur Bande,13.10613605,77.66072299
3780,Mitaganahalli,13.10951,77.64362
3781,Kogilu,13.1041104081442,77.6172581396489
3782,Oasis School,13.089132,77.665938
3783,Yarappana Bande,13.0946162694204,77.6832720795304
3784,D Group Layout,13.095147967201,77.6937466687396
3785,Yarappanahalli,13.0851481050137,77.6872377643209
3786,Kogilu Cross Devanahalli Main Road,13.1034796563542,77.6008139706632
3787,Agrahara Cross,13.0979293595305,77.6184114775091
3788,Sampigehalli,13.0816759310979,77.6178895261495
3789,Mylanahalli Chikka jala,13.1856007129,77.6971048024
3790,Chikkanahalli,13.1838308672202,77.6889089690646
3791,Beguru,13.183529860655,77.6811222490828
3792,Muttugada Halli Chikka jala,13.1823558633135,77.6730596467073
3793,Shettigere Chikkajala,13.1790370572165,77.6667110753519
3794,Dodda Jala,13.1776430618994,77.650900131032
3795,Minakunte Hosuru,13.1805774158629,77.6421091605144
3796,Chikkajala,13.1726000725002,77.6335476126092
3797,Kadiganahalli Cross,13.168012471409,77.6314347549366
3798,Vidya Nagara Cross,13.16111,77.62679
3799,Bettahalasuru cross,13.1564611972838,77.6234119040381
3800,VIT Cross Devanahalli Road,13.1515139434,77.6202731766
3801,Hunasamarenahalli,13.1437613872006,77.6176463086256
3802,Bharathi Nagara,13.137420950189,77.6176571220861
3803,IAF,13.1312625635293,77.6154152235654
3804,Bagaluru Cross,13.1212776527,77.6108380035
3805,Palanahalli Gate,13.1168614208569,77.6083756888998
3806,Venkatala,13.110825004017,77.604751645772
3807,Kendriya Vihara Yelahanka,13.1032758392,77.5999801699
3808,YELAHANKA,13.09844,77.59691
3809,GKVK,13.0729942,77.59298128
3810,Military Dairy Farm,13.0493260941959,77.5928813798306
3811,Veterinary College,13.03529802,77.58895822
3812,Palace Ground,13.0102899391,77.5839466788
3813,Kogilu Cross Devanahalli Main Road,13.103849515948,77.6001120255182
3814,Venkatala,13.1116730483368,77.6046800917275
3815,Palanahalli Gate,13.1171740558425,77.6080575492325
3816,Bagaluru Cross,13.122129,77.610705
3817,IAF,13.1315845317848,77.6151884606086
3818,Bharathi Nagara,13.1382990349,77.6173429471
3819,Hunasamarenahalli,13.1446014168084,77.617318859978
3820,VIT Cross Devanahalli Road,13.1522341568007,77.6202334263332
3821,Bettahalasuru cross,13.156748,77.623136
3822,Vidyanagara Cross,13.1618610201026,77.6269400779802
3823,Kadiganahalli Cross,13.1683870772149,77.6311385100847
3824,Chikkajala,13.172857,77.633246
3825,Meenakunte Hosuru,13.1806861286915,77.6422096360337
3826,Dodda Jala Mylanahalli Road,13.1765264061665,77.6532001480084
3827,Shettigere,13.1791338421514,77.6666958687668
3828,Muttugada Halli Chikka jala,13.1824306771,77.6729794219
3829,Beguru,13.1836303473847,77.68103764062
3830,Chikkanahalli,13.1839579689444,77.6890003336171
3831,Bande Kodigehalli,13.1723742373,77.6909051277
3832,Venkatala,13.1114708026693,77.6046272219767
3833,Pillekamma Nagara,13.171286,77.636828
3834,Vidyanagara Devanahalli Road,13.1598824304413,77.6406756224854
3835,Uttarahalli,13.1655411423523,77.6514016970033
3836,Hunasamaranahalli,13.14431,77.61775
3837,Kodagalahatti,13.14332,77.62815
3838,Gollarahalli,13.14104,77.6326
3839,Hosahalli,13.14022,77.64154
3840,Vidyanagara Cross,13.1611175164154,77.6271470697725
3841,Venkateshwara College,13.1603129474246,77.6363925757607
3842,Akkayamma Betta,13.1618026421847,77.6422750695587
3843,Huttanahalli,13.1656117540832,77.6513056302236
3844,Kolipura Uttanahalli,13.1681242918183,77.6577643830449
3845,Meesaganahalli,13.1649605296806,77.668402189617
3846,Razak Palya,13.1456440440844,77.6581454910976
3847,Kolipura Uttanahalli,13.1679734970255,77.657753509459
3848,Venkateshwara College,13.1604339258941,77.6366038710981
3849,Huttanahalli Cross,13.1653092031808,77.6498917588439
3850,Dodda Jala Mylanahalli Road,13.1764375925617,77.6530985450789
3851,Maranayakanahalli,13.16787,77.64811
3852,Kodagalahatti,13.14332,77.62811
3853,Vasantanagar,12.9928472677636,77.5950101467936
3854,Hebbal,13.03827636,77.58909424
3855,Kendriya Vihara Yelahanka,13.1046324766429,77.6005530673211
3856,Bettahalasuru,13.1615344677498,77.6109232031398
3857,Sonnappanahalli,13.1564733027351,77.6156546339718
3858,Sonnappanahalli,13.1562411229861,77.6179817533964
3859,Bettahalasuru cross,13.1568345182312,77.6228358598335
3860,Venkatala,13.1111892077381,77.6049750865223
3861,Yelahanka Old Town,13.0988990952997,77.5973895500016
3862,Yelahanka Kodigehalli Gate,13.0568296365093,77.5936686593497
3863,Sugatta,13.1446105242,77.603445584
3864,Vishweshwaraiah College,13.1500477809,77.6089980081
3865,VIT Cross Devanahalli Road,13.1518010267504,77.6117640771397
3866,Kogilu Cross,13.103358972168,77.6006059322702
3867,Kuduregere,13.19257,77.60021
3868,Kuduragere Betta Halasuru,13.1858455138252,77.6105204157728
3869,Bettahalasuru,13.1614264957674,77.6109997978511
3870,Sonnappanahalli,13.1564124953,77.615629686
3871,Thara Hunise,13.1786007951412,77.5880722504866
3872,Government School Tharahunise,13.176943,77.590218
3873,Embassy Group,13.173844,77.595456
3874,Ramagere School Tharahunase,13.1715188564594,77.5989228946028
3875,Narayanapura,13.1626480445,77.6015843824
3876,Yelahanaka NES Office,13.09752609,77.59168215
3877,Sharavathi Hotel,13.09806,77.58449
3878,Chikkabommasandra Cross,13.09401693,77.58272419
3879,Yelahanaka NES Office,13.09770897,77.59148108
3880,Escorts Yalahanka Road,13.1025276706,77.5856838282
3881,Wheel And Axle Plant,13.1057710467944,77.5822497115518
3882,Puttenahalli Yelhanka,13.1097608176556,77.5803635004923
3883,Allalasandra,13.08676,77.59341
3884,Jn of 8th Main 14th Cross,13.08795,77.58917
3885,Puttena Halli,13.1097773123801,77.5802035362988
3886,Anantapura Gate,13.1150589112738,77.5787756408622
3887,CRPF,13.1236301176,77.5749253202
3888,Nagenahalli Gate,13.1299257651,77.571298806
3889,Singanayakanahalli,13.1478317213349,77.5696262524287
3890,Honnenahalli,13.1596392628329,77.5665538799873
3891,Rajanukunte,13.1724789731928,77.5645217693503
3892,Addiganahalli,13.1729757903899,77.5697623186174
3893,Thimmasandra,13.1719506537403,77.5812378140279
3894,Nagenahalli Gate,13.1301671639,77.5715968665
3895,Nagenahalli Nagadasanahalli,13.1311793625,77.5744055584
3896,Harohalli,13.1307131869856,77.5802804215625
3897,Nagadasanahalli,13.1597719448198,77.5778311007087
3898,Anantapura Gate,13.1147281791898,77.5788356919537
3899,Anantapura,13.1144156162128,77.5676839369505
3900,Ramagondanahalli,13.1194416806,77.5586900767
3901,Avalahalli,13.1353299972,77.5690817926
3902,Rajanukunte,13.1732065396717,77.5643034789254
3903,Shriramanahalli Gate,13.1950137800688,77.5628699942264
3904,Suradenapura Gate,13.2044405638164,77.5589394356581
3905,Aradeshanahalli,13.2164791413,77.5524645019
3906,Marasandra Circle,13.2226634468487,77.549487632293
3907,Dodda Tumkur,13.2262705458903,77.5310652936799
3908,Marasandra Circle,13.2228794001632,77.5495585770723
3909,Mazar Hosahalli Cross,13.2532473635221,77.5381051803178
3910,Mazar Hosahalli,13.2542602605597,77.5351166912726
3911,Jinke Bachahalli,13.2464796276284,77.5326579931605
3912,Dodda Tumkur,13.2261183152025,77.5309307463512
3913,Kakkehalli,13.2150548618778,77.5280091710159
3914,Majara Hosahalli Cross,13.246140554248,77.5522022781732
3915,Chikka Tumakur,13.263734062907,77.532637333743
3916,Singanayakanahalli,13.1476246759681,77.5694352961997
3917,Kakolu,13.1840455496095,77.5185614610766
3918,Seetakepanahalli Gate,13.1736427683436,77.5255630155162
3919,Dibbur Cross,13.1726690894747,77.5302915872055
3920,Ittagalapura,13.1706334860777,77.542562598043
3921,Itagalapura Cross,13.1701522983254,77.5501204855555
3922,Rajanukunte,13.1729320232376,77.5640366882536
3923,Honnenahalli,13.1598259415,77.5666067842
3924,Singanayakanahalli,13.1478430787993,77.5697847640518
3925,Avalahalli Doddaballapura Road,13.1351739081248,77.5692125045075
3926,Nagenahalli Gate,13.129955022726,77.5715108284837
3927,CRPF,13.1234172173,77.5753307529
3928,Anantapura Gate,13.1149563566,77.5789960753
3929,Wheel And Axle Plant,13.1061186769866,77.582262168671
3930,Escorts Yalahanka Road,13.1027817597243,77.5856949007305
3931,Gowdahalli,13.22734,77.51986
3932,Haniyur,13.2132039425974,77.5147571521315
3933,Byrapura,13.2018050580999,77.5228844366975
3934,Arakere,13.20022176338,77.538051252254
3935,Arakere Gate Byrapura,13.1847911887,77.544209417
3936,Vishwanathapura Byrapura,13.186797481,77.5509890355
3937,Yelahanaka NES Office,13.09772375,77.59185778
3938,Budamanahalli,13.1907676429533,77.5284212812936
3939,Chokkanahalli Cross,13.185752296039,77.5402459360907
3940,Chokkanahalli Dibbur,13.1830780129064,77.5388001618585
3941,Shanabhoganahalli Dibbur,13.1790718689891,77.5313019666941
3942,Dibbur Cross,13.1727821653075,77.5301843618624
3943,Linganahalli,13.158185652831,77.5238277390455
3944,Aradeshanahalli,13.2226306553853,77.5652770018093
3945,Basavanapura,13.2256517438295,77.5767781556895
3946,Jalige,13.2261549195872,77.5842226242969
3947,Aradeshanahalli,13.2225291985972,77.565190386152
3948,Aradeshanahalli Gate,13.2164219911739,77.5525915599752
3949,Suradenapura Yelahanka Road,13.2044805179961,77.5590428613559
3950,Sriramanahalli Cross,13.1948810007871,77.5630069704996
3951,Rajanukunte,13.1714682300775,77.5644470294987
3952,Tindlu,13.2343435610847,77.5940584350715
3953,Thindlu Cross,13.2284579533641,77.5999128914452
3954,Jalige,13.2260528475091,77.584119342069
3955,Basavanapura Jalige,13.2255722093141,77.5766309156259
3956,Hebbala,13.0433228519,77.5906754192
3957,Dyavarahalli,13.2399988180916,77.5991570650366
3958,Kamenahalli,13.2248400897,77.5925335195
3959,Addiganahalli,13.1730211029031,77.5696451376829
3960,Patalamma Temple,13.1836109619725,77.5703093545146
3961,Sadenahalli,13.1946310548391,77.5727529688278
3962,Yelahanka Kodigehalli Gate,13.05721753,77.5931977
3963,SRI BANASHANKRI LAYOUT,13.1714494167122,77.5578111903453
3964,Itagalapura Cross,13.1700185647503,77.5500063750897
3965,Karlapura Gate,13.200103527312,77.491779921821
3966,Kamakshipura,13.1982535926487,77.4892005345381
3967,Govt High School Marasandra,13.2312176796257,77.550118032206
3968,Hosahudya Doddaballapura,13.2366938514593,77.5509173213514
3969,Factory Circle,13.2462501500679,77.5524347224599
3970,Railway Gate Doddaballapura,13.2517748205349,77.5537620070881
3971,Bank Circle Doddaballapura,13.257574150304,77.55274405832
3972,Bashatta Halli,13.2619856899738,77.55252603585
3973,Navodaya Doddaballapura,13.2690862287,77.5521083549
3974,Railway Station Doddaballapura,13.2802874709067,77.5515204660337
3975,KASBAH,13.2823612355,77.5476100389
3976,Rangappa Circle Doddaballapura,13.2875002082697,77.5438453591937
3977,Doddaballapura,13.293238866533,77.5423555417489
3978,Doddaballapura Railway Station,13.2927402947,77.54239331
3979,TOLLGATE DODDABALLAPURA,13.2957161615101,77.5361478638211
3980,Jalappa Campus,13.3005029135535,77.524386143356
3981,Kodigehalli-Doddaballapura,13.30330931002,77.511285912474
3982,Yelahanka NES,13.09759033,77.59157201
3983,Railway Station Doddaballapura,13.2800056356762,77.5516376640184
3984,Arahalli,13.2760073135784,77.5596437105369
3985,Guddadahalli,13.2706777006,77.566398913
3986,SUNNAGATTA,13.2596868709992,77.582591760108
3987,Bannimangala,13.2603513636,77.5883901771
3988,Patalamma Temple,13.183471635377,77.5703529392385
3989,T.AGRAHARA,13.18147291095,77.5789586959052
3990,Military Dairy Farm,13.04933491,77.59258648
3991,Aradeshanahalli Cross,13.2166138388129,77.5527151773448
3992,Chikkana Hosahalli,13.2149467145965,77.5805859133981
3993,Bettanahalli,13.2084676879489,77.5890566691364
3994,Sonnenahalli Hospital,13.1935526386364,77.5022681246243
3995,Channasandra,13.2008701990156,77.508169679067
3996,Haniyur Cross,13.2130503438457,77.5144831312779
3997,Chellahalli,13.2173289574594,77.5065055085185
3998,Karlapura Gate,13.2002757177579,77.4917635023297
3999,BILVA I.T.I.COLLEGE,13.203919528091,77.4989979004301
4000,PALYA CROSS,13.2087260133248,77.5010102070151
4001,Chellahalli,13.2173910691403,77.5064363982058
4002,Haniyur,13.2131368215635,77.5144618445985
4003,Vishwanathapura Byrapura,13.1867475249,77.550976295
4004,Arakere Gate Byrapura,13.2001395009306,77.538022952177
4005,Byrapura,13.2017192803,77.5229438581
4006,PALYA CROSS,13.2086000453591,77.5009623690843
4007,BILVA I.T.I.COLLEGE,13.2037872433574,77.4990643154331
4008,SONNENAHALLI,13.1990648570205,77.4994670811406
4009,Byatha,13.1930714188062,77.4845083096549
4010,Kumbalagunte Cross,13.2011533342,77.4582352303
4011,T V Tower,13.00898983,77.59115842
4012,DIBBUR GATE,13.1725105887544,77.5302803750638
4013,Dibbur,13.1669753820059,77.5286680742838
4014,SEETHA KEMPANAHALLI CROSS,13.1709411967947,77.5215634239525
4015,Sadenahalli,13.1947157044938,77.572696151464
4016,MARAGONDANAHALLI CROSS,13.2062944344,77.5629086126518
4017,Suradenapura Yelahanka Road,13.2111702567487,77.5621722576053
4018,SBM ATM,13.06655,77.59609
4019,Jakkur Layout,13.06952,77.60158
4020,Jawaharlal Nehru Research Centre,13.06798,77.61071
4021,Venkateshwara Nagara,13.0748425807225,77.6190242150836
4022,KNarayanapura,13.0663575791,77.6406315621
4023,SBI Bank,13.06818,77.62899
4024,Jn of Srirampura Road,13.0718310457,77.6189050823
4025,Railway Gate,13.0709675968978,77.6186070909128
4026,Telecom Layout,13.0678971974013,77.6167141608123
4027,Jawaharlal Nehru Research Centre,13.06796,77.61068
4028,NILGIRI WINES,13.0757523297173,77.6049385818283
4029,Hebbala,13.04117,77.59005
4030,Mekhri Circle,13.0145890395039,77.5846287810322
4031,Hebbala,13.03759,77.58947
4032,Amarjyothi Nagara,13.03589,77.59586
4033,Military Dairy Farm,13.0495014053735,77.5930964487922
4034,HMT House,13.0498541985,77.5998344086
4035,Coffee Board Layout,13.0493727056001,77.6036149049641
4036,Kempapura,13.0484673288,77.605937859
4037,Hebbala,13.0410638073513,77.5896527193721
4038,Chamundi Nagara,13.03373,77.59929
4039,Jn of Dasarahalli Road,13.0558763418073,77.5937858233072
4040,Amruthnagar,13.0557520532522,77.5980119885008
4041,Jn of Dasarahalli Road,13.055185668375,77.6019801828942
4042,DASARAHALLI,13.0563873110329,77.6116118507763
4043,Sreerampura Dasarahalli Bellary Road,13.056232096574,77.6114358066592
4044,Konanakunte New Bank colony Kanakapura Road,12.8831292978895,77.5696088014206
4045,Cholanayakanahalli,13.03672,77.59744
4046,Mariyappana Palya,13.0491622638219,77.6118036097926
4047,Maruthi Nagara Kodigehalli,13.0585571154951,77.5830005631018
4048,RailWay Gate Kodigehalli,13.0619223161747,77.5739448942694
4049,Tennis Court,13.067877,77.569616
4050,Thindlu,13.0733547121494,77.5668090842705
4051,North Side Hospital,13.0619379467595,77.5870968230918
4052,Sahakara Nagar Ganesh Temple,13.0628370375822,77.5852423467154
4053,Police Out Post,13.0640456392688,77.5834478497482
4054,Maruthinagar Kodigenahalli Main Road,13.0588015990921,77.5810632581568
4055,Kodigehalli Yelahanka road,13.0598607642539,77.5769858082066
4056,Sahakara Nagar Ganesh Temple,13.0634692978572,77.5856597547634
4057,Nanjappa Circle,13.0685554817,77.5603662897
4058,Sahakara Nagar Cauvery School,13.06218,77.58733
4059,Virupakshapura,13.0637887118706,77.5716865834393
4060,Bagaluru Cross,13.1218776141914,77.6114561943861
4061,Dwaraka Nagara,13.1213557896167,77.6180979354224
4062,Kattigenahalli,13.1219087804905,77.6257509536779
4063,Reva College,13.1222737432695,77.6302885164175
4064,Bagaluru,13.1342663734329,77.6689714784893
4065,Yelahanka,13.0996787312205,77.597595489035
4066,Hoovinayakanahalli Gate,13.1560909655,77.6810368616
4067,Bande Kodigehalli,13.1723894086,77.69082902
4068,Byala Halli,13.1697955889416,77.6813261288895
4069,Gopalapura,13.1328638404799,77.6878524998339
4070,Mahadeva Kodigehalli,13.1439352301762,77.7019190018595
4071,Are Binnamangala,13.1537078146905,77.7165011090282
4072,Singahalli,13.1617424973185,77.7239508827261
4073,HUNASOORU,13.1808479910034,77.7148619191598
4074,Kadayarppanhalli,13.1840135638892,77.7051915373714
4075,Colony Bagaluru,13.1418729946,77.6713344734
4076,Navodaya School Bagalur,13.148655463,77.6745273918
4077,Hoovinayakanahalli Gate,13.155921647946,77.6812610205052
4078,Hoovinayakanahalli,13.1478395503143,77.6897839443617
4079,Razak Palya,13.1494879903257,77.6587035522969
4080,Bagaluru Colony,13.1416687976814,77.6710960448949
4081,Yediyur,13.1309155171414,77.6955116538485
4082,Are Binnamangala,13.153771096444,77.7164385848028
4083,Gollahalli,13.1516401277037,77.724930233695
4084,Manchappanahalli,13.1437154371287,77.7293456825703
4085,Budigere,13.1351970602,77.7479112893
4086,Chowdappanahalli,13.1480694064759,77.7536659386833
4087,Gangawara,13.1536955014,77.7651931811
4088,Kammasandra,13.1499617826,77.7811218984
4089,Hasigala,13.1353085551815,77.7749612379639
4090,Thimmasandra,13.1242888236943,77.7733892284906
4091,Lakkondahalli Cross,13.1171900985213,77.7734898772393
4092,Venkatapura Gate,13.1144960698577,77.7736749714397
4093,Lakkondahalli Cross,13.1107888801332,77.7742830257669
4094,Sanklipura,13.1081171376306,77.7755678663285
4095,Alappanahalli,13.102152262441,77.7779246039566
4096,Kumbalahalli Gate,13.0884973104738,77.7808287232099
4097,Marenahalli,13.1196108786274,77.6786949053534
4098,Chokkanahalli,13.1133480585352,77.6879325360222
4099,Maralakunte,13.1324845464627,77.7047663535575
4100,M Hosahalli,13.1358266249,77.718188474
4101,Manchappanahalli Cross,13.13509,77.72608
4102,Budigere,13.1350426655,77.7475673798
4103,Andrahalli,13.1234473868017,77.7442640146954
4104,Thirumenahalli Gate,13.1105030787138,77.7451707016054
4105,Jyotipura,13.1025691616381,77.7441809738903
4106,Kattugollahalli Gate,13.0946534824382,77.7429588235171
4107,ANCHARAHALLI GATE,13.0917811897816,77.7416788084907
4108,Mandooru,13.0818565968188,77.7384757211181
4109,Premium Farm Budigere,13.0726061986569,77.7372089528414
4110,Grind Well,13.0632064842397,77.7399609017253
4111,S K F Factory,13.0613173130016,77.7419406350845
4112,M Hosahalli,13.1358941831,77.7181681897
4113,Mylanahalli,13.184043,77.69599
4114,Mailanahalli Bagalur,13.1856367399739,77.6971337603368
4115,Kadayarappanahalli,13.1841616285456,77.70520595641
4116,MVJ Medical Hospital,13.0786586087,77.811449049
4117,Hosakote Bus Stand,13.0772444114101,77.7996355933676
4118,Channabyregowda Circle,13.07167,77.78661
4119,Hosakote High School,13.0699504064707,77.7834843274168
4120,Hosakote Kodi,13.0562135949413,77.7677196823356
4121,Boodigere Cross,13.0450750279487,77.7492146895027
4122,Avalahalli,13.0358804551781,77.7352636106181
4123,Hirandhalli,13.0457626686181,77.7225330950183
4124,Bidrahalli,13.0601787565308,77.7161336514528
4125,Gundur,13.0866935748621,77.7149445775856
4126,Marasandra Circle,13.099645637,77.7151882555
4127,Chokkanahalli,13.1132165185807,77.6879933480537
4128,Marenahalli,13.1197158248496,77.6786315818257
4129,Sathanur,13.1318467461993,77.6474562442813
4130,Sathanur Colony,13.1282123365,77.646969622
4131,Shrinivasapura Cross,13.1260411360202,77.6453396822374
4132,Delli Public School,13.1234822609,77.6395049505
4133,Rava College,13.1221186928,77.6303486433
4134,Kattigena Halli,13.1217318816769,77.6257230314595
4135,Dwaraka Nagar,13.1212042407053,77.6181028262108
4136,Beguru,13.1836383904115,77.6811323884993
4137,Mylanahalli,13.184036,77.696002
4138,Byala Halli,13.17005991,77.6900985371
4139,Basavana Gudi,13.1610771921,77.6847210433
4140,Hoovinayakanahalli Gate,13.1558873691,77.6811083592
4141,Colony Bagaluru,13.1418290734,77.671432877
4142,Kattumnallur Gate,13.0530629206668,77.7614970213919
4143,Budigere Cross,13.0466447990512,77.750049306562
4144,S K F Factory,13.0612037146896,77.7418584532219
4145,Grind Well,13.0631549323624,77.7398355535193
4146,Premium Farm Budigere,13.072717866446,77.737087630905
4147,Mandooru,13.0819768020993,77.7383723767476
4148,Kattugollahalli Gate,13.0947703286531,77.7429024983416
4149,ANCHARAHALLI GATE,13.0919379019342,77.7416377724839
4150,Jyotipura,13.1028072559754,77.7440781682519
4151,Thirumenahalli Gate,13.1106775730884,77.7450801350435
4152,Handrahalli,13.1235161936164,77.744117639499
4153,Budigere,13.1352784743237,77.7475028427044
4154,Manchappanahalli,13.1436854973,77.7292264346
4155,HUNASOORU,13.1808933999717,77.7147210194443
4156,Kadayarappanahalli,13.184018461,77.7052256092
4157,Mailanahalli Bagalur,13.1853769999,77.6968939975
4158,Doddi,13.002550163871,77.6120907750329
4159,P&T Kadugondanahalli Police Station,13.0133875553,77.6166220196
4160,Kadugondanahalli,13.0207341076557,77.6189497808787
4161,Arabic college,13.0301791175484,77.6208867334719
4162,Nagavara,13.0379940201283,77.6233688020837
4163,Thanisandra,13.0558979698,77.632170869
4164,Rachenahalli,13.0572539170849,77.6275446432801
4165,Nagavara,13.0381433072936,77.6234895088561
4166,Glass Factory,13.0348429643,77.6229631808
4167,Govindapura Cross,13.0323530361,77.6219965797
4168,Arabic college,13.0303936441487,77.6211266024405
4169,Railway Gate Kodugonahalli Police Station,13.025200339,77.6197641436
4170,Venkateshapura,13.0159686785,77.6178199612
4171,P&T Kadugondanahalli Police Station,13.0133680696877,77.6167513259618
4172,Muslim Colony,13.010789242964,77.6153852432816
4173,Doddi,13.0012172530468,77.6121669513435
4174,Shampura,13.0265674473817,77.6146601354521
4175,Ambedkar Medical College Shampura,13.023287,77.612542
4176,Bellahalli Cross,13.1013490073,77.6350926328
4177,KNS College,13.0888469797,77.6355192717
4178,Chokkanahalli,13.08478520553,77.634871358136
4179,Noor Nagara,13.0799402703943,77.6341098521517
4180,Koli Farm Hegade Nagara Road,13.0762235257481,77.6337796897404
4181,Contonment Railway Station,12.99375735,77.59742175
4182,Ambedkar Medical College Shampura,13.0231490189153,77.6125165289948
4183,SHAMPURA,13.0265439510497,77.6144430649618
4184,RAILWAY GATE SHAMPURA,13.0288837943616,77.6159187837824
4185,Rachenahalli Hegde Nagar,13.0573531732836,77.6276460034611
4186,Venkateshapura Police Station,13.0133447237,77.6167282183
4187,HBR Layout Ist Stage,13.0212376968532,77.6246039863375
4188,Corporation,12.96824338,77.5893128
4189,Indian Express,12.9837424401,77.5962487981
4190,Muslim Colony Kadugondanahalli,13.0107642749591,77.6152272796691
4191,Mayohall,12.9733986238724,77.6098138889953
4192,Govinda Pura Cross,13.0326723028,77.6220198814
4193,Koli Farm Hegade Nagara Road,13.0767153396054,77.6336283573642
4194,Noor Nagara,13.0801283953259,77.6339925485579
4195,Chokkanahalli,13.0847539063102,77.6347189251653
4196,KNS College,13.088632822,77.6353171002
4197,Chocolate,13.12207432,77.66816184
4198,Museum Kasturba Road,12.9738835618,77.5955173932
4199,Mahathma Gandhi Statue,12.97741667,77.59883333
4200,Koli Farm Hegade Nagara Road,13.0767896296796,77.6336258164764
4201,Noor Nagara,13.080125456793,77.6339771540775
4202,Chokkanahalli,13.0846245121,77.6346960012
4203,Kannuru,13.0931557267791,77.6540588286613
4204,Bagaluru,13.13456215,77.66773492
4205,Vidyanagara Devanahalli Road,13.159557,77.640687
4206,Narayanapura Cross,13.0673965060864,77.63369446686
4207,KNS College,13.0888500189766,77.6355343017143
4208,Reva College,13.117397083,77.634156961
4209,Chokkanahalli Gate,13.0845495110049,77.6348275532455
4210,Noor Nagara,13.0799724358801,77.6341289552957
4211,Kadugondanahalli,13.0205352439667,77.6190415793195
4212,Coles Park,12.99549411,77.60830793
4213,Mariyappana Palya,13.0490524400958,77.6119730271716
4214,Veeranna Palya,13.0423864257,77.6136154309
4215,Manyatha Tech Park,13.0412188738576,77.6207743704346
4216,Coles Park,12.9933501966,77.6099587418
4217,Agrahara Yalahanka,13.091056083001,77.6194645838889
4218,Koli Farm Hegade Nagara Road,13.0762390886,77.6337988023
4219,Yelahanka,13.1009856618048,77.5945490982207
4220,Raitarasante Yelahanka,13.0969526230597,77.5997137481209
4221,Surabhi Layout Yelahanka Road,13.092918589892,77.6009900596572
4222,VRL Godwon Jakkur,13.0865582929534,77.6042125425491
4223,Jakkur,13.079200408748,77.6074520458289
4224,Government School,13.077495888088,77.6061912874113
4225,Srirampura Cross,13.0664161686,77.6097819675
4226,Indian Express,12.98387186,77.5965041
4227,Govinda Pura,13.0340504553,77.6151936594
4228,Russel Market,12.985544,77.605471
4229,Veeranna Palya,13.042492,77.613521
4230,Dasarahalli,13.0564131841109,77.6114565922157
4231,VRL Godwon Jakkur,13.0866651930346,77.6040917768145
4232,Surabhi Layout,13.0930269690021,77.6008434070439
4233,Raitarasante Yelahanka,13.0970079471369,77.5995548381439
4234,Bettahalasuru cross,13.1567647029,77.6230139751
4235,Narayanapura,13.1626079577112,77.6015830318713
4236,Thimmasandra,13.1719251172079,77.5813047255814
4237,Doddajala,13.18328,77.64076
4238,Yelahanka,13.0986465979,77.5979744643
4239,18th Cross Srirampura,13.0689362716,77.603534013
4240,Rachenahalli,13.058017,77.62357
4241,Mestripalya,13.0612876552393,77.6202979168991
4242,18th Cross Srirampura,13.0657629949279,77.6200356868187
4243,Jn of Srirampura Road,13.0721265916,77.6187860593
4244,Corporation Office,12.96844444,77.58966667
4245,Clarence School,13.00297757,77.61648841
4246,Davis Road,13.0041630552503,77.6194859549425
4247,Bridge,13.00635502,77.62090079
4248,Jyothi School Lingarajapura,13.01694265,77.62955549
4249,Kacharakanahalli,13.02120216,77.62983589
4250,Hennur Depot,13.0254155,77.63145413
4251,Hennur Ring Road,13.027557,77.632451
4252,Hennur Cross,13.03180048,77.63600248
4253,Hennur Bande,13.03671859,77.64050754
4254,Geddala Halli,13.04857922,77.64537437
4255,KNarayanapura,13.0647822004,77.640637178
4256,Nagaresha Nagenahalli Dinne,13.0703217164,77.6427454781
4257,Indian Express,12.98381098,77.59640953
4258,Vasantha Nagara,12.9930026359941,77.5951708006182
4259,Davis Road,13.00434189,77.61906442
4260,Clarence School,13.0028350744,77.6165820379
4261,Kacharakana Halli,13.0213507,77.62983701
4262,Corporation,12.96829166,77.58938147
4263,Museum Kasturba Road,12.97389966,77.59546786
4264,Kothnuru Bagalur Road,13.06174134,77.64886806
4265,Chikkagubbi Cross,13.06486616,77.65168619
4266,Kogilu,13.09304642,77.65422545
4267,Horamavu Agara,13.0366185420205,77.6548635046537
4268,Davis Road,13.0032464582,77.6190450601
4269,Frazer Town,13.00129433,77.61220724
4270,Gollarahalli,13.0836791574416,77.6754171663798
4271,Bande Bommasandra Cross,13.0809973273128,77.6828226695226
4272,Kada Agrahara,13.0809050426,77.6912658848
4273,Manchappanahalli,13.1415639871241,77.7261640788297
4274,Singahalli,13.1618030417251,77.7240801990713
4275,Byrathi Bande,13.07803063,77.65336554
4276,Basavana Gudi,13.16116871965,77.6845612978491
4277,Razak Palya,13.1835272439481,77.6811329243337
4278,Muttugada Halli Chikka jala,13.182575433319,77.6731177433317
4279,Kadayarappana Halli,13.184034,77.705011
4280,Dasanayakanahalli,13.1179918338399,77.6888882110092
4281,Narayanapura Cross,13.05316908,77.64609099
4282,Byrathi Cross,13.05716251,77.64830366
4283,Marasandra Bagalur,13.0997377589907,77.7149626131859
4284,Chikka Gubbi,13.0805772183677,77.6663566862684
4285,Kada Agrahara Cross,13.0798308902323,77.6855031829435
4286,Yarappanahalli,13.0852801286107,77.6870887117415
4287,D Group Layout,13.094594,77.693169
4288,Marenahalli Bande,13.1198430061,77.6800659858
4289,Vijaya School,13.130011,77.672827
4290,Masidhi Cross,13.107685,77.665688
4291,Kada Sonnappanahalli,13.101706,77.658286
4292,Byrathi Bande,13.07805832,77.65364769
4293,Chikka Gubbi Cross,13.06582,77.651816
4294,Indian Express,12.98386111,77.59647222
4295,Frazer Town,13.0010062146174,77.6129437035644
4296,Lingarajapuram,13.01237598011,77.6256622854533
4297,Kacharakanahalli,13.0212560227656,77.6298308688722
4298,Bileshivale,13.0544839033238,77.670943311041
4299,Clarence School,13.00288386,77.61664566
4300,Kada Sonappana Halli,13.0978116491908,77.6662481294512
4301,Kaveri Nagar,13.0385638084271,77.6467847950451
4302,Shilpa Bakery,13.0377946351542,77.6506312073504
4303,Horamavu Agara,13.0365275223436,77.6549022887571
4304,Jyothi Nagara,13.0324140708402,77.6537800582093
4305,Horamavu Agara,13.036772464533,77.6550145578695
4306,Kyalasanahalli,13.056332,77.658578
4307,Dodda Gubbi,13.0709825074453,77.6736661874103
4308,Anagalipura,13.0684721052599,77.6824531660583
4309,Indian Express,12.9836727914906,77.5961850296095
4310,Bileshivale,13.0546916784709,77.6708333908298
4311,Bande Bommasandra,13.07670428409,77.6809345291452
4312,HBR Layout 5th Block,13.03694,77.627335
4313,DGroup Layout,13.0954219443558,77.6937722718747
4314,Bellahalli Cross,13.101933,77.633596
4315,Ittige Factory Yalahanka,13.1024388086824,77.6289577428159
4316,Srinivasapura,13.1034151169951,77.6231215314344
4317,Kogilu Kannuru Road,13.1034555026982,77.6161985808357
4318,Maruthi Nagara Kannur Road,13.1043851939593,77.6051033309681
4319,Government School,13.10378261,77.57686857
4320,Yelahanka Satelite Town 4th Phase,13.10588946,77.5723316
4321,Kacharakanahalli,13.0210299475591,77.6284380202973
4322,Tharabana Halli Gate,13.1886780307124,77.6443642294299
4323,Sadahalli Gate,13.1911360649699,77.645820273886
4324,Sadahalli,13.2103977352,77.6464899257
4325,Chowdanahalli,13.2142846224913,77.62859368996
4326,Nagamangala,13.2168176039582,77.6192853261765
4327,Singarahalli,13.2269476196901,77.6253575537972
4328,Neraganahalli,13.2361093815073,77.6301060176055
4329,JD Garden,13.2042352559637,77.6457726677378
4330,Chowdanahalli,13.2134442555626,77.6349757363834
4331,Nagamangala,13.2165541762591,77.618378022509
4332,Hegganahalli Sadahalli,13.218242348909,77.610055703372
4333,Dyavasandra,13.2312239415013,77.6074814128831
4334,Indrasanahalli,13.2257879375513,77.6139575141618
4335,Kempa Thimmanahalli Cross,13.2219596038302,77.6508896770354
4336,Elthore Uganawadi,13.2209914578023,77.6446704845568
4337,Uganawadi,13.2391636100437,77.6568896925862
4338,Devaganahalli,13.2534627803,77.6489431411
4339,SADAHALLI BANDE,13.208860411903,77.6463882114751
4340,Navarathna Agrahara,13.197215,77.614799
4341,Bhovi Palya,13.2097798469423,77.6086263497966
4342,Hegganahalli,13.2183055368401,77.6101204834718
4343,Kempathimmanahalli,13.2234293043525,77.6546374245253
4344,Mother Milk Dairy Cross,13.2320585820126,77.6558865286894
4345,Solur,13.262795628585,77.6544027940942
4346,Vishwanathapura,13.2716808945705,77.6490685291025
4347,Bashatta Halli,13.2618796258917,77.5526249710349
4348,Thindlu Cross,13.228551,77.599826
4349,Nirvana Layout,13.212096340763,77.6465835166264
4350,Kannamangala Palya,13.2216891646,77.6700392179
4351,Buvana Halli Gate,13.221490608192,77.6822786295329
4352,Devanahalli,13.2487351690168,77.715522107488
4353,Poojenahalli,13.216552902,77.6573507767
4354,Kannamangala,13.2148443112955,77.666988601397
4355,Kempalingana pura,13.2306330785847,77.6645062401041
4356,T Hosalli,13.2294146289716,77.6704701419646
4357,Palya Gate Devanahalli,13.2206988834889,77.681864469486
4358,Bachahalli Gate,13.212081309502,77.6733771617037
4359,Kannamangala Gate Yalahanka Road,13.2066492928233,77.6682594769769
4360,Trumpet,13.19897,77.65802
4361,Sadahalli Gate,13.1904503983,77.6460803859
4362,Tharabahalli Gate,13.1882561733902,77.6444461564231
4363,Devanahalli,13.2483727829293,77.7156338231068
4364,Jn of NH-7,13.2433161976413,77.7079778532857
4365,Chikka Sanne,13.2302428829426,77.6911647648271
4366,Daba Gate,13.2262601517,77.6872698124
4367,Palya Gate,13.221148,77.682367
4368,ITC Factory,13.18638,77.64304
4369,Bommawara,13.25355,77.67251
4370,Akkipete,13.251075,77.699885
4371,Gangenahalli,13.020302,77.583824
4372,Doddajala Gate,13.1838711842696,77.6408759865581
4373,Sadahalli Gate,13.1910579186,77.6462048572
4374,Trumpet,13.1991750173322,77.657976388154
4375,Kannamangala Gate Yalahanka Road,13.2070609834,77.6682268828
4376,Bachahalli Gate,13.2122699894863,77.6732291670377
4377,Boovanahalli Gate,13.218786,77.679749
4378,Buvana Halli,13.2178971058599,77.6815646393572
4379,Doddasanne,13.2184630789701,77.6940125563602
4380,Yarappanahalli,13.2175794431206,77.7029254465585
4381,Anneshwara,13.2154485463366,77.7105624201936
4382,Baichapura,13.2245989956091,77.712740712741
4383,Avathi,13.298781,77.725645
4384,Sai Baba Temple,13.267516,77.719785
4385,Bhuvanahalli Gate,13.2211847928893,77.6824087425495
4386,Devanahalli Govt Hospital,13.2577114581593,77.727011506602
4387,Boovanahalli Gate,13.218513,77.679892
4388,Daba Gate,13.2265411801518,77.6871080374117
4389,Sanne Gate,13.2304833814666,77.6909564053589
4390,Jn of NH-7,13.2434856156467,77.7079983375999
4391,Kodimanchanahalli Gate Devanahalli Road,13.25782,77.69904
4392,Bidaluru,13.279004,77.689704
4393,Koyira Devana Halli Road,13.298071,77.629368
4394,Chapparakallu,13.2793,77.62531
4395,Vishwanathapura,13.2719404669758,77.6493029619342
4396,New Devanahalli,13.2455579791874,77.7127292471338
4397,Rayasandra Gate,13.2340827932515,77.7267724400118
4398,Southe Gowdana Halli,13.2307450604615,77.7307992384744
4399,Budihala,13.2244944712099,77.7383989818808
4400,Daba Gate Sulibele Road,13.2225784722133,77.7412369055807
4401,Channenahalli Gate,13.2127908921444,77.7549442227663
4402,Hosahalli Gate,13.2074024777453,77.7629263170833
4403,Nalluru Cross,13.2022310526479,77.7715827731824
4404,Arishinakunte Sulibele,13.2007661921052,77.7735312322897
4405,Balepura,13.1976793153576,77.7771641220098
4406,Sulibele Hoskote,13.1851270515,77.7979794145
4407,Attibele,13.1696446623332,77.7938989681539
4408,Sadappanahalli,13.1629070453,77.7927857358
4409,Yanagunte,13.1578287135097,77.7908435551561
4410,Shanimahathma Devasthana,13.09461,77.77863
4411,Vijayapura,13.2947488230191,77.8022545044497
4412,Darmapura,13.2643909919954,77.8091021094823
4413,Dinnur,13.2525740471,77.8019671049
4414,I Basapura,13.2422531227606,77.821874540045
4415,Kurubarahalli,13.2256160025,77.8093276732
4416,Ankana Halli,13.2044785526534,77.7985718678423
4417,Hosakote Bus Stand,13.078663499292,77.7875117995746
4418,Venkatapura Gate,13.2799970655974,77.8205661117528
4419,Jangama Kote,13.2619005260932,77.8467308001271
4420,I Basapura,13.242674285007,77.8226213079851
4421,Ittige Factory,13.28232,77.8068
4422,Channarayapatna,13.24515,77.79749
4423,Chimachanahalli,13.21806,77.78596
4424,Yeliyuru High School,13.2570188673586,77.7637338148951
4425,DADDA THAMANGALA,13.2684356537237,77.7626607192409
4426,New Devanahalli,13.24547,77.71317
4427,Taluk Office,13.24374,77.70975
4428,Tharabahalli Gate,13.188522966678,77.6439989487504
4429,Tharabana Halli Devanahalli Road,13.1903999144312,77.627660418812
4430,Gadenahalli,13.1881600348047,77.6174925383434
4431,Indian Oil,13.0057177756467,77.6383489515766
4432,Subbaianapalya,13.0075961654644,77.6407935331744
4433,Maruthi School,13.0098873305594,77.6441946796102
4434,Banaswadi,13.0143430922,77.6510213502
4435,BChannasandra,13.0109717957895,77.6591979466392
4436,SRR Kalyana Mantapa,13.0073486382714,77.6543309938467
4437,OMBR Layout,13.0080712907026,77.6523373915859
4438,Ayyappa Bakery,13.0061506388919,77.6479392315577
4439,Chikka Banasawadi,13.0063457360124,77.645256144053
4440,Ayyappa Temple,13.005966024448,77.6406978311506
4441,Mosque Road,13.0002410783144,77.6160897868479
4442,Coles Road,12.9962902235097,77.6123075872811
4443,Maruthi School,13.0097056035148,77.6442858371443
4444,Coles Park,12.9929170199,77.6095766108
4445,Steel Factory,13.0132087406274,77.6494704940344
4446,Banaswadi,13.0143231433,77.6509211864
4447,Baldwin School,13.0146120006433,77.65775878387
4448,KR Puram,13.0081282368034,77.6951594410739
4449,K R Puram,13.0079721323211,77.6920888158994
4450,ITI Circle KRPuram,13.0080565460658,77.6831308517795
4451,Church RM Nagar,13.0116523522629,77.6788624499784
4452,Alada Mara Ramamurthy Nagar,13.0113621370318,77.6768584636972
4453,Yaranapalya,13.0114442948,77.6734416839
4454,Manipal,13.0115793750206,77.6704993207659
4455,Police Station Ramamurthinagar,13.0119468982052,77.6678344095476
4456,Jn of Ring Road Channasandra,13.0132791962116,77.6617865898409
4457,Baldwin School,13.0141887058449,77.6583075702007
4458,Steel Factory,13.0130791746725,77.6495140486032
4459,Ayyappa Nagara,13.0042615087116,77.7099780161383
4460,Devasandra KR Puram,13.0061302422567,77.7001594433056
4461,Coles Park,12.995686004649,77.608424076549
4462,Manipal,13.0116785693972,77.6705131378764
4463,Yaranapalya,13.0115660644678,77.6734271409271
4464,Sadaramangala,12.999377,77.736717
4465,Kodigehalli,13.0037507974,77.7272078209
4466,ITC Sevanagar,12.9988557659,77.6217433624
4467,Srinidhi Hotel,13.0117847004721,77.6473397152705
4468,SRS kalyana Mantapa,13.0075813707767,77.654439348801
4469,Ramamurty nagar,13.01186648748,77.6785346794513
4470,Koudenahalli Cross,13.0192276508066,77.6781574580078
4471,Akshya Nagara,13.0207064699836,77.6836307746259
4472,Shanthi Layout,13.0155792776809,77.6830238451301
4473,Naduvatti,13.0057118274,77.7965862583
4474,K Mallasandra,13.0080743978145,77.7842244388495
4475,Koraluru,12.9961186554,77.7837379742
4476,Jn of Soukya Hospital,12.987931,77.782014
4477,Channasandra,12.983335070858,77.7680130236999
4478,MVJ College,12.9828679354483,77.7614139162438
4479,Hope Farm,12.98450072,77.75263626
4480,Sadaramangala,12.9977232687899,77.7367035114969
4481,Kodigehalli Cross,12.9961192605158,77.7194835672432
4482,Shampura,13.0264755531836,77.6142878724981
4483,K Chansandra,13.0401007645,77.6795893908
4484,Pooja Garden,13.0387958093292,77.6774469738723
4485,Kalkere,13.0334858503,77.6744441595
4486,Sun Shine School,13.0307612289,77.6680180058
4487,Jayanthi Nagar,13.0287028011,77.6638628449
4488,Horamavu,13.0263546109,77.6608349662
4489,Horamavu Signal,13.0192535464,77.6558215823
4490,Banasawadi,13.0126420202951,77.6480188084067
4491,Horamavu Signal,13.0194557717373,77.6557891480101
4492,Horamavu,13.0263596119139,77.6606768067133
4493,Jayanthi Nagar,13.0289066093576,77.6638921924168
4494,Sun Shine School,13.0309525551546,77.668203741749
4495,Kalkere,13.0337011017202,77.6747066847764
4496,Pooja Garden,13.0389310934569,77.6774428839888
4497,K Channasandra,13.040352888016,77.6796404429977
4498,Bidrahalli,13.0570173002409,77.7151944928142
4499,B Channasandra bridge,13.0133785028,77.66351684
4500,Muneshwara Layout,13.018229371139,77.6717737724999
4501,Raghavendra Circle,13.0199797156935,77.6743690038195
4502,Koudenahalli Cross,13.0212801917331,77.6791180745631
4503,Ananda Nagara,13.0242019284695,77.6927342792168
4504,Thambuchetty Palya,13.0215830813904,77.7000095981215
4505,Koshys Hospitals,13.0206114135825,77.6761318991536
4506,Veeranna Palya,13.0421172962893,77.6139244396034
4507,Nagavara Junction,13.0399685806586,77.6246597424054
4508,HBR Layout,13.03418,77.62913
4509,Hennuru Junction,13.027457194435,77.633927605679
4510,Kalyananagara Bus Stand,13.0263489190623,77.6381002465657
4511,80 Feet Road Kalyan Nagara,13.0256177567198,77.6408899002988
4512,Babusab Palya,13.0224910870688,77.6478197630635
4513,HORAMAVU PETROL BUNK,13.0197063847615,77.6543691009727
4514,Vijaya Bank Colony,13.0171664173236,77.6603092581254
4515,Jn OF B CHANNASANDRA,13.0111509944087,77.662493807692
4516,Kasturi Nagara,13.0038755201,77.6633294206
4517,Pettanahalli Cross,13.0514681251193,77.7848906880579
4518,Ganaglu,13.0458760916988,77.7977316889478
4519,Bhakthara Halli,13.024090219263,77.79691944255
4520,KODIHALLI,13.0185357202,77.8106546961
4521,Bisanahalli,13.0088287219,77.8130198177
4522,Naduvatti,13.0057082232,77.7966666408
4523,Naduvatti Colony,12.9993426707,77.7996569686
4524,80 Feet Road Babasab Palya,13.0158424876905,77.6428300072982
4525,Jn of 8th Main and 3rd Cross,13.0182262687732,77.6471712950832
4526,Babusab Palya,13.0222841073,77.6474324707
4527,Kalyana Nagara,13.0259277206,77.6370835863
4528,Chalekere,13.0274548843119,77.6412212679741
4529,80 Feet Road Babasab Palya,13.0156889764457,77.6429452339682
4530,Jn of 8th Main and 3rd Cross,13.0180715292825,77.6471705677812
4531,Lingarajapuram KHB Colony,13.011243,77.631792
4532,Jn of Oil Mill Road,13.012664,77.635331
4533,Kammana Halli Circle,13.014395,77.636093
4534,80 Feet Road Babusab Palya,13.013835,77.642468
4535,Jn of Oil Mill Road,13.012634,77.635314
4536,Indian Express,12.9838211480406,77.5963325837597
4537,Bamboo Bazaar,12.99145329,77.60477158
4538,Jn of Ring Road Kalyan Nagara,13.026072,77.637008
4539,Mariyamma Layout,13.025921,77.649954
4540,Banjara Layout,13.0383068060653,77.6654984615423
4541,Om Shakthi Temple,13.0396323449309,77.6679261787845
4542,Arehalli,12.9373766817737,77.8299004916514
4543,Arehalli Cross,12.9422499500793,77.8365562371901
4544,Matta mallasandra,12.9474789114918,77.8339550767106
4545,Medi Mallasandra,12.9528572525335,77.8301566477817
4546,Obalapura,12.9561863564118,77.8241890800112
4547,Anugondanahalli Cross,12.958933900065,77.8158710885029
4548,Dunnasandra Cross,12.9760172547907,77.820266765015
4549,Dunnasandra,12.9767719656,77.8166732378
4550,Bhodana Hosahalli,12.9787795403557,77.8024115824562
4551,Samethanahalli,12.9798000538769,77.7917324599528
4552,Thirumalashettyhalli Cross,12.9860420991,77.7811173722
4553,Hope Form,12.9840887804,77.751140669
4554,B P L,12.9851882266798,77.7479085074613
4555,ITPL,12.9865980231715,77.7435312144342
4556,ITPL,12.9874486235348,77.736144161931
4557,Pattandur Agrahara Gate,12.987808,77.733669
4558,Rajapalya,12.9911426314447,77.7211108692407
4559,Hoodi,12.9918579566243,77.7151408758378
4560,Bhorka Steel,12.9928896857544,77.7055802509787
4561,Garudachar Palya,12.9938264913092,77.7017923599537
4562,Singayyana Palya,12.9955838224116,77.6947966240919
4563,MAHADEVAPURA,12.9970853113244,77.69076175358
4564,B Narayanapura,13.000207081924,77.6836387725342
4565,Tin Factory,12.9963641150852,77.668661933659
4566,Bennigana Halli,12.9940974338781,77.6634263152425
4567,NGEF,12.9879612720908,77.6505710203419
4568,Binnamangala,12.9837249577793,77.6400493675295
4569,BMTC Depot-6,12.9823661685304,77.6346814233588
4570,Trinity Circle,12.97463,77.62004
4571,Philips Millenium,12.9819101669543,77.6241020478742
4572,KR Puram Railway Station,13.0001414059493,77.6756171943363
4573,B Narayanapura,13.000388477065,77.6838859875595
4574,Mahadevapura Cross,12.9975111097951,77.6903099374329
4575,SINGAYYANPALLYA,12.9957197466731,77.694971173659
4576,Garudachar Palya,12.9940719294385,77.7015058736394
4577,SINGAYYANPALLYA,12.996290576145,77.6937038811215
4578,Bhorka Steel,12.9930673912,77.7058969159
4579,Manipal Center,12.975742165,77.6134773809
4580,Hoodi,12.9922896344,77.7163369954
4581,Rajapalya,12.9914296151558,77.7210074165212
4582,Hope Form,12.9837132699408,77.7534273432768
4583,MVJ College,12.9828894184662,77.7608882923299
4584,Channasandra,12.9835880978207,77.7684527556622
4585,Thirumalashettyhalli Cross,12.9863855056,77.7811961621
4586,Samethanahalli,12.9799440800235,77.7917155496677
4587,Bhodana Hosahalli,12.9788491531621,77.8025885490791
4588,Dunnasandra Cross,12.9757721722,77.8204307612
4589,Anugondana halli Cross,12.9589782506705,77.8160793290708
4590,Obalapura,12.9562436980854,77.8242915550896
4591,Medi Mallasandra,12.9529013476216,77.8302375445544
4592,Thirumalashettyhalli Cross,12.9859183822,77.7814171091
4593,Matta mallasandra,12.94749353762,77.8340705971399
4594,Arehalli Cross,12.9421866191487,77.8369040124311
4595,Kallukunte Agrahara,12.9328925191949,77.8410357111947
4596,ESI,12.9926221445,77.705901945
4597,Graphite India,12.9773395923076,77.7099865150236
4598,Kundala Halli colony,12.9707534807272,77.7124132944347
4599,AECS Layout,12.9643195768204,77.7137800480972
4600,Dunnasandra,12.976831,77.816638
4601,Arehalli,12.9421290189386,77.8366471620152
4602,Arehalli,12.9370670886224,77.8299311192204
4603,Shiva Ittige Factory,12.927472963626,77.8501946720633
4604,Yattukodi,12.9212387353736,77.855636413454
4605,Ganagaluru Gate,12.913605375123,77.8619347177004
4606,Anchemuskuru,12.9043373990605,77.8680011612121
4607,Chikka Tirupathi,12.8953640722,77.8671303671
4608,Alambadi,12.8927730968763,77.8865905157519
4609,Anugondanahalli,12.9587895982,77.8159900289
4610,Obalapura,12.9602071649346,77.8247275178436
4611,Ganagaluru,12.9111246485,77.8516213316
4612,Kallukunte Agrahara,12.9366921134644,77.8413352005338
4613,Narayankere,12.9441063727337,77.8578264194182
4614,Handaenahalli,12.9583257755237,77.8470603977088
4615,BN Bache Gowda Badavane,12.9628722089204,77.845151121124
4616,Shivanapura,12.871055,77.861107
4617,Jn of Soukya Hospital,12.987938,77.782004
4618,Koraluru,12.9961346649,77.7836177777
4619,Mallasandra,13.0081630702917,77.7844096226524
4620,Naduvatti,13.0061726558706,77.796543912703
4621,Mallasandra,13.0089737868221,77.7838348114907
4622,Bhaktharahalli Gate,13.0185687449,77.7845697105
4623,Bhaktharahalli,13.0200206978939,77.7945775116023
4624,Bisanahalli,13.0089041139069,77.813063919344
4625,Makanahalli,13.0096628535905,77.8291305361518
4626,Naduvatti Colony,12.9993214644,77.7997222636
4627,Kodihalli Hesarugatta,13.0181002050024,77.8124018044424
4628,Devashettyhalli,13.0242730491,77.8210433945
4629,Bhakthara Halli Cross,13.0187208384939,77.7843889482297
4630,Dodda Gattiganabbe,13.0333672664734,77.7854536953787
4631,Pettanahalli Cross,13.0515388688078,77.7846847399228
4632,Kaji Hosahalli,13.0083308369,77.8657678887
4633,Bommana Bande,13.0121354053765,77.8717046083837
4634,Kattiganahalli,13.0236030484991,77.876820394068
4635,Makanahalli,13.0101670177522,77.8283176948625
4636,Vaghata,13.0232860167641,77.8357553562913
4637,Makanahalli,13.0095420754728,77.8291359174481
4638,Tharabanahalli Cross,12.9981898000792,77.8415646378226
4639,Tharabana Halli,12.9964132494571,77.8441277627903
4640,White Field TTMC,12.976969,77.725917
4641,Makanahalli,13.0095597985999,77.8289937928969
4642,Kattigenahalli Gate,13.02231,77.87607
4643,Bommanabande,13.0120785342886,77.8717773057809
4644,Pichguntarahalli,13.0001179967,77.8836671915
4645,Dodda Dasarahalli,13.0047418366013,77.8307574648831
4646,Soukhya Hospital,12.9962950107,77.794411825
4647,Karnataka State Ware Housing Godown,12.9905841112144,77.7893543925449
4648,Biscuits Factory,12.9868892873505,77.8163320534144
4649,Devalapura,12.9847027272775,77.8294997428787
4650,Dunnasandra Cross,12.9760061588522,77.8206112324125
4651,D Hosahalli Cross,12.9748244304,77.8297640104
4652,Devanagundi,12.9738206137,77.8389905579
4653,Devanagundi,12.973794,77.839072
4654,Devanagundi Cross,12.9658698714392,77.8393922398333
4655,Medahalli Cross,12.965601882813,77.8434560002676
4656,Medahalli Colony,12.9683612928148,77.8454607015611
4657,Somalapura Cross,12.9672800308989,77.8523553955285
4658,Domlur Cross,12.983562801502,77.8687657828659
4659,Jn of Marasandra,12.9833878930033,77.8712495265892
4660,Lingadira Mallasandra,12.9791407238484,77.8710743475119
4661,Hosahalli,12.9749009924628,77.8295833037661
4662,Devalapura,12.9847389665167,77.8294154448882
4663,Geddalahalli,12.9957230324903,77.8405110877406
4664,Thindlu,12.9904683271967,77.8648993154592
4665,LPG Gas company,12.9896070901,77.8301494941
4666,Kanekallu,12.9931146652,77.8229859006
4667,D Hosahalli Cross,12.9746897330693,77.8297030119091
4668,Hosahalli,12.9684110172,77.8324170504
4669,Medahalli Cross,12.9654137232814,77.8436361482862
4670,Handenahalli,12.9584177259303,77.8471412267471
4671,Narayankere,12.9439985411011,77.8579101032758
4672,Banarahalli,12.957083339579,77.8629199684427
4673,Somalapura,12.9687467124,77.8612672258
4674,Somalapura Cross,12.9694968824028,77.857730035217
4675,Domlur,12.9676220194483,77.872088456627
4676,Hosahalli,12.9683302995,77.832373213
4677,Lingadeva Mallasandra Gate,12.9835682187436,77.8712483329356
4678,Lakkur Circle,12.9276729561,77.8862087522
4679,PURA,12.9408635571888,77.8829725755941
4680,Lakkauru Circle,12.927347314539,77.8865122844122
4681,Kodahalli,12.9281502556997,77.8985915420239
4682,PURA,12.9409431014,77.8828671388
4683,BARAGUR,12.9533965706767,77.8828344897276
4684,HARSNAHALLI,12.9647437036498,77.8886211244068
4685,Hosmat Hospital,12.96969429,77.61223258
4686,Devalapura,12.9829012023541,77.8284166338723
4687,Paramanahalli,13.0085986663647,77.8430442526825
4688,Banara halli,12.9572121363219,77.8629134245251
4689,Cipla,13.0321736634576,77.7314184335972
4690,Veerenahalli,13.0240489520917,77.7364707068665
4691,Kurudu Sonnenahalli,13.01411,77.73233
4692,K Dommasandra,13.01084,77.74048
4693,Belathuru,13.004317,77.756564
4694,Lido,12.9733197241354,77.6200001971867
4695,Chennanahalli,13.0313182958208,77.7429495736121
4696,Doddabannahalli,13.023896534,77.747482555
4697,East Point College,13.0500755066915,77.7199261854425
4698,Gunduru Colony,13.090695,77.714662
4699,Marasandra,13.0995419687787,77.7153145417043
4700,Benniganahalli,12.9971858393,77.6627828367
4701,Bhakthi Yoga Ashrama,13.021982,77.687985
4702,Garden City College,13.0231148161944,77.7061452963548
4703,Kittaganur,13.0372481607056,77.7104809124692
4704,Vijanapura,13.0030493997,77.6678413153
4705,Mini TajMahal,13.00205,77.66753
4706,KR Puram,13.0080695569529,77.6964135106708
4707,Devasandra KR Puram,13.0062607583,77.700077612
4708,Ayyappa Nagara,13.004279,77.709977
4709,Sigehalli,13.0143242329,77.716981899
4710,Kodigehalli Cross,12.996221649744,77.7194877125246
4711,Sadaramangala,12.9978316099781,77.7366999626729
4712,Kadugodi Bapuji circle,12.9975943434891,77.764491897706
4713,Tambuchettipalya,13.0209317154628,77.70496604235
4714,Kittaganur Cross,13.0362182462012,77.708926198786
4715,Maragondanahalli,13.0376396701,77.6916056033
4716,A Narayanapura,12.9949776158498,77.6770919973125
4717,Kodigehalli,13.0038596837805,77.7271618965888
4718,Rampura,13.0515948736196,77.6911872100538
4719,Gayatri Layout,13.01357,77.70962
4720,Parvathi Nagara,13.03168,77.71602
4721,Varanasi,13.03024,77.68501
4722,C V Ramanagra,12.9855126981,77.6640700456
4723,DARE,12.9854756863213,77.6729993301262
4724,Kaggadasapura,12.9837619561458,77.6794283378712
4725,DRDO 2ND Phase,12.9857448768,77.6791144721
4726,Sri RajaRajeshwari colony,12.988134594787851,77.6786192135811
4727,Mallesh Palya New Bus Stand,12.9728196024109,77.6778409007799
4728,Garkemanthana Palya,12.9752199484082,77.6661252618756
4729,Mallesh Palya,12.9748633039143,77.6703565077071
4730,Mallesh Palya New Bus Stand,12.9727000371,77.677734727
4731,Srirama Reddy layout,12.9718160634868,77.6815918633554
4732,Basavanagara Bus Stand,12.96688,77.68268
4733,Ramesh nagara,12.9640751353753,77.6818310332668
4734,Vibhuthipura Samudaya Bhavana,12.9647362250109,77.6775311299111
4735,Garkemanthana Palya,12.9752500081658,77.6659899688968
4736,Byrasandra,12.9814182222,77.6656259783
4737,Jagadeesha nagar,12.9714645445,77.6656620204
4738,Basvanagara Bus Station,12.9668528191044,77.6826063000388
4739,Abbaiah Layout,12.9792462946033,77.6807273279197
4740,Krishnaiahnapalya/S.Nagara,12.9949865891256,77.6522978727095
4741,Kalkere,13.0337676499,77.6745532081
4742,NRI Layout,13.030361,77.677529
4743,Bidarahalli cross,13.05682,77.71517
4744,Adur,13.0553958324371,77.7058849604407
4745,Kasthuri Nagara,13.003991,77.663058
4746,Raghavendra Circle,13.0200584542565,77.6745257885727
4747,Hosmat Hospital,12.96827766,77.61461506
4748,Hoodi rly gate,13.004247006,77.7127240598
4749,Premium Farm,13.0791702416882,77.7369149094151
4750,Shringarapura,13.0996178406327,77.7436374104288
4751,Grand Well Norton,13.0634334442827,77.739941493629
4752,Bommenahalli,13.0744879078828,77.7469298930696
4753,Huskur,13.05996,77.75988
4754,Bhattaramarenahalli,13.1690032011662,77.7382463233909
4755,Hancharahalli,13.0936290231,77.7505467273
4756,Chimmasandra Cross,13.0391230299423,77.7399258422133
4757,Chimmasandra,13.0474145617,77.7381078992
4758,Kattugollahalli Gate,13.0945549708457,77.742783920355
4759,Kattugollahalli,13.0945399683,77.7354099322
4760,Kaggalahalli,13.1608930020294,77.746299002893
4761,Jn of Kodenahalli Road,13.1556510570635,77.7303616842886
4762,Kaggalahalli Gate,13.1533822115502,77.7525496145846
4763,Somathanahalli Gate Budigere Road,13.1710947617031,77.7601561331969
4764,Devaganahalli,13.181819676179,77.7590421949577
4765,Nallur,13.1869304630982,77.7603753139823
4766,Bidalapura,13.1876256969,77.7708495408
4767,Somathanahalli Gate Budigere Road,13.1710385474043,77.7603582881764
4768,Somathanahalli,13.1692173770467,77.7687037834477
4769,Byappana Halli Satallite Bus Station,13.0716575511981,77.7208177106535
4770,Ramanahalli,13.1830711568623,77.7440239192805
4771,Betta Kote,13.199242946966,77.7390949957243
4772,Rayasandra Cross,13.2117666904347,77.7411670364794
4773,Rayasandra,13.2187576778,77.7255161013
4774,Prashanthnagara,13.2444038437198,77.7130617273545
4775,Devanahalli,13.2454462909057,77.7125966576833
4776,Katta Nallur Gate,13.0531502981,77.7619578503
4777,Goravigere gate,13.0440472991452,77.7628226833782
4778,Kajisonnena halli,13.0371477092754,77.7704769441899
4779,Kannamangala,13.0266125693003,77.7703379914858
4780,Pettanahalli Cross,13.0513250537734,77.7848161899146
4781,SARKAR GUTTAHALLI,13.0463608342213,77.7849762745808
4782,Doddagattiganabbe,13.0334377005075,77.7856086356187
4783,High School Pujena Agrahara,13.0359460731099,77.7935513767191
4784,Poojena agrahara,13.0350872351442,77.796459972841
4785,Kannurahalli,13.0600516219,77.8071513958
4786,Hoskote,13.07883,77.78674
4787,Upparahalli Gate,13.0884685394466,77.7807343849195
4788,Kumbala Halli,13.09241,77.79329
4789,Chennabyre Gowda Circle,13.0702164469465,77.7870428673161
4790,Kacharakanahalli Cross,13.009232562,77.8153973445
4791,Kacharakanahalli,12.9958294798,77.8148777504
4792,Jn of Malur Road,13.0778060015,77.8017482534
4793,Sonnadevanahalli Cross,13.0879055123018,77.8074272645773
4794,Kurabarahalli,13.097892981,77.8110354021
4795,Channabyregowda Circle Hosakote,13.0725800627413,77.7875744963283
4796,Junction Of Malur Road,13.0772982688128,77.803286347474
4797,MVJ Medical Hospital,13.0795259717544,77.8122732314063
4798,Hotel Hemarold,13.0831900846518,77.8187522055155
4799,Kolathur Gate,13.0852807547421,77.8254088732056
4800,Halasahalli Gate,13.0901083723,77.8360464144
4801,Halasahalli,13.092818493,77.8356262296
4802,Dasarahalli,13.1000177935,77.8361924272
4803,Dandu Palya,13.0780919082,77.80948475
4804,Halasahalli Gate,13.0900037661,77.8360487614
4805,Jn of Gottipura Road,13.0949493835714,77.8465167766436
4806,Gottipura,13.1082157977,77.8502922971
4807,Junction Of Malur Road,13.0769217717503,77.8021828225099
4808,AL Ameena Recidential School,13.0689740302859,77.8090193784931
4809,Haralur Cross,13.0580281928608,77.8364326932014
4810,Jadagenahalli,13.0526205679014,77.8538390734881
4811,karibiranahosahalli Gate,13.0453284616838,77.8646549272225
4812,karibiranahosahalli,13.0387018725804,77.8615359270346
4813,Govindapura Cross,13.0305315931257,77.8582420097951
4814,Kamarasanahalli,13.0167906918,77.8617201839
4815,Doddahulluru,13.1019676906687,77.8216447110686
4816,CHIKKAHULLUR,13.105149051209,77.8248970698459
4817,PILLAGUMBA,13.1152761066705,77.8352408913194
4818,MALLIMAKANAPURA,13.1272823396482,77.8475403051041
4819,BIMAKANAHALLI,13.1357252451801,77.856255319772
4820,D.SHETTIHALLI,13.1509070521724,77.8685244925033
4821,Chokkasandra GATE,13.1768379152542,77.8844145800204
4822,Kannura halli,13.0599140921022,77.807153899071
4823,CHIMANDAHALLI,13.0506777462759,77.8115800891364
4824,MALLIMAKANAPURA,13.1271563996306,77.8473933260388
4825,Beguru,13.1388441101,77.8433458786
4826,BIMAKANAHALLI,13.1353217300445,77.8561099762626
4827,DODDANALLURAHALLI,13.1186813582,77.863040166
4828,CHIMANDAHALLI,13.0507529109234,77.8116483395921
4829,Jinnagara,13.0330625501027,77.8207956448393
4830,Naduvatti,13.006100451592,77.7965171965745
4831,Ganagaluru Cross,13.0460008893469,77.7977598652114
4832,Ganagaluru,13.0492332991117,77.8018953522775
4833,Govindapura Cross,13.030559551309,77.8581072077525
4834,Govinda Pura,13.0313431844,77.8512859717
4835,Devanagundi Cross,13.0642438993701,77.8210753398814
4836,JADIGENAHALLI HOSPITAL,13.0472735179239,77.857308168683
4837,Chikkanahalli Gate,13.0455192081006,77.8647190734498
4838,KATTIGENAHALLI CROSS,13.0371614825,77.8874587454
4839,Kattiganahalli,13.0234248031324,77.8769076616899
4840,KARIBIRANAHOSAHALLI GATE,13.0454815878462,77.8646188307821
4841,KATTIGENAHALLI CROSS,13.0372917539105,77.8873779862106
4842,DODDATHAGGALI CROSS,13.0373587549384,77.887510832831
4843,THAGGALIHOSAHALLI GATE,13.0464453232978,77.8886682871266
4844,DODDATHAGGALI,13.0562780052,77.8909104131
4845,MALUR CROSS,13.0296449024145,77.8262401794818
4846,Vaghata Near Hoskote,13.0232109781,77.8358548041
4847,Paramanahalli,13.0086071597943,77.8431614796801
4848,Jyothipura Gate,13.1027425887623,77.7443324842524
4849,Jyothipura,13.102989952436,77.7507793757705
4850,Nimbekayipura,13.0585143028817,77.7557682970621
4851,Huskur,13.0607,77.76177
4852,Jyothipura Gate,13.1106282561898,77.7452634708934
4853,Thirumenahalli,13.1110839123182,77.7520107832486
4854,Belathuru,13.0042744047221,77.756859524598
4855,Sai Garden,13.0102537330052,77.7592609271097
4856,Seegehalli Gate,13.0133718196947,77.7610034541269
4857,Shell Petrol Bank,13.0175268835924,77.7620370823531
4858,Sai Lakshmi Factory,13.0245867391184,77.7615705544738
4859,Bevina Mara,13.0270686485413,77.7607362024364
4860,Kannamangala Gate,13.032072,77.758551
4861,Kajisonnenahalli gate,13.0334223309471,77.7700249697497
4862,Khazi Sonnehalli,13.0346729973539,77.7701846647611
4863,Pattandur Agrahara Gate,12.9876064906958,77.733741510895
4864,Pattandur Agrahara,12.97883,77.73448
4865,Pattanduru Agrahara,12.9802809656,77.7335889637
4866,Ambedkar nagara,12.9796878255966,77.7533663407271
4867,Dinnur,13.2526605386897,77.8018787021625
4868,Munish Hospital,12.97711914,77.75117788
4869,Saibaba General Hospital,12.97374553,77.75051202
4870,White Field Post Office,12.969827943801,77.7501673841618
4871,Gandipura,12.9696778624094,77.7528877503752
4872,HAGADUR,12.9685471719344,77.7559808468891
4873,Immadihalli,12.9658154606083,77.7631480767568
4874,Immadihalli,12.9667448625,77.7631422132
4875,NAGAGONDANAHALLI,12.9752166647548,77.7712634288629
4876,GANDHIPURA,12.9729328938118,77.7537937168072
4877,Big Bazaar,12.9877849482,77.7318416722
4878,ITPL Back Gate,12.9862341285,77.7316910494
4879,Satya Sai Hospital,12.9833763015625,77.7286120771786
4880,SJR Park ITPL,12.981185374136,77.7276925315264
4881,Vaidehi Hospital,12.9763535249707,77.7270276326369
4882,Channasandra Bus Stand,12.9832413921486,77.768395317493
4883,NAGAGONDANAHALLI,12.9753287170133,77.7713942672852
4884,Immadihalli,12.96666448,77.7630707156
4885,HAGADUR,12.9684034735,77.7560578287
4886,Gandipura,12.9696201906,77.7527421992
4887,Bodanahosahalli,12.9786324129,77.802493237
4888,Naganaikna kote,12.9651653540956,77.7999222114182
4889,Muthkuru,12.9563032743393,77.8062738076182
4890,Seegehalli Gate,13.01322,77.76112
4891,Seegehalli,13.01188,77.7647
4892,Naganayakana Kote Cross,12.9652391558248,77.799778621233
4893,Naganayakana Kote,12.9663157091,77.7945588436
4894,Ayurvedic Hospital,12.9693821347719,77.8001232325568
4895,Ayurvedic Hospital,12.9694850357935,77.8000835642412
4896,Edagonahalli,12.9487656126759,77.8107992384416
4897,Byadarahalli,12.9396537494637,77.8153327231725
4898,Muthugadahalli,12.9294252800135,77.8206632678285
4899,Muthugadahalli,12.9293610179531,77.8190838190741
4900,Tattanur,12.9152720895174,77.8241406964981
4901,Varthuru Kodi,12.9567514546,77.7456910908
4902,Varthuru,12.9422081044039,77.7471192488051
4903,Vinayak Nagara,12.9329567134159,77.7428240188786
4904,Vinayaka Nagara,12.9285554643204,77.7394852844222
4905,Ganjoor,12.9208986397685,77.7365239217382
4906,Hossalli,12.9202807588059,77.7418252032155
4907,Thippasandra Gate,12.9182316249009,77.7546960259198
4908,Kathruguppe,12.9153852184419,77.7659000266101
4909,Nerige,12.9118062649,77.776864646
4910,Gonigattapura Cross,12.9097899509087,77.7855116366818
4911,Kamnahalli,12.9076577967262,77.7963947678794
4912,Ondimane,12.9023363020183,77.8023428144
4913,Kugur Cross,12.8996316710336,77.8085457555817
4914,Mugaluru,12.8942208011332,77.8242145776546
4915,Thiruranga Cross,12.8958604485,77.8287165239
4916,Baguru,12.8968060128901,77.8418438586942
4917,Manipal Hospital,12.95965377,77.65081817
4918,Murgeshpalya,12.95935465,77.65706544
4919,HAL Kalyana Mantapa,12.9547349763542,77.6800206140526
4920,Maratahalli,12.95584,77.69168
4921,Varthuru,12.940285016946,77.7472048596711
4922,Varthuru Police Station,12.9380603476155,77.7467583222656
4923,HALASA HALLI CROSS,12.9328580623405,77.7581943150227
4924,Vagdevi School,12.9323553246693,77.7604471307859
4925,Nekkundi Dommasandra,12.9277976579928,77.7758218898161
4926,Janthagondanahalli,12.9241055842008,77.7861757317463
4927,Maddappanahalli,12.91766667,77.79627778
4928,Gonigattapura Cross,12.909708400127,77.7856415275755
4929,Janatha Colony,12.912440734666632,77.80118744838228
4930,Kugur Cross,12.9080946493746,77.7926091982985
4931,Varthuru Gandhi Circle,12.9401496461394,77.7473472727517
4932,Thiruranga Cross,12.8959625375848,77.8286145759945
4933,Thiruranga,12.9017763119,77.8266235627
4934,Tattanur,12.915164198879,77.8240826742866
4935,Koothaganahalli,12.8884883132,77.8015812859
4936,Ganjoor,12.92136,77.7364
4937,Nerige,12.9115731128396,77.7768020339197
4938,Thippasandra Gate,12.9181730282707,77.7544489670235
4939,Ramanayakanahalli,12.9093371948086,77.7566295653808
4940,HALASA HALLI CROSS,12.9330005561518,77.7581457575097
4941,Kugur Cross,12.8995694519289,77.8084286599262
4942,Koothaganahalli,12.8884096408378,77.8014685895257
4943,Gonighattapura,12.912840464146,77.7945202532991
4944,Kathruguppe,12.9151842450705,77.7657694028113
4945,Immdahalli,12.9667866044,77.7615393419
4946,Immdahalli,12.9668082338025,77.7616259586775
4947,Vinayakanagar,12.9646615219821,77.7550815699399
4948,Hagadoor,12.9657960544076,77.7569844923576
4949,White Field Post Office,12.9678283911,77.7494388912
4950,Hope Farm,12.98342669,77.75240986
4951,Vijayanagar,12.9755176701363,77.7546675474864
4952,Varthuru,12.9425390157891,77.7473046268744
4953,Sorahunase Temple,12.9475012613002,77.7544178577083
4954,Ajjagondanahalli,12.9571125488595,77.7685066656666
4955,Harohalli,12.9569371138,77.7860109787
4956,KODIHALLI,12.96005385,77.64746521
4957,Kajisonnenahalli gate,13.0347334034184,77.7589116396851
4958,Guruvigere Gate,13.044181662256,77.7602658988228
4959,Gunjoor,12.9214147758,77.7363279182
4960,Heggondanhalli,12.9057090389809,77.7465892174974
4961,Green Wood School,12.9009874199932,77.747835532359
4962,Dommasandra,12.87941272,77.7537746
4963,Gunjur Palya,12.9226418864,77.7175346855
4964,Panathuru Dinne,12.9298795027937,77.712256073775
4965,Sarjapura,12.86117727,77.78552341
4966,Billapura,12.8374544260023,77.7850772919915
4967,Tyavakanahalli,12.8278210753637,77.7863021767575
4968,Modhalli,12.8235330031703,77.7861207515903
4969,Bidaraguppa,12.8060205281,77.783605624
4970,Indlubele,12.791049,77.776323
4971,Jigala cross,12.7819639927124,77.7719396771223
4972,Attibele,12.7779414877,77.7712134831
4973,Marathahalli Bridge,12.95233,77.70002
4974,Kada Bisanahalli,12.9394003283,77.6954733487
4975,Panathur,12.93562,77.70608
4976,Yellappa reddy house,12.93886,77.71745
4977,Balgere,12.9396198597713,77.7290361948026
4978,Varthuru Police Station,12.9376651905,77.7462693583
4979,Gunjur Palya,12.922664319022,77.7176372887979
4980,Mullur,12.90448270514,77.7245557788728
4981,Kodathi Gate,12.8966,77.72035
4982,Kodathi,12.8883737980742,77.7162713578427
4983,Kuguru,12.9103657559633,77.8097727809515
4984,Kamnahalli,12.9075401088394,77.7963446319463
4985,Sarjapura Police Station,12.86083214,77.78344209
4986,Sompura Gate,12.86195163,77.77203952
4987,Yamare,12.87225498,77.7663646
4988,Chambenahalli,12.87926747,77.76154577
4989,Dommasandra Circle,12.8835203558413,77.7522103562679
4990,Green Wood School,12.9008709155031,77.7477386784198
4991,Heggondanhalli,12.905705329,77.7464825101
4992,Vinayak Nagara,12.9288181430642,77.739499823779
4993,K K School,12.9328827649869,77.7426216040779
4994,Saffal Market,13.0381004701113,77.759687079848
4995,Guruvigere Gate,13.0442032032,77.7604645304
4996,Saffal Market,13.0380001500297,77.7598986573032
4997,Kaji Sonnenahalli Gate,13.0346433911,77.759082187
4998,Kannamangala Gate,13.032131382,77.7586744912
4999,Bevina Mara,13.0271191996569,77.7609081541944
5000,Sai Lakshmi Factory,13.0245462059423,77.76175097036
5001,Shell Petrol Bank,13.017556217737,77.762214234243
5002,Shegehalli,13.0132969363323,77.7611257256177
5003,Sai Garden,13.010129783546,77.7593659163741
5004,Belathuru,13.0042921322449,77.7569860809499
5005,Kadugodi,13.0006375071,77.7577844169
5006,Maduranagar,12.9410928273556,77.7641682692401
5007,Valepura,12.9557211411598,77.766398079864
5008,Shanimahatma Temple,12.947676,77.766863
5009,Rajeshwari Talkies,12.95932574,77.66044545
5010,Halasahalli,12.92675,77.75687
5011,Attibele,12.7796878887482,77.7705791812583
5012,Jigala cross,12.7819303288665,77.7718167749621
5013,Indlubele,12.7911334134923,77.7763035896936
5014,Bidaraguppa,12.8061642374184,77.783542097198
5015,Medahalli,12.8235531283351,77.7860399370874
5016,Tyavakanahalli,12.827614269694,77.7862656689891
5017,Billapura,12.837437802863,77.7849760557899
5018,Garments,12.8444325259914,77.7830958939459
5019,Varthuru Police Station,12.9381696666644,77.7467278252943
5020,Katta Nallur Gate,13.0531929764296,77.7617928666301
5021,Prajwal School,12.99142278,77.75619353
5022,Brook Bond,12.96369905,77.74840247
5023,Garments,12.8446051245426,77.7831422867478
5024,boorugunte,12.8422353941905,77.7837883729816
5025,Exide Factory,12.8351338898314,77.7853619810268
5026,Silk Form,12.8157903798204,77.7853458355324
5027,Attibele,12.7785623549673,77.7701362804377
5028,Arehalli,12.763218794221,77.7670644654893
5029,Harohalli,12.7540029861972,77.7559559394486
5030,Mayasandra,12.7504107915,77.7480088547
5031,Besthamana Halli,12.7310208511,77.7268194873
5032,Karpura Gate,12.7352339309,77.707915362
5033,Haldenahalli,12.7170799021,77.7089252137
5034,Anekal,12.7091513916252,77.6967182787895
5035,Soraunase cross,12.9434618461725,77.7512328936761
5036,Janatha mane,12.9421700052646,77.7572445402748
5037,Maduranagar Hostel,12.9398980390403,77.7607359939723
5038,Domlur,12.96048463,77.64362762
5039,Vallepura Gate,12.9469762799998,77.7676216687609
5040,Kottur Cross,12.9475446094958,77.775716427657
5041,Muthsandra,12.9376959897778,77.786436075385
5042,Nekkundi Dommasandra,12.9278716232591,77.775882147841
5043,Janthagondana Halli,12.9241303915342,77.7862719178986
5044,Madappanahalli Cross,12.9178723458484,77.7962936618941
5045,Madappanahalli,12.9227666119673,77.811622648882
5046,Muthsandra,12.9380684268064,77.7854132546879
5047,Koturu,12.9453052953,77.7826772444
5048,Muthsandra,12.9377447353137,77.7863265164951
5049,Bellikere,12.9302309860785,77.7971630238552
5050,Muthkuru,12.9550667134733,77.8073317014344
5051,Anugondanahalli,12.9571308883344,77.8151707645119
5052,Harohalli Cross,12.9477159745354,77.7757039174142
5053,Singanayakanahalli,12.9262421868237,77.8093153120824
5054,Annasandra Palya,12.9645379912,77.6724114642
5055,Borewell,12.9550170464165,77.6896062521114
5056,Yamalur,12.9472794819068,77.6807781426151
5057,Bellandru,12.9254291730097,77.675895938232
5058,Dodda Kannalli,12.90722532,77.69517622
5059,Kadabisanahalli,12.9412608727798,77.696581065371
5060,Devarabisanahalli,12.9317780635915,77.6873263633785
5061,DODDANEKUNDI CROSS,12.9560193650869,77.6916383992612
5062,Doddanekkundi,12.9677206274048,77.6933416396346
5063,Munnekolalu Cross,12.9522879266681,77.7064174173407
5064,Munnekolalu,12.9488411879198,77.7080752902993
5065,Maratahalli Bridge,12.95706,77.70044
5066,Kala Mandir Marathalli,12.960413,77.701317
5067,Multiplex Marathahalli,12.9500673412395,77.6997093720445
5068,Panathuru,12.9353100497486,77.7057866668922
5069,Balagere,12.9376810323,77.7286494244
5070,Balgere,12.9395367282921,77.7288927888971
5071,Chinnappanahalli,12.96145,77.70558
5072,White Field Post Office,12.9677517805,77.7493168507
5073,Nallurahalli,12.9693701425752,77.735668035212
5074,HAL Main Gate,12.95837502,77.66534903
5075,Chandra Layout,12.9591413029,77.5268647447
5076,Panathuru,12.9364724081038,77.7038135112995
5077,Boganahalli,12.9263937939,77.7009706199
5078,Challaghatta,12.9459112169076,77.6491949815148
5079,BNagasandra,12.9436068702,77.6537209935
5080,Lal Bahadur Shastri Nagara,12.9693927508177,77.6703015310517
5081,Graphite India,12.9783206384629,77.7094162310836
5082,Kadugodi,13.0012248318833,77.7574715947698
5083,Kada Bisanahalli,12.939517,77.694818
5084,Kempapura,12.9463494218115,77.6730215924092
5085,Doddanekkundi,12.9678478024058,77.6932513959347
5086,Munnekolalu,12.948629952305,77.7081751686954
5087,Basappa Circle,12.95625,77.57741
5088,Bangalore Dairy Circle,12.937057207119429,77.60221380758287
5089,Muneshwara Temple,12.9362709448,77.6071822364
5090,Jn of Hosur Road,12.9310213,77.61439217
5091,St John Hospital,12.92953793,77.61599824
5092,Ibbaluru Sarjapura Road,12.92131,77.66272
5093,Railway Gate Sarjapura,12.90933,77.70566
5094,Chikka Bellandur,12.9123811796,77.7146438509
5095,H S R 7th Cross,12.9200218711,77.6516761445
5096,HSR Layout 19th Main 13th Cross,12.9156679172691,77.6518084399556
5097,Parangipalya,12.911854,77.649068
5098,HSR Layout 2nd Sector,12.911767289,77.644696366
5099,Jn of Hosur Road,12.932184767,77.6131518278
5100,St Johns Hospital,12.92945721,77.6161922
5101,Gear School,12.918155808,77.6976937149
5102,Mayohall,12.97191038,77.61062896
5103,Elgin Floor Mill,12.958,77.60612
5104,Anepalya,12.95223512,77.60531192
5105,Adugodi Police Station,12.9398791,77.60961961
5106,CPWD Quarters,12.91409,77.65186
5107,NIFT COLLEGE,12.9122555904008,77.6519080489745
5108,Somasundarapalya,12.8986995803309,77.6513586103637
5109,Bellanduru Gate,12.91878,77.66952
5110,Doddakannalli,12.9070155382081,77.6955926469444
5111,Chikkanayakana Halli,12.8928886333832,77.6947172893932
5112,Chikkanayakana Halli Dinne,12.8839059267,77.697067922
5113,Gattahalli,12.8680911311447,77.7037376112931
5114,Huskur,12.8613853236046,77.7052498496101
5115,Parangipalya,12.9090192821,77.6492675208
5116,Aishwarya Appartments,12.903013,77.648617
5117,JOIN OF SARJAPURA ROAD,12.9204192501437,77.6657777832862
5118,Kaikodrahalli,12.9138126877081,77.6776386539551
5119,Bovi Calony,12.9049344425664,77.6760778661703
5120,Kasavanahalli,12.9095441569,77.6762331929
5121,MATHA AMRUTHAMAYI COLLEGE,12.8967426309203,77.6752345167133
5122,PARAPPANA AGRAHARA POLICE Trn C,12.8869109228,77.6726605743
5123,rayasandra new layout,12.8757388827981,77.6713601442129
5124,Bangalore Central Jail,12.8735946502736,77.666394516983
5125,MICO Factory,12.8702356294,77.6582685113
5126,Somasundarapalya,12.8986561578441,77.6512293046115
5127,Krishnarajendra Market,12.95743,77.57557
5128,Bellandru,12.9306308459,77.67598534
5129,Haralur Cross,12.9185630847,77.6687235106
5130,Appartments,12.9144582152,77.6669097506
5131,Haralur,12.9013326041486,77.6604660761433
5132,Amruthanandamayi College,12.8956377279299,77.675035386382
5133,Amrita Nagara,12.8928801404595,77.679131413083
5134,Chudasandra,12.8889484478911,77.681418557549
5135,Jannasandra,12.906664545212,77.6837378700647
5136,Halanayakanahalli,12.8999718245542,77.6881798186065
5137,Kodanandarama Nagara,12.8974345699,77.6816407777
5138,Dommasandra Circle,12.88315664,77.75234826
5139,TChuddadenahalli,12.8854246438,77.7583865728
5140,Chandapura Cross,12.887087496201,77.7384159739602
5141,Chakkasandra gate,12.873585457,77.734109899
5142,Harohalli,12.8651291585422,77.732533078298
5143,Muneshawara Temple,12.8613177639069,77.7324463988681
5144,Kaggalipura,12.8557235860651,77.7311962242391
5145,Gopasandra,12.8526641616374,77.7300339740695
5146,Muttanallur Cross,12.8429777870072,77.7276472319302
5147,Muttanallur,12.8321760055,77.734551793
5148,Chokkasandra,12.871543999072,77.7215622250292
5149,Kodathi Gate,12.89661,77.72034
5150,Mullur,12.9044940453314,77.7244181906142
5151,Kachamarakanahalli,12.913032864512,77.7336746168168
5152,Chikka Thirupathi,12.8597806509512,77.794282069262
5153,Thindlu,12.8627004661,77.8078441601
5154,Chandapura Cross,12.8874372924325,77.7385705542553
5155,Koramangala Water Tank,12.92677293,77.62249752
5156,Bikkanahosahalli,12.8366576187632,77.760051718087
5157,Agara Junction,12.92423597,77.65073689
5158,V Kallahalli Sarjapura Road,12.8824044764,77.7759109531
5159,Adigara Kallahalli,12.8258381132,77.8030836582
5160,Ramana Devasthana,12.8599139726994,77.7893994425918
5161,Dodda Thimmasandra,12.8809236456,77.8057034221
5162,Baguru,12.8969220033047,77.8418035022261
5163,Ganagaluru cross,12.8933131835245,77.8503235296054
5164,Chikka Tirupathi,12.8959029866678,77.8670339716501
5165,Thindlu Cross,12.8604920030985,77.7988849370821
5166,Mahal Chowdadenahalli,12.8720162270488,77.8079917995762
5167,Dodda Thimmasandra,12.8788781223428,77.8127881174151
5168,Ganagaluru Cross,12.893409963423,77.850225616979
5169,Chandapura Cross,12.88733513,77.73818343
5170,Kommasandra,12.8607389331,77.7414257918
5171,Kodathi,12.8882544402724,77.7164075289712
5172,Panditana Agrahara Gate,12.8851411577802,77.8159713345529
5173,Pandithana Agrahara,12.8821645863,77.8274195082
5174,St Philomena School,12.8517349251,77.7824864723
5175,Areneru,12.8097993714177,77.7750193336707
5176,Indus International School,12.8355905702352,77.7793896059146
5177,Handenahalli Gate,12.8253919445,77.7660491411
5178,Srirama Temple,12.875463,77.787053
5179,Chikka Dasarahalli,12.8912708536,77.7843211032
5180,Ittuguru,12.8820431323484,77.7885592153042
5181,Kada Agrahara,12.8634083814029,77.7631306419699
5182,Dommasandra Circle,12.883275,77.752316
5183,Thindlu,12.8627359161475,77.8077892222416
5184,Muttana Halli,12.8707823691755,77.8295700418596
5185,Krupanidhi college,12.9237616248,77.6279971004
5186,Roopena Agrahara,12.911844,77.626008
5187,Bommanahalli,12.9068658261677,77.6286875805369
5188,Hongansandra,12.9023791845397,77.627380659312
5189,Dekkan,12.8957093125986,77.6261124411871
5190,Tent,12.8888807817379,77.6257279288949
5191,Vishwapriya Layout Cross,12.882103043939,77.6248169838648
5192,Beguru,12.8734044531091,77.6251226933719
5193,Hongsandra,12.9024665445846,77.6274633818144
5194,Kallyanamantappa,12.8907574362863,77.6258793150417
5195,Tent,12.8850954390358,77.625178996956
5196,aralimara,12.8799199127,77.6246403996
5197,Church,12.87634540701,77.6259869091971
5198,Beguru,12.873502,77.625114
5199,Nobel Residency Gate,12.862742226578,77.6152280010067
5200,Muniswera devastanna,12.8458545609568,77.6094827099398
5201,Vaddarapalya,12.8431058247687,77.6149486270639
5202,Mylasandra Cross,12.8423611132364,77.6186507095851
5203,Jalli Machine Bannerghatta Road,12.836117344,77.6251164917
5204,Hulimangala Cross,12.8272827798311,77.6230469852731
5205,HULLAHALLI,12.8268633211747,77.616354653861
5206,Nayanappanahalli cross,12.90351196711,77.6269461474747
5207,Virata Nagara Cross,12.902055,77.62375
5208,Kodichikkanahalli cross,12.8976010442465,77.6213256992575
5209,Kodi Chikkanahalli,12.8984414879,77.6180370525
5210,Viratnagara cross,12.90301,77.62419
5211,Viratanagara Cross,12.9032168258,77.6224270742
5212,Nayanappanahalli Cross,12.903384,77.627227
5213,Hongasandra Mico Layout,12.8899021937948,77.630511754637
5214,Hongasandra mico layout,12.8814232557789,77.6298015341295
5215,MYLASANDRA CROSS,12.8701248847732,77.6241486216468
5216,MYLASANDRA,12.8507437824278,77.6205266969536
5217,St Marrys School,12.84532,77.60974
5218,Koppa,12.804257,77.626551
5219,Jigani APC Cricle,12.778881457725,77.6438317993087
5220,MYLASANDRA CROSS,12.8701040761589,77.6240305265845
5221,Bettahalasuru cross,12.8363221964173,77.6252101218272
5222,Bettadasanapura,12.8416460473,77.6320730522
5223,Rupena Agrahara,12.91181,77.62605
5224,Kallyanamantappa,12.89077,77.62585
5225,Church,12.8763398342241,77.6261925419821
5226,St.Mary’s school,12.84553,77.60985
5227,Bettadasanapura cross,12.83631,77.62508
5228,Colony Mallapur,12.86636,77.62897
5229,Vittasandra,12.85717,77.63583
5230,Bettadasanapura cross,12.844,77.63491
5231,Bettadasanapura,12.8415174478625,77.6320810074099
5232,Hulimangala Cross,12.8256149031,77.6230676193
5233,Indlawadi Cross,12.732044,77.670709
5234,Chowdareddy Circle,12.71122236095,77.6996152841868
5235,Bommana Halli Devasthana,12.8992453124,77.6267751027
5236,Bingipura,12.8261462440472,77.6326300460211
5237,Hulimangala,12.8188148325689,77.6371294753037
5238,Nanjapura Cross,12.8135104434461,77.6423466780355
5239,Nanjapura,12.8094013151361,77.6413498010913
5240,Vabasandra,12.8082474321,77.6512059197
5241,Kyalasanahalli,12.8031727783886,77.651549315568
5242,Konappana Agrahara,12.8548020311,77.6650205534
5243,Electronic City,12.8468519003666,77.6705451744255
5244,SIMENSE,12.8453447145928,77.6612122606303
5245,Shikaripalya Cross,12.838972,77.658935
5246,Shikaripalya,12.8339743763664,77.6559143179234
5247,JJN THIMMAREDDY LAYOUT,12.8193407181253,77.6507568075326
5248,SIEMENS,12.84471806,77.66026941
5249,Shikaripalya,12.8302657697,77.6643157192
5250,Hosa Road,12.8706988866474,77.6529578849665
5251,MICO Factory,12.870376,77.658403
5252,DODDANAGAMANGALA,12.8623862448309,77.6750233637989
5253,Rayasandra,13.2189497841821,77.7254545912179
5254,Central Silk Board,12.916532401,77.6235375926
5255,Bangalore Central Jail,12.8737842757,77.6662904955
5256,Rayasandra,12.8741781414,77.6794683561
5257,CHIKKANAGAMANGALA,12.8600527067,77.6950356457
5258,Konappana Agrahara,12.85522079,77.66371208
5259,DODDA THOGOOR,12.8505665777976,77.6551363171888
5260,Electronic City Wipro Gate,12.83770823,77.6583872
5261,Hulimangala,12.8144469694729,77.650604895847
5262,Bandenallasandra,12.7936604898,77.6513875555
5263,MARUTHI NAGARA,12.7913367323527,77.6576551141131
5264,Jigani,12.7793467418491,77.644154893463
5265,Channakeshvanagar,12.8707903026976,77.6540032049419
5266,Parappana Agrahara,12.8813184332,77.6577400323
5267,BHEL,12.84487928,77.66008428
5268,Nanjapura Cross,12.8136088401158,77.6422293665886
5269,Hulimangala,12.8187557403,77.6370421797
5270,BHEL Gate,12.84553106,77.66123386
5271,Shikaripalya,12.8339214984402,77.655756354399
5272,Gollahalli,12.8292679303025,77.6688061526587
5273,Dodda Thugur Muneshwara Temple,12.85032,77.65544
5274,MICO Factory,12.870382,77.658323
5275,Somasundarapalya Cross,12.89017,77.64695
5276,Kudlu Panchayat office,12.8894554591278,77.6495545028608
5277,Kudlu,12.8887904517044,77.6524391996001
5278,Hosa Road,12.870054,77.653032
5279,Chikkabegur,12.8791476317556,77.6328699047053
5280,Kudlu,12.8893317592046,77.6568117404397
5281,Somasundarapalya,12.8984350339,77.6512931753
5282,Central Jail,12.8784549408095,77.6674354665902
5283,NAGNATHA PURA,12.8738243019222,77.6663873265089
5284,KUDLU PANCHAYAT OFFICE,12.8893396631,77.6492096856
5285,AECS,12.8818749916,77.6522979978
5286,Madiwala,12.92032,77.62078
5287,Garebhavi Palya,12.8962822533041,77.63577235598
5288,Koodlu Gate,12.8899016403227,77.6397098246745
5289,Subhash Nagara,12.8743879737422,77.6403292601129
5290,Jn of 5th main,12.9156024288,77.6323894691
5291,HSR 7th Sector,12.909282,77.632491
5292,Mangammana Palya,12.9071615499994,77.6352187796647
5293,HSR Club,12.911861,77.648169
5294,Aishwarya Appartments,12.903031,77.648609
5295,HSR Layout 2nd Sector,12.912108,77.644733
5296,ITI LAYOUT,12.9011811504868,77.6456644382307
5297,Hosapallya,12.8974126093,77.645445792
5298,Parangipalya,12.911867,77.649087
5299,NIFT COLLEGE,12.912276101071,77.6517537969307
5300,HSR 19th Main 13th Cross,12.9155865545934,77.6516915625126
5301,Hosa Palya,12.891993,77.646517
5302,Singasandra,12.8787370733214,77.646575309591
5303,Singhena Agrahara Cross,12.842641,77.687275
5304,Depot 38,12.8491092101,77.6925205719
5305,Huskur,12.8615616613548,77.7052110885577
5306,Furit Market,12.842546599,77.6872674655
5307,Singhena agrahara,12.8376653638132,77.7161698670602
5308,Sammenahalli,12.8325799157086,77.74777351059
5309,Solusapura,12.8301201289365,77.7565563338406
5310,Gattahalli,12.8680302726881,77.7036694978079
5311,Double Road,12.95719001,77.59156516
5312,GOOLIMANGALA,12.8528301909437,77.7040643210208
5313,Singasandra,12.8426613776068,77.6871935113064
5314,Chinthala Madiwala,12.8545327288406,77.7123919866236
5315,KAGGALIPURA,12.8546362844708,77.7242595539919
5316,GOPASANDRA,12.8494803532266,77.7378072859353
5317,Chikka Thimmasandra,12.8453968652,77.7435364388
5318,Harohalli,12.8623729851,77.7200017311
5319,Avalahalli Huskuru,12.8699537170786,77.7118589048726
5320,Laxmi Farm,12.8489427455,77.6925135311
5321,Singhena agrahara cross,12.8426564529483,77.6874118926917
5322,Huskur Gate,12.8361717425,77.6796261873
5323,Electronic City,12.8474500962,77.67067926
5324,PES College,12.85798,77.66263
5325,Hosa Road,12.86915506,77.65373807
5326,Singasandra,12.87731323,77.64698748
5327,Kudlu Gate,12.88955751,77.63946849
5328,Garvebhavi Palya,12.89617624,77.63541036
5329,Bommanahalli,12.90483535,77.63007568
5330,Rupena Agrahar,12.91167933,77.62583354
5331,Siddapura 7th Cross,12.9476522737,77.59393702716
5332,Lalbagh Society,12.9510234058177,77.5914072407759
5333,Lalbhagh Main Gate,12.95415,77.58492
5334,Hebbagodi,12.82577,77.6831
5335,Chandapura,12.8026773208972,77.7044280221906
5336,Hale Chandapura,12.8021403846637,77.711695269862
5337,LAXMISAGARA,12.8108030122474,77.7240440532168
5338,Ali Bommasandra,12.820252,77.736484
5339,Adigondana Halli,12.8145300028622,77.7512407581126
5340,Thirupalya GOVT HOSPITAL,12.8177874868448,77.6684933244759
5341,Thirupalya MUNESHWARA DEVASTHANA,12.8203386627,77.6689424459
5342,Thirupalya,12.8233010228955,77.6692021999412
5343,Muthanallur,12.8322209515984,77.7344548994594
5344,Bommasandra Indl Area,12.8169145023642,77.6762443410379
5345,HEBBAGODI KAMMASANDRA CROSS,12.8279309906,77.6823226456
5346,KAMASANDRA,12.8303604014,77.6913833153
5347,Chandapura,12.8028346547821,77.7046379389013
5348,Heelalige Cross,12.8087355310162,77.7088321586595
5349,Ramasagara,12.8207798112369,77.7186959381326
5350,Narayana Ghatta,12.8378230809011,77.7245241195618
5351,BTL College,12.81075,77.69566
5352,SINGENAHARA,12.8351209871,77.7190568391
5353,Singena Agrahara,12.8376697283385,77.7160785916486
5354,Hennagara Gate,12.8061147644328,77.698952244415
5355,Kittagana halli,12.8020223701313,77.694159416652
5356,Kachamaranahalli,12.7990727317632,77.6866416501961
5357,H Hosahalli,12.7930176817,77.6785552315
5358,Hennagara,12.7885281469094,77.6736666019719
5359,Hennagra Gate,12.80601190912,77.6989708808397
5360,Mastenahalli,12.7870061456437,77.6676355699825
5361,Igglur,12.7865445903621,77.7033236358058
5362,Ramakrishnapura,12.7822081279,77.6943205018
5363,KEB,12.7969147648031,77.7065505568526
5364,Ramakrishnapur gate,12.7788519301,77.7021662146
5365,Ramakrishnapura,12.7809893992,77.694366686
5366,Hinnakki,12.778138729509,77.683054229755
5367,Rajapura,12.7754522301,77.6745330915
5368,Depot 32,12.7906598169533,77.7057475661808
5369,Ramakrishnapur gate,12.7789765602288,77.7020539890923
5370,Seethanayakanahalli,12.76924,77.65994
5371,Madapatna,12.771716737130186,77.64881987142564
5372,Jigani APC Circle,12.7789971884,77.6434495579
5373,Chandapura,12.8017039318,77.7051830292
5374,Marsoor gate,12.7698226179663,77.7017194702638
5375,MARSUR,12.7619702742,77.7138482407
5376,Shettihalli,12.753186927065,77.7307019328991
5377,Marasur,12.7621014227885,77.7137193864928
5378,ARAVINDA LIMITED,12.8145681581254,77.6697226109276
5379,Yarandahalli Circle Cross,12.8108462226468,77.6655480296966
5380,YARANDAHALLI,12.8083805367,77.6655409019
5381,SRIRAMPURA,12.8033316135,77.6659345999
5382,ITI Circle,13.0050070156571,77.6852565399318
5383,Mahadevapura,12.9889438301,77.6891103107
5384,EMC2,12.9823440872,77.6931132562
5385,Doddanekkundi,12.9788437206,77.6952635497
5386,Karthik Nagara,12.9683407401416,77.7016258892978
5387,Devrabisanahalli,12.9300821833038,77.6853604359479
5388,Eco Space,12.9278364638354,77.6809277999827
5389,Sarjapura Cross,12.92167034,77.6678879187
5390,Ibbalur,12.92154,77.66112
5391,Depot-25,12.91957,77.64291
5392,14th Main HSR Layout,12.91617,77.63528
5393,HSR Appartment,12.91667,77.62926
5394,Bommasandra Indl Area 4TH CROSS,12.8209325206,77.6867581811
5395,YARANDAHALLI GATE,12.8107576445,77.6653329469
5396,BIOCON,12.8079236825539,77.6638646585926
5397,O-MAX CIRCLE,12.79911,77.66124
5398,NAVYA BADAWANE,12.7873411216,77.6541856863
5399,Dyavasandra,12.75755,77.64792
5400,Marsoor gate,12.769420445,77.701504631
5401,Begadadevanahalli,12.7522050217,77.7067289036
5402,Thattaguppe,12.7449780609,77.7250983473
5403,karpoora,12.727101113145,77.7201754679313
5404,Karpura Gate,12.7353257127,77.7080119215
5405,Ahuddevanahalli gate,12.7463457970969,77.7075993546648
5406,Begadadevanahalli,12.7521420497695,77.7064990155463
5407,RKFARM,12.7620877477908,77.7020562445177
5408,Marsoor gate,12.7699944377,77.7013226599
5409,Ramakrishnapur gate,12.7790658362,77.7020550705
5410,Igglur,12.786713317,77.7032328956
5411,Surya City,12.7908913490603,77.7056680397845
5412,Hennagra Gate,12.8058059514,77.6993187983
5413,BTL College,12.8104803711,77.6956162602
5414,Bommasandra,12.8196145501,77.6880797558
5415,Hebbagodi,12.8256497074892,77.6828731188664
5416,Huskur gate,12.8371220767709,77.6786410116472
5417,Veerasandra Gate,12.8395082594873,77.677159450198
5418,Electronic City,12.8468855995398,77.6710986962378
5419,St John Hospital,12.92891004,77.61524068
5420,Electronic City 2nd Phase,12.84388,77.68416
5421,Electronic City Wipro Gate,12.83791127,77.65832738
5422,Huskur,12.8355784107973,77.6798101173942
5423,Sampige,12.8346080063232,77.6973350264347
5424,Ittina Neela Apartment,12.830381,77.701081
5425,HELLELLIGE,12.8179454997831,77.7089678601112
5426,Chandapura,12.802584,77.704535
5427,Hale Chandapura,12.8001769921119,77.7148564630017
5428,Thirumagondanahalli Cross,12.7938784505414,77.7206415008156
5429,Ado Sonnahatti,12.7777416632,77.715632664
5430,Suryacity Gate,12.7924323993816,77.7059383999349
5431,Electronic City,12.8475345,77.67071245
5432,Yelahanka Bakery,13.10702966,77.57572033
5433,Thirumagondanahalli Cross,12.7940545549687,77.7220406684537
5434,NERALURU GATE,12.7924852819786,77.7285819705702
5435,Neraluru,12.7960074435886,77.7283824291811
5436,Ahuddevanahalli gate,12.746360036936,77.7078905319519
5437,Chikkegade cross,12.7313321549,77.7064424939
5438,Choudireddy Circle,12.7295519225,77.7057387494
5439,Kawalu hosalli,12.7237328091373,77.7037535366714
5440,Anekal Circle,12.7171750464131,77.7002101375294
5441,Kawalu hosalli,12.7238461719873,77.7035999506208
5442,Chikkegade cross,12.7315458289257,77.7062847980202
5443,Karpura Gate,12.7353297614531,77.7076558485148
5444,Begadadevanahalli,12.7521260949458,77.7065466862681
5445,Bandapura Village,12.77005947683,77.7266149810944
5446,Balagaranahalli Gate,12.7885059546861,77.7352098484549
5447,Madiwala Village Market,12.7617013827,77.7231351379
5448,Guddatti Gate,12.7882287677595,77.7370677122847
5449,Ichanguru,12.7717030048,77.7420581225
5450,Kamblipura,12.7609278325395,77.7439142107087
5451,Mayasandra,12.7503760389882,77.7469433930915
5452,Neraluru Gate,12.7918675029362,77.7303144773523
5453,Guest Line Hotel,12.7867914052799,77.742057702159
5454,Halehalli,12.7396418061,77.74989428
5455,Muneshwara Temple,12.7318572819364,77.7543930702085
5456,Samanduru,12.7154020169508,77.7529839966028
5457,Guddahatti Gate,12.7883201279,77.7372130472
5458,Guddahtti,12.8032940433197,77.7427669073812
5459,Jn of Adigondanahalli Road,12.80155,77.75202
5460,Jigala,12.7997628376392,77.7607738669577
5461,Adigondana Halli,12.8145179339,77.7511586901
5462,Yadavanahalli Gate,12.78539,77.75111
5463,Attibele,12.7791797086181,77.7700171462043
5464,TVS Cross Attibele,12.768507,77.770191
5465,Ballur Cross,12.7575755585,77.7741160523
5466,Ballur,12.7542612624223,77.7876358641458
5467,Manchenahalli,12.7667393810916,77.7535881705526
5468,Yadavanahalli Gate,12.7857056571621,77.7506707015763
5469,Bhakthipura,12.757195523,77.7617439441
5470,Kodalipura,12.7456761897,77.7571552712
5471,Huskur,12.8363454994,77.6796473935
5472,Handenahalli,12.824988,77.76605
5473,Jigala Cross,12.7820896287693,77.7717538834347
5474,Bidaraguppa,12.8058273670572,77.7837017764633
5475,MALENAHALLI,12.8057228867,77.7957246825
5476,NARASAPURA,12.8003617376,77.8015949484
5477,Solusapura,12.8302500939923,77.7566276130961
5478,Dasarahalli,12.7477245592,77.7746035438
5479,Doddahagade,12.7467277031466,77.6897901803356
5480,Sidihosakote,12.7299790643,77.6875951979
5481,Chowdeshwari Temple Cross,12.759100773174,77.6901842600663
5482,Lingapura Cross,12.7556530852,77.6836602297
5483,Soppahalli,12.7477039397,77.6797456294
5484,Naganayakanahalli,12.7687936326766,77.6953649858924
5485,Vijaya Bank Layout,12.89155,77.60822
5486,Dekkan,12.8958162425021,77.6260372763453
5487,Vijaya Bank,12.882816,77.624773
5488,Vivekanagar Cross,12.95465,77.6207
5489,Infosys Parking Lot,12.84988929,77.66299296
5490,Wipro gate,12.8388742719805,77.6587221535142
5491,Bommasandra Indl Area 4th Cross,12.812022306,77.6809045952
5492,Kyalasanahalli,12.8030675550095,77.6514670291692
5493,Surya city,12.792471014,77.7060915437
5494,Southend Circle,12.9368,77.58038
5495,HSBC,12.89267,77.59903
5496,Ayyappa Mantapa,12.89189,77.60453
5497,Petrol Bunk,12.89216,77.61165
5498,Devarachikkanahalli,12.8889106773,77.6156534068
5499,Nayanappanahalli,12.88032,77.61261
5500,Arekere Gate,12.89049,77.59802
5501,Ayyappa Mantapa,12.89181,77.6045
5502,Petrol Bunk,12.89214,77.61164
5503,Arakere Gate,12.890461,77.598218
5504,Government Hospital,12.886996,77.603147
5505,Arekere BTS Layout,12.88662,77.60715
5506,Avani Shringeri Nagara,12.87985,77.61003
5507,Jal Bhavan,12.92398165,77.60022159
5508,Tuliph Resort,12.82379,77.59845
5509,Sakalwara,12.82096,77.60906
5510,Malenallasandra,12.80675,77.60458
5511,Bannerghatta Circle,12.81368,77.58113
5512,Ragihalli Gate,12.80037,77.59895
5513,Koppa,12.804215,77.626517
5514,Sarala Birla Academy,12.81152,77.5847
5515,Nosenoor,12.74883,77.65028
5516,Chikkammanahalli Cross,12.8407,77.59737
5517,Dinne,12.83821,77.60499
5518,CK Palya,12.8333,77.60877
5519,Sampigehalli,12.8053794,77.5787758
5520,Vijaya Bank Banneragatta Circle,12.81524934,77.58290925
5521,Jalli Machine Bannerghatta Road,12.82587396,77.58627036
5522,AMC College Bannerghatta Road,12.82997542,77.58776682
5523,Kalkere,12.83249238,77.58891042
5524,Tulip Resort Cross,12.83548,77.58903
5525,Koli Farm Gate Bannerghatta Road,12.84116149,77.58846939
5526,Basavanapura Gate Bannerghatta Road,12.84625568,77.5881725
5527,TJohn College Cross,12.84992,77.58832
5528,Gottigere,12.85618154,77.58879547
5529,Gottigere High School Himagiri,12.86223354,77.59047276
5530,Kalena Agrahara,12.8659809,77.59177188
5531,Loyala School,12.87058923,77.59331443
5532,Meenakshi Temple,12.87405082,77.59445608
5533,Hulimavu Gate,12.88161878,77.59588182
5534,BPL,12.88708102,77.59680471
5535,Arakere Gate Byrapura,12.89015,77.59781667
5536,IIM Appolo Hospital,12.89589591,77.59959092
5537,Bilekalli,12.90018957,77.60086055
5538,JP Nagara 3rd Phase,12.90777541,77.60032156
5539,MICO Layout Checkpost,12.91360551,77.59980713
5540,Otis Circle,12.78097,77.63111
5541,Kallabala Cross,12.77099,77.62734
5542,Kallabalu,12.76926,77.62221
5543,Giddenahalli,12.75667,77.62461
5544,Jigani,12.78417,77.64024
5545,KEB,12.77642,77.64515
5546,Bangla Gate Bannerghatta Anekal Road,12.759683552723358,77.65562195348741
5547,Gowrenahalli,12.721958428724818,77.68222946691515
5548,Anekal Circle,12.7169471654821,77.7000490656811
5549,YK Hospital,12.77949,77.63625
5550,Vaderamanchanahalli,12.76833,77.63017
5551,Vijaya Bank Layout,12.89157,77.60822
5552,Haragadde,12.76447,77.65401
5553,Koli Farm Gate Bannerghatta Road,12.8413462946446,77.5884512256865
5554,Bukkasagara,12.78551,77.6213
5555,Mahanthalingapura,12.76692,77.6185
5556,Vaderamanchanahalli,12.76837,77.63025
5557,Konasandra Cross Jigani,12.76567,77.63394
5558,Bommandanahalli Cross,12.76421,77.63556
5559,Dyavasandra Cross,12.7579,77.64049
5560,Nosenoor Cross,12.75389,77.64288
5561,Kallabala Cross,12.77099,77.62721
5562,Krishnadoddi Bannerghatta Road,12.76266,77.61716
5563,Muthurayaswamy Doddi Cross,12.76026,77.61663
5564,Mutturayanaswamy Doddi,12.7595,77.61978
5565,Kenchanayakana doddi,12.8227083106,77.5571896322
5566,Byatarayana Doddi,12.8158382218676,77.5523130079843
5567,Byatarayana Doddi Cross,12.8162859499004,77.550704770749
5568,Shylendra Doddi,12.80068,77.55168
5569,Gulaka Malai,12.7975507253126,77.5232855736591
5570,Vasudevapura,12.7978551350665,77.5210505392677
5571,Kaggalipura,12.8001889679237,77.5085389021133
5572,Prasanna Talkies Magadi Road,12.9761040972417,77.5526713244205
5573,Bannerghatta National Park,12.80056223,77.57770132
5574,Dyavasandra,12.75757,77.64792
5575,TATA Advance,12.774992,77.641468
5576,Vaddarapalya,12.765775,77.640772
5577,Nayanahalli Cross,12.761417,77.655019
5578,Nayanahalli,12.762832,77.670513
5579,Lingapura,12.762250746476,77.6787352394993
5580,Yellammanadoddi,12.75466,77.6121
5581,Mahadevana Doddi,12.74731,77.60912
5582,Colony Mahadevana Doddi,12.74322,77.6049
5583,Kuppasiddana Doddi,12.73524,77.60297
5584,Siddayyanadoddi,12.71928,77.59591
5585,Uraganadoddi Bannerughatta Area,12.71673,77.59387
5586,Sakalwara,12.82096,77.60905
5587,Malenallasandra,12.80675,77.60459
5588,Ramasandra,12.80771,77.61485
5589,Koli Farm CK Palya,12.8418,77.5888
5590,Chinnaiahna Palya,12.825843,77.611029
5591,Pillaganahalli,12.84528,77.58137
5592,Anand Ashrama,12.92742116,77.60054327
5593,Government Hospital,12.886987,77.603156
5594,Shanthinikethana Layout,12.88285,77.60345
5595,Hulimavu,12.876856,77.602447
5596,Arakere Gate,12.890453,77.598208
5597,Nobo Nagara,12.86819,77.59777
5598,AECS Dental College,12.86547,77.59824
5599,Doddakammnahalli,12.858398,77.599513
5600,Chikkakammanahalli,12.849473,77.600067
5601,Doddakammnahalli,12.858388,77.599522
5602,Hommadevanahalli,12.84461,77.59841
5603,Dinne,12.8382,77.60498
5604,Shanthinikethana Layout,12.8845,77.60359
5605,St Marys School,12.847677,77.608868
5606,Nobel Residency Gate,12.8628820702757,77.6151783911232
5607,Beguru,12.8735642541619,77.6253068150031
5608,Kalleshwari,12.790326,77.593696
5609,Muthurayanaswami Temple,12.768459,77.584916
5610,Nagammana Doddi,12.747153,77.575451
5611,Ragihalli,12.738939,77.574412
5612,Hongemara,12.734857,77.572998
5613,Shivanahalli,12.722739,77.573199
5614,Jaipura Doddi,12.707282,77.569062
5615,Kariyappanadoddi,12.704052,77.568831
5616,Ujappana Doddi,12.700822,77.568076
5617,Mudalayyanadoddi,12.733535,77.577868
5618,Koratageredoddi Bannerghatta,12.732698,77.583086
5619,Gobbaradha Factory,12.8147590037722,77.5784349582597
5620,Kyasaraguppe,12.8165918392601,77.5669741810598
5621,Hakki Pikki Colony,12.8024097006448,77.5589608401592
5622,Shylendra Doddi,12.8011206351,77.5534005929
5623,Byatarayana Doddi Cross,12.8024153039,77.54089077
5624,CENTRAL RESERVE POLICE FORCE,12.7955207893213,77.539039325704
5625,Kyasaraguppe,12.8129749093,77.5649419706
5626,Dyavasandra Cross,12.75789,77.64048
5627,Gollhalli,12.74063,77.64611
5628,Aduru,12.73301,77.65438
5629,Aladamara Chikkanahalli Cross,12.73039,77.65065
5630,Indlawadi,12.72822,77.63862
5631,Chikka Indlawadi,12.716305,77.640553
5632,Chikkanahalli,12.717542,77.646609
5633,Konasandra Bannerghatta Road,12.76269,77.63399
5634,Nisarga Badavane,12.783076,77.612956
5635,Sonnanayakanpura,12.728434,77.658816
5636,Siddayyanapalya,12.722447,77.655829
5637,Chinnaiahna Palya,12.717959,77.655922
5638,Bommandanahalli Cross,12.76422,77.63558
5639,Nosenoor Cross,12.75406,77.64278
5640,Kadajakkanahalli,12.737629,77.634529
5641,Puttenahalli Jp nagar,12.8956855861102,77.5818019153599
5642,Bommandanahalli,12.761538,77.635183
5643,Nagayyanadoddi,12.710846,77.641383
5644,Chikka Hosahalli,12.705901,77.645151
5645,Thammanayakanahalli,12.706362,77.650025
5646,Rajarajeshwarinagara Gate,12.935557905969,77.5182479242728
5647,PETROL BUNK,12.932691,77.516156
5648,Ideal Homes Stop,12.9249806461095,77.5178450469425
5649,BEML Layout 5th Stage,12.9098778951451,77.5210866023614
5650,Patalamma Temple Uthrahalli,12.9048529098784,77.5300843782234
5651,Poornapragna layout Water tank,12.9084298437182,77.5345826190134
5652,Uttarahalli,12.905752,77.542506
5653,Subramanyapura Police Station,12.898679,77.543831
5654,Thurahalli Main Road,12.900322,77.539775
5655,Thurahalli,12.897924,77.539174
5656,Jayanagara 9th East Circle,12.9166735876997,77.5961041973551
5657,Devegowda Petrol Bunk,12.9219127139344,77.559186765985
5658,Jn of Hosakerehalli Cross,12.9296991974,77.5441659987
5659,Jn of Ring Road,12.9328285261699,77.5402067673632
5660,PES College,12.9347521632298,77.537082583099
5661,Veerabhadranagar,12.9384132754,77.5332731288
5662,BEML Gate,12.922593439,77.5185017847
5663,Double Road BEML Layout,12.914299,77.520681
5664,Channasandra,12.9029517228045,77.5216085078203
5665,Arehalli Gate,12.9084641101308,77.5382305738626
5666,Madiwala Market,12.921912,77.621664
5667,Ganapathi Halli,12.917772,77.395427
5668,Puttaiana Palya,12.95992,77.40678
5669,Church,12.92889881,77.48684015
5670,Jn of Gollahallii Road,12.9076113565825,77.4891043454184
5671,Kengeri TTMC,12.91249,77.48552
5672,Sunkathpalya,12.9074642072327,77.4910353164852
5673,Srinivasa Pura,12.903938374542,77.5083563138193
5674,Srinivasapura gate,12.904060137771,77.5126100596068
5675,Biscuit Factory Mysore Road,12.8739344575521,77.4483071813374
5676,BYROHALLI CROSS,12.9343434423,77.4481157586
5677,Maragondanahalli Cross,12.9221750982,77.4169721268
5678,Kempadyapana Halli,12.8669128753,77.3541916721
5679,Basammana Halli,12.8747493928093,77.3542689112475
5680,Kurubara Palya,12.9142754682418,77.3672010087066
5681,Neeladri Park,12.8414767728876,77.6477505655163
5682,Dodda Toogur Cross,12.8434229967065,77.6440863035139
5683,Basavanna Devasthana,12.84369,77.6051
5684,Chikkammana halli Cross,12.84465,77.59983
5685,Hommadevanahalli,12.84431,77.59845
5686,CK palya Cross,12.84034,77.59347
5687,Koli Farm CK Palya,12.84155,77.58884
5688,Gottigere,12.8575632814,77.588641718
5689,Royal Layout,12.8608539727618,77.5853397403386
5690,Brooks Hevean,12.8694092707631,77.5757049356934
5691,Jigani Tent,12.78739,77.63314
5692,Harapanahalli,12.79205,77.62325
5693,Nisarga Gate,12.79498624387856,77.61920828390123
5694,Koppa Gate Bannergatta Road,12.79646,77.61579
5695,Begihalli,12.79789,77.60376
5696,Ragihalli Gate,12.80037,77.59879
5697,Mantapa Cross,12.79869,77.6013
5698,Jangal Palya,12.80244,77.59659
5699,Mylasandra Cross,12.8424159852358,77.6184343708644
5700,Gottigere,12.8551311884,77.5885336753
5701,Kembhathahalli Cross,12.8553067463632,77.5803643083159
5702,Anjanapura,12.8625511534056,77.5643927239871
5703,Avalahalli,12.8726306416443,77.566531254373
5704,Konanakunte Cross,12.889419,77.563543
5705,Biana Palya,12.8740711883,77.5405046996
5706,Muneshwara Temple,12.8592377728007,77.5701840914852
5707,Kembathahalli,12.8562394837993,77.5768871396035
5708,Kumbarahalli,12.748800875726095,77.65978474187852
5709,Suragajakkanahalli Anekal Road,12.740178114930565,77.66888279485704
5710,Shanimahathma Devasthana,12.717186140730718,77.69469637441637
5711,Electronic City,12.8455016810856,77.6653715867666
5712,Shikaripalya Cross,12.8390650067444,77.6590180886792
5713,Hosakote Bus Stand,13.077438502982,77.8021674572823
5714,DANDUPALYA,13.0763920583,77.8115596063
5715,Kolathur,13.0750028417,77.8298399504
5716,Attivatta Gate,13.0971047616258,77.8555093884546
5717,Attivatta Gate,13.0882046534043,77.8534842325481
5718,THAVATAHALLI,13.0771080732633,77.8694322021049
5719,Haralur Cross,13.0581413217832,77.8365969288174
5720,Haralur,13.0654240027,77.8381930199
5721,Kolathur Gate,13.0733765848007,77.8302300161753
5722,SOLURU,13.0737301333,77.8451214336676
5723,Dandu Palya,13.0762137752,77.8114712611
5724,Alappanahalli,13.1021456394818,77.7777679508684
5725,Thimmasandra,13.1243276855336,77.7732750317796
5726,Yanagunte,13.1577935815,77.7906470094
5727,Sulibele Hoskote,13.1868913836465,77.8030294349757
5728,Bendiganahalli Cross,13.206418,77.834601
5729,Thaniyur,13.2261480558136,77.8363468691283
5730,Byrasandra,13.2376890920511,77.8473237285682
5731,Jangama Kote,13.2617999241,77.8466291539
5732,SOLURU GATE,13.0708444476922,77.8431568432357
5733,Orahalli,13.0608812899575,77.8741037134161
5734,APPASANDRA,13.063153337035,77.8969110418905
5735,Lakkondahalli Cross,13.1172442302347,77.7733258344592
5736,Venkatapura Gate,13.2799866823427,77.820262193579
5737,Hasigala,13.1352977841716,77.7748484714694
5738,Sonnallipura,13.13606,77.78973
5739,M Sathyawara,13.14396,77.7979
5740,E Muthasandra,13.14545,77.81576
5741,Kambalipura,13.13105,77.80423
5742,Vabasandra,13.12248,77.77982
5743,BENDIGANAHALLI CROSS,13.2062219905997,77.8343984952587
5744,Bhavapura,13.19998,77.84959
5745,Giddappanahalli,13.1745983290454,77.8165018851684
5746,Bettahalli,13.182373,77.820128
5747,Kallahalli,13.10588,77.78888
5748,Atturu Hosakote,13.0989158321025,77.8587993981328
5749,Mugabala,13.1191033212554,77.8873300955491
5750,KEMPALINGANAPURA,13.1410806848522,77.8982850565145
5751,Hotel Hemarold,13.0828326046496,77.818263761869
5752,Nidaghatta Cross,13.0972966645244,77.8558178377477
5753,Nidaghatta,13.0945071951,77.87125309
5754,Atturu Hosakote,13.0987869796515,77.8585669390238
5755,Mylapura,13.103822,77.879349
5756,Anjaneya Temple Gate,13.096519,77.889234
5757,Doddanallala,13.0833902769,77.8963377792
5758,Mylapura Gate,13.1076462884155,77.8740721937661
5759,Halasahalli Gate,13.0900647625633,77.8364291806059
5760,Mugabala,13.1191293475179,77.8874795280452
5761,Poojena agrahara,13.0319449428001,77.7929846088944
5762,Devanagundi Cross,13.0602031667,77.8274185024
5763,Jinnagara Cross,13.0298634311876,77.8261496071681
5764,Honachanahalli,13.0202826816305,77.8440418412229
5765,Nandashree Choultry,13.0601846427,77.7845133003
5766,Poojena agrahara,13.0318728674837,77.7930973200697
5767,Bhakthara Halli Cross,13.018382499,77.784460159
5768,K Mallasandra,13.0089917547999,77.7839552643118
5769,Central Reserve Police Force,12.7955954248528,77.539045480035
5770,Byatarayana Doddi Cross,12.8037507718428,77.5435284119269
5771,Hakki Pikki Colony,12.8025311671617,77.5589705480432
5772,Kyasaraguppe,12.8167427166014,77.5669664015618
5773,Bannerughatta,12.8139153704033,77.5810062267448
5774,NAVYA BADAWANE,12.7876042022146,77.6540970741831
5775,O-MAX CIRCLE,12.7991358005,77.6610832382
5776,Bommasandra Indl Area,12.8170524326826,77.6764069358149
5777,MARUTHI NAGARA,12.791219,77.657417
5778,BIOCON,12.8078410603733,77.663669167582
5779,YARANDAHALLI GATE,12.811111978226,77.6653438206693
5780,ARAVINDA LIMITED,12.8145717457,77.669393057
5781,Silk Form,12.8155576034909,77.7852277160509
5782,Exide Factory,12.8350348390043,77.7852959954887
5783,boorugunte,12.8421337698744,77.78373135801
5784,Sarjapura circle,12.8606159706,77.783646863
5785,Kristal Apartment Sarjapura road,12.86770383,77.7670633
5786,Chowdadevanahalli,12.88168031,77.75692577
5787,mutyanalluru circle,12.8431691923566,77.7272942091722
5788,Chinthala Madiwala,12.8546134247205,77.7122125941384
5789,Doddammana Devasthana,12.8472689601686,77.6908202915976
5790,Muttanallur Cross,12.8428724462103,77.7275375215779
5791,Narayana Ghatta,12.8376919232142,77.7245787416477
5792,Ramasagara,12.8207538918994,77.718801670454
5793,Heelalige Cross,12.8086083196907,77.708813193084
5794,Chikka Thirupathi,12.8950750159557,77.8670054171994
5795,Mugaluru,12.8947950248,77.8209767584
5796,Dodda Thimmasandra,12.8788588475,77.8129106015
5797,Mahal Chowdadenahalli,12.8719013415897,77.8080131602231
5798,Thindlu Cross,12.860352747722,77.7988489509547
5799,Karpura Gate,12.7243117243579,77.7208699480699
5800,Muthanallur Circle,12.8432884812,77.7274866868
5801,Gopasandra,12.8526880313533,77.7298971701805
5802,Harohalli,12.8654569387,77.7325397171
5803,Mugaluru,12.8949037381,77.8209461644
5804,Chikka Thirupathi,12.8952327320483,77.8669400289642
5805,Hebbala,13.0426666991409,77.5911362617954
5806,BEML Gate,12.97119,77.65874
5807,Sheshadripuram College,13.09974,77.58858
5808,Betta Halli Layout,13.0922301672,77.559498176
5809,KG Halli Bridge,13.0548586976,77.534759827
5810,Bireshwara Circle,13.0654561006472,77.4940035944944
5811,Kudhuregere colony Madhanayakanahalli,13.0681969578456,77.4759586133282
5812,Madanayakanahalli,13.061328539358,77.4615067399438
5813,Yelahanka,13.0988714318715,77.5974606108389
5814,Jalli Machine,13.0860339210811,77.5556659689626
5815,Durgaparmeshwari Temple,13.0815036872073,77.5597164652254
5816,Sonnappanahalli,13.156149796745,77.6179504022927
5817,Bagaluru Cross,13.121532714,77.610931294
5818,Navarang Talkies,12.9997425713,77.5498992205
5819,Government Soap Factory,13.0117952921083,77.5518612912004
5820,Manjunathanagara,12.9957301542,77.5507898815
5821,Rajajinagar ESI,12.989643719,77.5506351516
5822,Industrial Town,12.9856581241,77.5493472721
5823,Rajaji Nagar Industrial Area,12.9820732679,77.5490991678
5824,Magadi Road TollGate,12.9786441475,77.5490753632
5825,Ganesha Temple,12.96513,77.53811
5826,Devegowda Petrol Bunk,12.922101,77.559233
5827,BEL Circle,13.04375,77.5572
5828,Jelly Machine Yalahanka,13.0862097015768,77.5555106251699
5829,Chikkabettahalli,13.0894392449,77.5561692193
5830,Thirumala Daba,13.0977346757677,77.5631636600057
5831,Atturu Layout Yelahanka Road,13.0979676638,77.5678448752
5832,Yelahanka Satelite Town 4th Phase,13.10417,77.57319
5833,Mother Dairy Cross,13.09984,77.57665
5834,Big Market Sahakara Nagara,13.06252,77.59294
5835,Sahakara Nagar Cauvery School,13.0617849156,77.5872488134
5836,Nanjappa Circle,13.068492,77.560412
5837,Gangamma Circle,13.0583706199137,77.5459986399371
5838,Jalahalli East,13.069327892592,77.5445883816951
5839,MS Palya,13.0817630142,77.5484313816
5840,Jalli Machine,13.0858396415645,77.5557919387083
5841,Chikkanahalli,13.1839667996329,77.6888115884376
5842,Mylanahalli Chikka jala,13.1840469595,77.6960900892
5843,Church,12.92805897,77.48638724
5844,Nagadevanahalli RR Temple,12.935429904037,77.4921811946027
5845,Kenchanapura Cross,12.9411453567,77.493257504
5846,Railway Station Kengeri,12.91654284,77.48223203
5847,ITI Layout Mallathahalli,12.969509659217,77.5062357953518
5848,Jn of Magadi Road,12.9878991304101,77.5190990358063
5849,Kanteerava Studio,13.0226876121,77.5327245332
5850,Foreman Training Insititue,13.0251760315,77.5341101456
5851,Reliance Petrol Bunk Guragunte palya,13.0287467223,77.5361629575
5852,RMV 2nd Stage,13.0439374968,77.5706809759
5853,Doddabasti,12.94258,77.47902
5854,MCTC Bus Stand,12.9540668090393,77.5443294399661
5855,Park,12.9170877859,77.5113390293
5856,Hebbal,13.0425463524,77.5899490435
5857,Devi Nagara,13.04686,77.56867
5858,Kuvempu Circle,13.0434248596,77.5609177351
5859,BTM Layout Lake,12.90789,77.613609
5860,DELMIA,12.9061048707261,77.5943577377658
5861,JP Nagara 5th Phase,12.906274,77.590564
5862,Power House,12.9061767676363,77.5807499074015
5863,JP Nagara 6th Phase,12.906407,77.576072
5864,Kadirenahalli Cross,12.912114,77.567349
5865,Devegowda Petrol Bunk,12.92178,77.560338
5866,Summanahalli Magadi Road,12.98849,77.51946
5867,Atturu,13.10659,77.56567
5868,Hebbala,13.03758,77.58945
5869,Kempanahalli,13.110083,77.557124
5870,Military Dairy Farm,13.0496216,77.5929196
5871,Chikkabelavangala Gate,13.2031089161,77.4331967253
5872,Kannamangala Gate,13.1907926437476,77.4198593631735
5873,Sambhram College MS Palya,13.0881772656,77.5466526579
5874,Nethravathi,13.0898590107,77.5422234088
5875,Lakshmipura Cross,13.0922460339112,77.5338929098669
5876,Meda Agrahara Cross,13.1013125727453,77.5305729866829
5877,Dodda Balyar Kere,13.1126407112598,77.5248677675894
5878,Kurubarahalli Cross,13.126720524342,77.5194953214444
5879,Shivakote,13.1339629551878,77.5146555185185
5880,Huskur Baare,13.1369622052,77.4391643889
5881,Kanakanagara Gate,13.1382213296565,77.4346910048115
5882,Golahalli Railway Station,13.1505469834605,77.4117955498242
5883,Srinivasapura Cross,13.129055687535,77.4002729649861
5884,Jyoti Vidyalaya Hospital,13.149090378112,77.4766281526982
5885,Nrutya Grama,13.1543454502379,77.4729001864495
5886,Kamakshipalya,13.1982588744661,77.489082064722
5887,Sonne Halli,13.1977631059,77.5003796071
5888,Sonnenahalli Hospital,13.1936746717212,77.5018266652147
5889,Cable Factory Kakolu Road,13.1740255094985,77.5405238407461
5890,Thara Hunise,13.1786936595254,77.5881446025515
5891,Sonnenahalli Hospital,13.159233072833,77.6113998715206
5892,Ramagere School Tharahunase,13.1716897204235,77.5988084728723
5893,KMF Kakolu,13.1884530759496,77.5074017265769
5894,Nrutya Grama,13.1541830568659,77.4729915705046
5895,Jyoti Vidyalaya Hospital,13.1492053555866,77.4766645231582
5896,Madure,13.2012181484081,77.4571661531719
5897,Kodihalli Hesarugatta,13.1900085791073,77.4539349744472
5898,Chikka Kukkanahalli,13.1584653072,77.449213285
5899,Basavana Devastana,13.1381587447191,77.4533543242565
5900,Guddadahalli Hesaraghatta Road,13.1413798872,77.4622147903
5901,Dasenahalli Cross,13.14092247491,77.4650745672057
5902,Vinayaka Nagara,13.1386776038183,77.4747624624098
5903,Hesaraghatta,13.1379378445559,77.4786786208103
5904,Agrahara Dasarahalli,12.97828,77.54298
5905,Srinivasapura Cross,13.1292391625722,77.4002669502333
5906,Mylanahalli,13.1325922943967,77.4034406689219
5907,Chikkabelavangala Gate,13.203206533479,77.4331527676403
5908,Kodiyala,13.2097325193799,77.4518711381147
5909,Madhure,13.2021445847339,77.4569883065014
5910,Kumbalagunte Cross,13.2012623669563,77.4583242715369
5911,Thimmasandra,13.1699854787,77.5805127807
5912,Huttanahalli Cross,13.1654208944735,77.6500781286268
5913,Razak Palya,13.1494658254,77.6588253211
5914,PES College,12.93481,77.53711
5915,Nayandahalli Cross,12.944803708951,77.5288801759134
5916,Silk Board Attibele Road,12.9164651158894,77.6229905341941
5917,Bharath Nagara Ist Phase,12.98244,77.48016
5918,BHEL Gate,12.94965,77.53713
5919,Nagarabhavi Village,12.9588185158,77.5169155933
5920,Malagala Bus Stand,12.9721418861,77.5127336103
5921,Ravi Jim,12.9775576776309,77.5144990728214
5922,Summanahalli Magadi Road,12.98710559,77.51924828
5923,Nayandahalli Railway Gate,12.946278,77.525671
5924,Vinayakanagar 12th cross,12.965347,77.512328
5925,BDA Complex Cross,12.983035,77.518112
5926,Malagala Cross,12.985361,77.519005
5927,Sumana Halli,12.9932256415,77.5213043578
5928,Lourdhubhai Kalyana Mantapa,12.997501,77.523361
5929,Annasandra Palya,12.9644096989555,77.6725451156156
5930,Vibhuthipura Samudaya Bhavana,12.9646457762655,77.6775714149323
5931,B Narayanapura,12.996391654,77.6837148797
5932,New Horizon College,12.935341727,77.6912756916
5933,Petrol Bunk,12.922913688799,77.6703933183168
5934,Carmelaram Railway Station,12.9071778618,77.7053782437
5935,Carmel Convent High School,12.9128299691427,77.7116926728895
5936,Krupanidhi College,12.9156398714754,77.7235692703923
5937,Gunjuru Cross,12.9174897219023,77.7255212374328
5938,KTPO,12.976847738,77.721594125
5939,I Gate ITPL Road,12.9770644102,77.7189770434
5940,SAP ITPL,12.9775891716664,77.7147822558818
5941,CMRIT,12.9676731700779,77.7142717500833
5942,AECS Layout,12.96515272,77.7184327226
5943,BEML Gate,12.9603990131975,77.7165352327581
5944,RAJESHWARI,12.958956,77.659623
5945,Murgeshpalya,12.9591727,77.65611687
5946,Manipal Hospital,12.95976952,77.64784743
5947,Kodihalli Domlur,12.95987898,77.64685873
5948,Byappanahalli rly gate,12.9915553383186,77.6434569397304
5949,HAL Main gate,12.95833872,77.66549765
5950,Manipal Hospital,12.9595825,77.64949586
5951,Isolation Hospital,12.9851906906361,77.6424572335988
5952,Kalyana Nagara,13.0259900182844,77.6369740270688
5953,Veterinary College,13.02539564,77.58472596
5954,RT Nagara Police Station,13.02437,77.59283
5955,Kanakanagara,13.0392835536843,77.6074010113239
5956,Bhuvaneshwari Nagara,13.0324073035025,77.6047449555464
5957,Kabhir Ashram,13.014558534021123,77.59686749446382
5958,Thimmayya Garden,13.018414015,77.5986578409
5959,Chinnappa Layout,13.027913,77.611923
5960,Manjushree Hospital,13.0214352719,77.6073833182
5961,RAILWAY GATE SHAMPURA,13.0287846459794,77.615904135551
5962,Amarajyothi Badavane,13.055258,77.629244
5963,Manorayana Palya,13.028235,77.600408
5964,Jn of Marathalli Bridge,12.9540844169,77.7002514526
5965,Vijaya Bank Colony,13.0169558991,77.6601492427
5966,Kempapura,13.043583953523,77.6008414027079
5967,BEL Circle,13.0436587986,77.5567178987
5968,Muthyalanagara,13.0435779245816,77.5532646091783
5969,Bakery,13.0426292494,77.5501031522
5970,Jalahalli Village,13.0416313756127,77.5473838198337
5971,Alisda,13.0377955735,77.5419040583
5972,Kanteerava Studio,13.0229164381,77.5330702029
5973,Laggere Bridge,13.00752,77.52675
5974,Lourdhubhai Kalyana mantapa,12.99721,77.52338
5975,Vokkaligara School,12.9858754668,77.5115981977
5976,Aladamara Papareddy palya,12.9752313718,77.5096262712
5977,Papareddy Palya,12.972274404,77.5080512278
5978,Kengunte Ambedkar College,12.9630313736094,77.5050988828804
5979,Kengunte,12.9612044245,77.504669046
5980,Kenchanapura Cross,12.941121133,77.4934292492
5981,HSR 6th Sector,12.91285,77.63247
5982,HSR BDA Complex,12.91235,77.63787
5983,Depot-25,12.92238,77.64512
5984,City light Apt,12.9246227371425,77.6741634722156
5985,Konappana Agrahara,12.8554470241624,77.6638946492986
5986,HP Cron Palza,12.8536215960822,77.6606314229869
5987,Infosys Parking Lot,12.84978516,77.66305059
5988,Koramangala TTMC,12.940398,77.625145
5989,Hebbagodi,12.82564,77.68295
5990,BEL Circle,13.04355,77.55703
5991,Panathuru,12.9364796304737,77.7037220554744
5992,Boganahalli,12.9263858311,77.7010999527
5993,Monotype Corporation,12.92151,77.56959
5994,Veerabhadranagar,12.938712,77.533688
5995,Jn of Tumkur Road,13.0298474006751,77.5401271401094
5996,Alisda,13.0377046070241,77.5416636772524
5997,Jalahalli Village,13.0418618501124,77.5473528635584
5998,Bakery,13.0427290779,77.5500719715
5999,Muthyalangra,13.0437342357,77.5532052107
6000,MES Road BEL Circle,13.044167064,77.5546376681
6001,Avalahalli New BDA Layout,12.940973,77.535528
6002,MES Road BEL Circle,13.044048,77.554875
6003,Kuvempu Circle,13.04382,77.56159
6004,Banashankari 3rd Stage 2rd Phase,12.933973,77.538524
6005,Goragunte Palya,13.028993,77.539621
6006,Sumana Halli,12.9929498264434,77.5214893586423
6007,Ghanigara Halli,13.0891645565476,77.5103295621451
6008,Bagalagunte,13.0564927100575,77.5069520991975
6009,HSR Layout 2nd Sector,12.91236,77.64452
6010,Kottigepalya,12.987737,77.512061
6011,Janapriya Enclave,12.989418,77.499312
6012,Jalahalli Guard Room,13.07315,77.546213
6013,Hoodi,12.99245,77.71607
6014,Railway Bridge Shanthinagara,12.9969188757,77.7171452623
6015,Big Bazaar,12.988111086362,77.7314937095452
6016,Yellappa Reddy House,12.93888,77.71746
6017,Hoodi,12.992153,77.716099
6018,Gopalan Mall,12.98553,77.70835
6019,Domlur TTMC Bus Stand,12.96119151,77.6363664
6020,Velankani Electronic City,12.85122,77.65767
6021,Infosys Parking Lot,12.8497949517192,77.663028973768
6022,Subbaiah Circle,12.9304414337595,77.6852419798
6023,B Channasandra,13.013443,77.663146
6024,Devasthana,12.9180174700528,77.7368434910491
6025,Varthoor College,12.942718597732,77.7469482609188
6026,Kempegowda Bus Station,12.97751,77.57141
6027,Maharani College,12.97703,77.5858
6028,KR Circle,12.97386,77.58661
6029,St Marthas Hospital,12.96945,77.58716
6030,Corporation,12.96701,77.58822
6031,Town Hall,12.96355,77.58375
6032,KR Market,12.96368,77.57742
6033,Makkala Koota,12.9572,77.57311
6034,Chamarajapet,12.95627,77.56744
6035,Bengaluru High School,12.95325,77.56762
6036,Ramakrishna Ashrama,12.94715,77.56783
6037,Hanumanthanagara Ward Office,12.94339,77.56602
6038,Subramanya Swamy Temple,12.94171,77.562
6039,Nirmala Store,12.94162,77.55957
6040,Apex Bank,12.94177,77.55602
6041,Nagendra Block,12.9419,77.55322
6042,Banashankari 1st Stage Muneshwara Block KEB,12.94211,77.55079
6043,Muneshwara Block,12.94229,77.54873
6044,Girinagara,12.94315,77.54515
6045,Avalahalli BDA Park Girinagara,12.94332,77.54271
6046,Avalahalli New BDA Layout,12.94341,77.53685
6047,Nayandahalli Junction,12.94552,77.52755
6048,Attiguppe,12.95789,77.53385
6049,Income Tax Layout,12.96009,77.5311
6050,Chandra Layout,12.95925,77.52671
6051,Sadashivanagara ING Vysya  Bank,13.00549,77.58063
6052,Bashyam Circle Sadashivanagara,13.0062,77.57905
6053,Vaiyalikaval Police Station,13.00207,77.57851
6054,Vaiyali Kaval,12.99916,77.57769
6055,Dattatreya Temple Malleshwara,12.99893,77.57479
6056,Link Road,12.99426,77.57388
6057,Swastik Sheshadripuram College,12.98916,77.57416
6058,Central,12.9898,77.57204
6059,Kempegowda Bus Station,12.97749,77.57327
6060,Depot-14 Gate,13.02844,77.5937
6061,RT Nagara Police Station,13.02424,77.59288
6062,RTN Post Office,13.022,77.59251
6063,Rahamathnagara,13.01755,77.5919
6064,Matadahalli,13.01366,77.59365
6065,C Q A L,13.01175,77.59331
6066,TV Tower,13.00978,77.59078
6067,Munireddy Palya J C Nagara,13.00676,77.59276
6068,Jayamahal,13.00189,77.59448
6069,Cantonment Railway Station,12.99384,77.59712
6070,CSI Hospital,12.98983,77.59938
6071,Indian Express,12.98408,77.59827
6072,Shivajinagara Bus Station,12.98328,77.60304
6073,Kaval Byrasandra,13.01974,77.60769
6074,P and T Quarters,13.0215,77.6046
6075,Sultanpalya Cross Pushpanjali Talkies,13.02211,77.60242
6076,Dinnur Main Road,13.02395,77.5989
6077,HMT Layout R T Nagara,13.02465,77.59481
6078,Indian Express,12.98402,77.59716
6079,Cubbon Park Metro Station,12.98068,77.59835
6080,Maharani College,12.97903,77.5849
6081,Telephone Exchange AGO/VSD,12.98225,77.58852
6082,Sophiya School,12.98609,77.58864
6083,High Ground Police Station,12.98909,77.58873
6084,Avinash Petrol Bunk,12.99045,77.58862
6085,Mount Carmel College,12.99297,77.58883
6086,Ganesha Temple Vasanthanagara,12.99524,77.59199
6087,Vasanthanagara,12.99395,77.59547
6088,Jayamahal,13.00034,77.59478
6089,Munireddy Palya J C Nagara,13.00413,77.59359
6090,TV Tower,13.00964,77.59078
6091,C‌ Q A L,13.01178,77.59326
6092,Matadahalli,13.01364,77.59362
6093,Rahamathnagara,13.01751,77.59186
6094,RT Nagara Post Office,13.0219,77.59245
6095,RT Nagara Police Station,13.02495,77.59321
6096,HMT Layout R T Nagara,13.0247,77.59473
6097,Dinnur Main Road,13.02401,77.59884
6098,Sultanpalya Cross Pushpanjali Talkies,13.02215,77.60241
6099,P and T Quarters,13.02155,77.60454
6100,Shivajinagara Bus Station,12.98396,77.60323
6101,Indian Express,12.98421,77.59735
6102,Cunningham Road,12.98787,77.59427
6103,Vasantha Nagara,12.99278,77.59503
6104,Canara Bank Millers Road,12.99556,77.60172
6105,YMC Nandhidurga Road,12.99585,77.60181
6106,Nandidurga Road,13.00056,77.5996
6107,Jayamahal Extension1,13.00199,77.59877
6108,JC Nagara,13.00508,77.59394
6109,Kabir Ashrama,13.01328,77.59616
6110,Thimmayya Garden,13.01838,77.59867
6111,Modi Garden,13.01588,77.60278
6112,Jayamahal Extension,13.00206,77.59873
6113,Nandidurga Road,13.00075,77.59959
6114,Canara Bank Millers Road,12.99549,77.60169
6115,Raj Bhavan,12.98331,77.59229
6116,Vidhana Soudha Karnataka High Court,12.97821,77.59135
6117,MS Building,12.97677,77.58922
6118,KR Market,12.9641,77.57897
6119,Cantonment Railway Station,12.99475,77.59711
6120,Ashwathkatte Sultanpalya,13.0246,77.60341
6121,Sultan palya,13.02658,77.60407
6122,Ashwathkatte Manorayanapalya,13.02795,77.60448
6123,Manorayanapalya,13.02889,77.60169
6124,Sultan palya,13.02654,77.60409
6125,Ashwathkatte Sultanpalya,13.02459,77.60346
6126,Shivajinagara Bus Station,12.98328,77.60341
6127,MG Statue (Chinnaswamy Stadium),12.97654,77.59999
6128,Museum,12.97397,77.59585
6129,St Josephs Indian School/ Malya Hospital,12.97052,77.5943
6130,Richmond Circle,12.96738,77.59946
6131,Bishop Coton Girls High School,12.96889,77.6014
6132,Manorayanapalya,13.02903,77.60169
6133,High Ground Police Station,12.98885,77.59222
6134,Sophiya School,12.98573,77.58934
6135,Telephone Exchange AGO/VSD,12.98219,77.58869
6136,Maharani College,12.97907,77.58511
6137,Cauvery Bhavana,12.97372,77.58157
6138,CBI,13.02696,77.58589
6139,Vasanthappa Block,13.02629,77.58904
6140,Ashwathkatte Manorayanapalya,13.02798,77.60453
6141,Town Hall,12.96384,77.58434
6142,Corporation,12.96839,77.58675
6143,City Civil Court,12.97343,77.58243
6144,KR Circle,12.97555,77.5864
6145,Vidhana Soudha Karnataka High Court,12.9802,77.59296
6146,Indian Express,12.98387,77.59645
6147,Chinnappa Garden,13.0031,77.60353
6148,Marappa Garden,13.00439,77.59974
6149,Padmanabha Nagara,12.91811,77.55964
6150,Devegowda Hospital,12.92041,77.55998
6151,Devegowda Petrol Bunk,12.9227,77.56033
6152,KIMS College,12.92678,77.56133
6153,Indira Nursing Home,12.92921,77.56441
6154,BDA Complex Banashankari 2nd Stage,12.9247,77.56428
6155,Bata Show Room banashankari,12.92351,77.57006
6156,Monotype Corporation,12.92176,77.57062
6157,Banashankari Hunasemara,12.92097,77.57407
6158,Deepak Nursing Home,12.92518,77.57699
6159,Yadiyuru,12.93067,77.57623
6160,Nanda Talkies,12.93327,77.58007
6161,Vijaya College,12.94001,77.58002
6162,R V Teachers College,12.94486,77.57999
6163,Lalbagh Metro Station,12.94705,77.57999
6164,Lalbagh West Gate,12.94963,77.57993
6165,Minerva Circle,12.95387,77.57992
6166,Town Hall,12.96361,77.58515
6167,Mysore Bank,12.97253,77.58199
6168,Indian Express,12.98393,77.5974
6169,MG Statue (Chinnaswamy Stadium),12.97708,77.59921
6170,KR Market,12.96406,77.5768
6171,Rayan Circle,12.96047,77.5679
6172,Water Tank Chamarajapet,12.96038,77.56493
6173,Chamarajapet,12.96033,77.56255
6174,Sirsi Circle 1,12.96031,77.55694
6175,Mysore Road TollGate,12.95768,77.55319
6176,New Guddadahalli,12.95641,77.54761
6177,Mysore Road Bus Station,12.95357,77.54374
6178,Deepanjalinagara,12.9514,77.53724
6179,Vijayanagara Garage,12.96558,77.53492
6180,Maruthi Mandira,12.96779,77.53615
6181,Vijayanagara,12.97192,77.53766
6182,Income Tax Layout,12.96012,77.53086
6183,Chandra Public School,12.96046,77.52963
6184,Ganesha Temple Chandra Layout,12.95803,77.52876
6185,Chandra Layout Circle,12.95815,77.5265
6186,Old Baiyappanahalli,12.99432,77.64414
6187,Sathya Nagara,13.00038,77.63984
6188,Maruthi Sevanagara,13.00241,77.63435
6189,Jai Bharath Nagara,13.00158,77.63079
6190,ITC Factory,12.9986,77.62211
6191,Mosque Road,13.00032,77.61609
6192,Coles Road,12.99632,77.61247
6193,Coles Park,12.99534,77.60829
6194,Bamboo Bazaar,12.99208,77.60402
6195,Indian Express,12.98362,77.59646
6196,Maharani College,12.97697,77.58567
6197,Bamboo Bazaar,12.99192,77.60332
6198,Coles Park,12.99573,77.60668
6199,Seventh Day School (Coles Park),12.9956,77.61107
6200,Coles Road,12.99661,77.61204
6201,Mosque Road,13.00037,77.61598
6202,East Railway Station,13.00143,77.61865
6203,ITC Factory,12.99821,77.62324
6204,Jai Bharath Nagara,13.00156,77.63032
6205,Maruthi Sevanagara,13.00273,77.63467
6206,Sathya Nagara,13.00047,77.63991
6207,Old Baiyappanahalli,12.99431,77.64424
6208,Hosakote Bus Stand (Old),13.0787,77.78774
6209,Hosakote Flower Market,13.07531,77.78639
6210,Hosakote K E B Circle,13.072,77.78705
6211,Hosakote Bus Station (TTMC),13.07031,77.78468
6212,Hosakote Toll,13.0594,77.77087
6213,Hosakote Kodi,13.05627,77.76775
6214,Katamanallur Gate,13.05315,77.76198
6215,Sannathammanahalli,13.04778,77.76062
6216,Gorivegere Gate,13.04398,77.76046
6217,Safal Market,13.03799,77.75986
6218,Khaji Sonnenahalli Gate,13.03457,77.75908
6219,Kannamangala Gate,13.03248,77.75865
6220,Bevina Mara Kannamangala,13.02809,77.76037
6221,Sai Lakshmi Industries,13.02458,77.76173
6222,Chaithanya Samarpan Apartment,13.02191,77.76208
6223,Shell Petrol Bunk,13.01774,77.76225
6224,Seegehalli Gate  Kadugodi,13.0131,77.76109
6225,Bellathur,13.00405,77.75706
6226,Sathya Sai Baba Mandir,13.00124,77.75765
6227,Kadugodi Bridge,12.99439,77.75775
6228,Hope Farm,12.98273,77.75223
6229,Coffee Day Hope Farm,12.97987,77.75168
6230,Munish Singh Hospital,12.97738,77.75122
6231,Sai Baba General Hospital,12.97454,77.75065
6232,White Field Post Office,12.96932,77.74996
6233,Brooke Bond,12.96454,77.74869
6234,Forum Mall,12.95943,77.7468
6235,Varthur Kodi,12.95642,77.74524
6236,Varthuru Govt College,12.94221,77.74711
6237,Varthuru,12.94011,77.74735
6238,Varthuru Police Station,12.93773,77.74638
6239,Vinayakanagara Varthur,12.92864,77.73954
6240,Gunjuru,12.92119,77.73642
6241,Heggondanahalli,12.90591,77.74652
6242,Green Wood High School,12.90092,77.7479
6243,TISB Boys Hostel,12.89211,77.7495
6244,Dommasandra Circle,12.88322,77.75241
6245,Dommasandra,12.8796,77.75371
6246,Thigalara Chowdenahalli Cross,12.88172,77.75677
6247,Chambenahalli,12.8793,77.7617
6248,Yamare,12.87227,77.76646
6249,Crystal Apartment Sarjapura Road,12.86759,77.76725
6250,Sompura Gate,12.86207,77.77213
6251,Sarjapura Circle,12.86102,77.78352
6252,Sarjapura,12.86136,77.7856
6253,Poornaprajna Layout,12.90882,77.53585
6254,Arehalli,12.90857,77.53841
6255,Uttarahalli,12.9059,77.54282
6256,KR Hospital Uttarahalli,12.90695,77.54598
6257,Chikkallasandra Bank Colony,12.90906,77.5491
6258,Chikkallasandra Aralimara,12.91168,77.55226
6259,Gowdanapalya,12.91152,77.55591
6260,Prarthana School,12.91159,77.5581
6261,Kadirenahalli Village,12.91574,77.56141
6262,Kadirenahalli Cross,12.91391,77.56657
6263,Banashankari Bus Station,12.91779,77.57272
6264,Banashankari Bus Station,12.91765,77.57403
6265,St Joseph Boys High School Musuem Road,12.97193,77.6044
6266,Sangam Circle,12.91763,77.57733
6267,Jayanagara 40th Cross,12.91991,77.58062
6268,Jayanagara 38th Cross,12.92146,77.58365
6269,Jayanagara Telephone Exchange,12.92374,77.58374
6270,Jayanagara Bus Station,12.92852,77.58418
6271,3rd Block Jayanagara,12.9318,77.58392
6272,Jayanagara 4th Block,12.92915,77.58602
6273,Sanjay Gandhi Hospital,12.92707,77.59309
6274,St Joseph College,12.97036,77.60368
6275,MG Road,12.97779,77.60204
6276,Brigade Road,12.97149,77.60678
6277,Richmond Circle,12.9658,77.60433
6278,KH Road,12.95759,77.59286
6279,Shanthinagara Bus Station,12.95449,77.59258
6280,Richmond Circle,12.96366,77.5964
6281,Lalbagh Hopcoms,12.95134,77.59126
6282,Mallige Hospital,12.94787,77.59203
6283,Siddapura Ashoka Pillar,12.94621,77.58879
6284,Ashoka Pillar,12.94322,77.58529
6285,Rani Saraladevi,12.93895,77.58521
6286,3rd Block Jayanagara,12.93349,77.58396
6287,Jayanagara Bus Station,12.92802,77.58364
6288,Jayanagara Telephone Exchange,12.92381,77.58382
6289,Jayanagara  38th Cross,12.92101,77.58376
6290,Jayanagara 40th Cross,12.91989,77.58068
6291,Sangam Circle,12.91704,77.57875
6292,Banashankari Hunasemara,12.92084,77.57414
6293,Monotype Corporation,12.92154,77.57104
6294,Kaveri Nagara,12.91986,77.56931
6295,Yarab Nagara,12.91657,77.56914
6296,Kadirenahalli Cross,12.91364,77.56727
6297,Dayananda Sagar College,12.90948,77.56553
6298,Water Tank,12.90847,77.56169
6299,Kumaraswamy Layout 2nd Stage,12.90584,77.55814
6300,Padmanabha Nagara Rock,12.91845,77.55737
6301,Yarab Nagara,12.91628,77.56917
6302,Kaveri Nagara,12.91974,77.5692
6303,Kumaraswamy Layout,12.90299,77.56156
6304,Kumaraswamy Layout Police Station,12.90514,77.56264
6305,Dayananda Sagar College,12.90949,77.5654
6306,Madhavan Park,12.93651,77.58401
6307,Rani Saraladevi High School,12.93769,77.58506
6308,Ashoka Pillar,12.94249,77.58515
6309,Siddapura Ashoka Pillar,12.94633,77.58873
6310,Mallige Hospital,12.94764,77.59125
6311,Wilson Garden 10th Cross,12.9467,77.59608
6312,Wilson Garden Police Station,12.95064,77.59558
6313,Shanthinagara Bus Station,12.95483,77.59235
6314,KH Road,12.95815,77.59299
6315,State Bank India Garage,12.97435,77.6015
6316,Shri Vidhyanagara,12.93431,77.53985
6317,Nanjundeshwara Stores,12.93361,77.54205
6318,Hoskerehalli Cross,12.93247,77.54519
6319,Water Tank,12.93043,77.54734
6320,Banashankari 3rd Stage 3rd Phase,12.92763,77.5514
6321,Kathriguppe,12.92534,77.55021
6322,Kamakya Talkies,12.92382,77.55393
6323,Devegowda Petrol Bunk,12.92189,77.56058
6324,Kadirenahalli Park,12.91768,77.56453
6325,Channammanakere Achukattu,12.9283,77.5565
6326,Srikanteshwara Park,12.92648,77.55377
6327,AGS Layout Arehalli,12.91244,77.53703
6328,AGS Layout Cross,12.91353,77.54088
6329,Ittamadu 1,12.91963,77.54234
6330,SLV Bakery,12.92117,77.54316
6331,Srinivasa Kalyana Mantapa,12.92585,77.54428
6332,Hoskerehalli,12.93078,77.53967
6333,Hosakerehalli Petrol Bunk,12.9337,77.53936
6334,Hosakerehalli  Junction,12.93043,77.54361
6335,Janatha Bazar  Banashankari,12.92839,77.54594
6336,Minaznagara,12.91219,77.56181
6337,JHBCS Layout,12.91136,77.56329
6338,Hunasemara,12.91966,77.57423
6339,Banashankari,12.91679,77.57325
6340,JHBCS Layout Cross,12.91302,77.56349
6341,Jeevanbheema Nagara,12.96576,77.65763
6342,JBN Petrol Bunk,12.96739,77.65645
6343,Kodihalli,12.96851,77.64976
6344,Thippasandra,12.97361,77.64689
6345,CMH Hospital,12.97849,77.64655
6346,Indiranagara Police Station/KFC,12.97857,77.6408
6347,Binnamangala,12.98384,77.64002
6348,Depot-06 Gate,12.9824,77.6344
6349,Swamy Vivekananda Metro Station/Isolation Hospital,12.98507,77.6434
6350,Binnamangala,12.9835,77.64067
6351,Indiranagara Police Station/KFC,12.97833,77.64065
6352,Indiranagara Metro Station,12.97826,77.6386
6353,Double Road Indiranagara,12.97821,77.63645
6354,Lakshmipura,12.97816,77.63228
6355,Halasuru,12.97793,77.6283
6356,Halasuru Police Station,12.97515,77.62564
6357,Lido Talkies,12.97277,77.62141
6358,Hosmat Hospital (DIG Office),12.96893,77.61529
6359,Life Style (Sacred Heart School),12.96692,77.61018
6360,Pallavi Talkies,12.9679,77.59102
6361,Halasuru,12.97849,77.62922
6362,Lakshmipura,12.97827,77.63218
6363,Double Road Indiranagara,12.97832,77.6366
6364,Indiranagara Metro Station,12.97837,77.63848
6365,Indiranagara Police Station/KFC,12.97844,77.64125
6366,CMH Hospital,12.97861,77.64648
6367,Thippasandra,12.97371,77.6469
6368,Kodihalli,12.96857,77.64962
6369,JBN Petrol Bunk,12.9675,77.65613
6370,BRV Talkies Cubbon Road,12.97941,77.60223
6371,Maniksha Parade Ground,12.97773,77.60747
6372,Manipal Centre MG Road,12.97571,77.61358
6373,Lido Talkies,12.97277,77.62074
6374,Halasuru Police Station,12.97516,77.62544
6375,Binnamangala,12.98368,77.64049
6376,Swamy Vivekananda Metro Station/Isolation Hospital,12.9859,77.6452
6377,Kendriya Vidyalaya ASC Center,12.96676,77.61259
6378,Miranda School,12.96826,77.65147
6379,Manipal Centre MG Road,12.97552,77.61356
6380,Maniksha Parade Ground,12.97746,77.60771
6381,BRV Talkies Cubbon Road,12.97911,77.60273
6382,Koramangala Bus Station,12.9405,77.62479
6383,Koramangala Police Station,12.94172,77.62179
6384,Kalyana Mantapa Koramangala,12.93727,77.61845
6385,Jyothi Nivas College,12.93542,77.61453
6386,Koramangala Forum Mall,12.93486,77.61195
6387,Adugodi Police Station,12.93897,77.60976
6388,Adugodi,12.94397,77.60748
6389,MICO Gate Adugodi,12.94399,77.60532
6390,MICO Factory Junction,12.94453,77.60276
6391,Wilson Garden 14th Main,12.94659,77.60052
6392,Wilson Garden 10th Cross,12.94752,77.59831
6393,Shrinivagilu Bus Stand,12.93759,77.63319
6394,Shrinivagilu Junction,12.93917,77.63229
6395,Ejipura School,12.94257,77.63085
6396,Ejipura,12.94669,77.62883
6397,Fairland Shop,12.95041,77.62546
6398,Shine Bakery,12.95067,77.6239
6399,Ravi Tent,12.95166,77.62138
6400,Vannarapet,12.95625,77.62095
6401,ASC Centre,12.96224,77.61901
6402,Austin Town,12.96153,77.61456
6403,Philomenas Hospital,12.96475,77.61011
6404,Nanjappa Circle,12.9606,77.60084
6405,Akkithimmanahalli,12.96216,77.59674
6406,Subbaiah Circle,12.96258,77.59102
6407,Poornima Talkies,12.96101,77.58802
6408,Town Hall 1,12.96409,77.58404
6409,Corporation,12.9648,77.58778
6410,Subbaiah Circle,12.96266,77.59093
6411,Akkithimmanahalli 1,12.96221,77.59649
6412,Nanjappa Circle,12.96073,77.60068
6413,Elgin Floor Mill,12.95873,77.6061
6414,Johnson Market,12.96336,77.60672
6415,Shoolay Circle Brigade Road,12.96659,77.60666
6416,St Patrick Church,12.97023,77.60517
6417,Philomenas Hospital,12.96508,77.61011
6418,Austin Town,12.96156,77.61344
6419,ASC Centre,12.96245,77.61906
6420,Vannarapet,12.95647,77.62115
6421,Vivek Nagara Cross,12.95469,77.62074
6422,Ravi Tent,12.95169,77.62148
6423,Shine Bakery,12.95074,77.62375
6424,Fairland Shop,12.95044,77.62531
6425,Ejipura,12.94684,77.62876
6426,Ejipura School,12.94272,77.63081
6427,Shrinivagilu Junction,12.93927,77.63235
6428,Sony World 80ft Road Koramangala,12.93782,77.62639
6429,Mayohall,12.97336,77.6099
6430,MG Road Metro Station,12.97541,77.60644
6431,MG Road Metro Station,12.97547,77.60671
6432,Mayohall G-2,12.97395,77.61119
6433,Garuda Mall,12.96969,77.61042
6434,D Souza Circle,12.96755,77.61106
6435,Austin Town Neelasandra,12.9616,77.61254
6436,Neelasandra Bus Stand,12.95746,77.61444
6437,Neelasandra Rose Garden,12.95379,77.61737
6438,National Games Village Gate,12.94928,77.62039
6439,Passport Office Koramangala,12.94545,77.61923
6440,Indoor Stadium,12.94279,77.6225
6441,Koramangala Bus Station,12.94061,77.62482
6442,ARMY Public School ASC Center,12.96467,77.61808
6443,NGV Koramangala,12.94479,77.62336
6444,Neelasandra Bus Stand,12.95766,77.61429
6445,Sirsi Circle,12.96022,77.55921
6446,CR Police Ground,12.96258,77.5601
6447,Maramma Temple,12.96291,77.55872
6448,Goripalya,12.96355,77.55783
6449,Jagajeevanram Nagara,12.96461,77.55486
6450,Bapujinagara,12.95321,77.54182
6451,New Guddadahalli,12.95587,77.54596
6452,Mysore Road TollGate,12.95738,77.55178
6453,Sirsi Circle,12.96223,77.55995
6454,Vinayaka Talkies,12.96381,77.56838
6455,Rayan Circle,12.96136,77.56889
6456,KR Market,12.96207,77.5756
6457,Nethravathi Block-05,12.94553,77.62274
6458,Neelasandra Rose Garden,12.95371,77.61752
6459,Neelasandra BDA Complex,12.95723,77.61498
6460,Vivek Nagara,12.95443,77.62302
6461,Shrinivagilu Ejipura,12.93859,77.63265
6462,Koramangala Bus Station,12.94122,77.62468
6463,Chinnaswamy Stadium,12.97742,77.59885
6464,Cubbon Park Metro Station,12.98083,77.59722
6465,GPO,12.98173,77.5951
6466,Raj Bhavan,12.98307,77.59206
6467,Army Public School Kamaraja Road,12.97871,77.60941
6468,Ganapathi Enclave,12.94739,77.64092
6469,Vivek Nagara,12.95417,77.62303
6470,Indoor Stadium,12.94272,77.62248
6471,Passport Office Koramangala,12.94573,77.61871
6472,National Games Village Gate,12.94868,77.61997
6473,Vivek Nagara Cross,12.95457,77.62069
6474,Makkala Koota,12.95661,77.57376
6475,Mahila Seva Samaja,12.95362,77.57379
6476,National College,12.94942,77.57379
6477,Basavanagudi Police Station,12.94172,77.57384
6478,Tata Silk Farm,12.93591,77.57384
6479,MM Industries,12.9295,77.57365
6480,Shastri Bakery,12.92369,77.57363
6481,Kadirenahalli Village,12.9157,77.56146
6482,Padmanabha Nagara Rock,12.91845,77.55743
6483,Shastri Bakery,12.92345,77.57354
6484,MM Industries,12.92934,77.57363
6485,Tata Silk Farm,12.93581,77.57382
6486,Basavanagudi Police Station,12.94158,77.57374
6487,National College,12.94926,77.57367
6488,Mahila Seva Samaja,12.95334,77.5736
6489,Makkala Koota,12.95803,77.57385
6490,Makkala Koota,12.95779,77.57388
6491,Kumaraswamy Layout Police Station,12.9053,77.56274
6492,Kumaraswamy Layout,12.90313,77.56165
6493,West Cross Kumaraswamy Layout,12.90094,77.55993
6494,ISRO Layout,12.89978,77.5585
6495,Bikashipura,12.89818,77.55768
6496,Pipeline ISRO Layout,12.89515,77.5551
6497,Vasanthapura,12.89626,77.55244
6498,Yadalam Nagara,12.89637,77.54833
6499,Subramanyapura KEB,12.89758,77.54636
6500,Subramanyapura Post Office,12.89879,77.54392
6501,Subramanyapura Police Station,12.90144,77.54414
6502,Uttarahalli Bus Stand,12.90521,77.5432
6503,Arehalli,12.90849,77.53855
6504,Poornaprajna Layout,12.90877,77.53592
6505,Corporation,12.9682,77.58936
6506,Museum,12.97409,77.59569
6507,MG Statue (Chinnaswamy Stadium),12.97628,77.59859
6508,Sirsi Circle,12.96038,77.55686
6509,KR Market,12.96437,77.57736
6510,MG Statue (Chinnaswamy Stadium),12.97677,77.60016
6511,Banashankari Bus Station,12.91736,77.5727
6512,Wilson Garden Police Station,12.95141,77.5951
6513,Wilson Garden 12th Cross,12.94725,77.59794
6514,Lakkasandra,12.94318,77.59735
6515,Nimhans Hospital,12.93989,77.59775
6516,Bengaluru Dairy Circle,12.93535,77.60143
6517,Ananda Ashrama (BGT Rd),12.9275,77.60062
6518,Jalabhavan,12.92407,77.6004
6519,Gurappanapalya,12.91988,77.60019
6520,MICO Layout BTM,12.91674,77.60407
6521,BTM Layout Water Tank,12.91667,77.60718
6522,BTM Layout 16th Main Road,12.91627,77.61014
6523,12th Main 7th Cross BTM Layout,12.91385,77.61022
6524,Mahadeshwara Nagara,12.90779,77.61094
6525,Anepalya,12.95289,77.60532
6526,Pothalappa Garden,12.9498,77.60597
6527,Lakshman Rao Nagara Anepalya,12.9504,77.61751
6528,Tavarekere Aladamara,12.92211,77.61055
6529,Tavarekere Mori,12.925,77.60886
6530,Chikka Adugodi,12.92894,77.60939
6531,Sudduguntepalya,12.9312,77.60985
6532,Muneshwara Devasthana,12.93638,77.60651
6533,Bengaluru Dairy Circle,12.93709,77.60105
6534,Nimhans Hospital,12.93871,77.59824
6535,Lakkasandra,12.94383,77.59713
6536,Vidhana Soudha,12.98104,77.58853
6537,Bengaluru Dairy Circle,12.93716,77.60182
6538,Muneshwara Devasthana,12.93646,77.6066
6539,Sudduguntepalya,12.93123,77.60988
6540,Chikka Adugodi,12.92899,77.60943
6541,Tavarekere Mori,12.92504,77.60886
6542,Carmel Convent Jayanagara,12.92708,77.59711
6543,Sagar Hospital,12.92848,77.59962
6544,Bengaluru Dairy Circle,12.93528,77.60129
6545,Chandrappanagara,12.9412,77.60247
6546,MICO Factory Junction,12.94442,77.60309
6547,MICO Gate Adugodi,12.94426,77.60458
6548,Adugodi,12.94387,77.6077
6549,Adugodi Police Station,12.93985,77.6095
6550,Forum Mall,12.9346,77.61228
6551,Jyothi Nivas College,12.93533,77.61415
6552,Kalyana Mantapa Koramangala,12.93739,77.61839
6553,Koramangala Police Station,12.94167,77.62151
6554,Bengaluru Dairy Circle,12.93909,77.6021
6555,Sony World 80ft Road Koramangala,12.93694,77.62734
6556,Maharaja Signal,12.93461,77.62968
6557,Wipro Park Koramangala,12.92945,77.63327
6558,Koramangala 1st Block,12.92501,77.63448
6559,Jakkasandra,12.92481,77.63802
6560,Agara Junction,12.92468,77.64998
6561,Ibbaluru,12.9216,77.66176
6562,Suncity Apartment ORR Road,12.92379,77.66535
6563,Koramangala 1st Block,12.9249,77.63458
6564,Wipro Park Koramangala,12.92897,77.63319
6565,Maharaja Signal,12.93427,77.62983
6566,RT Nagara Police Station,13.02566,77.59301
6567,Vasanthappa Block,13.02628,77.58917
6568,CBI,13.02691,77.58601
6569,Gangenahalli,13.02256,77.58457
6570,Mekhri Circle,13.01756,77.584
6571,Palace Ground,13.01061,77.58399
6572,RM Guttahalli,13.00009,77.58425
6573,Malleshwara Circle,12.99676,77.56877
6574,Devaiah Park,12.99628,77.56424
6575,Harishchandra Ghat,12.99695,77.56089
6576,Mariyappanapalya,12.99858,77.55574
6577,Navarang Theatre,12.99762,77.55113
6578,Rajajinagara 2nd Block,12.99607,77.55144
6579,Basaveshwara College,12.99439,77.5528
6580,ESI Hospital Rajajinagara,12.99069,77.55258
6581,Bashyam Circle Rajajinagara,12.98391,77.55412
6582,6th Block Rajajinagara,12.97953,77.55377
6583,Prasanna Theatre,12.97401,77.55122
6584,Magadi Road TollGate,12.97437,77.54902
6585,Manuvana,12.97401,77.54656
6586,Vijayanagara Vijaya Bank,12.97359,77.54155
6587,Vijayanagara,12.97197,77.53786
6588,Maruthi Mandira,12.96785,77.53637
6589,Vijayanagara Garage,12.966,77.53555
6590,Income Tax Layout Cross 1,12.96001,77.5329
6591,Hampinagara RPC Layout,12.95872,77.53575
6592,Hampi Nagara 7th Main,12.96192,77.53752
6593,Hampi Nagara Post Office,12.96527,77.53771
6594,Manuvana,12.97431,77.54454
6595,Magadi Road TollGate,12.97459,77.54897
6596,Prasanna Theatre,12.9754,77.55234
6597,6th Block Rajajinagara,12.97944,77.55359
6598,Bashyam Circle Rajajinagara,12.98458,77.55414
6599,Rajajinagara Old Police Station,12.98928,77.55438
6600,ESI Hospital Rajajinagara,12.99041,77.55256
6601,Basaveshwara College,12.99436,77.55276
6602,Navarang Theatre,12.99791,77.55159
6603,Mariyappanapalya,12.99862,77.55652
6604,Harishchandra Ghat,12.99729,77.56047
6605,Devaiah Park,12.99642,77.56419
6606,Malleshwara Circle,12.9969,77.56866
6607,Dattatreya Temple Malleshwara,12.99895,77.57462
6608,Vaiyali Kaval,12.99915,77.57754
6609,Vaiyalikaval Police Station,13.00176,77.57846
6610,Bashyam Circle Sadashivanagara,13.00628,77.57915
6611,Palace Ground,13.01057,77.58378
6612,RM Guttahalli,12.99977,77.58392
6613,CBI,13.02653,77.58565
6614,BCC Layout,12.95128,77.52978
6615,BCC Layout Cross,12.95473,77.53486
6616,Malleshwara Circle,12.99782,77.5714
6617,Mekhri Circle,13.01749,77.58388
6618,Okalipura,12.98229,77.56783
6619,Sujatha Talkies,12.98246,77.56208
6620,Gopalapura,12.98068,77.55827
6621,Jyothi Nagara,12.95926,77.52164
6622,Nagarabhavi Circle,12.95843,77.51904
6623,Manasa Nagara,12.95881,77.51683
6624,12th Block Nagarabhavi,12.96018,77.51398
6625,NGEF Layout Nagarabhavi,12.96097,77.50983
6626,Vinayaka Layout Nagarabhavi,12.96069,77.50759
6627,Kengunte Circle,12.96033,77.50491
6628,Ambedkar Institute of Technology,12.96319,77.50502
6629,JP Nagara 1st Phase,12.91133,77.57458
6630,Indiragandhi Circle,12.91095,77.57876
6631,JP Nagara 24th Main 9th Cross,12.91059,77.58331
6632,RV Dental College,12.91137,77.5857
6633,Marenahalli,12.91552,77.58575
6634,5th Block Jayanagara,12.91722,77.58356
6635,JP Nagara 6th Phase,12.90652,77.57765
6636,JP Nagara 15th Cross,12.90707,77.58567
6637,Poornima Talkies,12.96082,77.58813
6638,Lalbagh Main Gate,12.95251,77.58336
6639,Lalbagh West Gate (Lalbagh Metro Station),12.94758,77.58009
6640,R V Teachers College,12.94447,77.58012
6641,Vijaya College,12.94067,77.58013
6642,Madhavan Park,12.93675,77.58308
6643,5th Block Jayanagara,12.91732,77.58368
6644,Marenahalli,12.9149,77.58588
6645,R V Dental College,12.90988,77.58579
6646,JP Nagara 15th Cross,12.90665,77.58581
6647,JP Nagara 6th Phase,12.90637,77.57777
6648,Sony World 100ft Road  Koramangala,12.93685,77.62659
6649,Canara Bank Koramangala,12.93407,77.62369
6650,BDA Complex Koramangala,12.93109,77.62248
6651,Koramangala Water Tank,12.92792,77.62121
6652,Kudure Mukha Colony,12.92572,77.6254
6653,Krupanidhi College,12.92388,77.62852
6654,Madivala,12.92166,77.62146
6655,Roopena Agrahara,12.91185,77.626
6656,Bommanahalli,12.90678,77.62847
6657,Deccan,12.90255,77.62745
6658,Kalyanamantapa (Oxford College),12.89976,77.62691
6659,Hongasandra,12.89726,77.62623
6660,Galaxy Paradise (Tent),12.89167,77.62588
6661,St Francis School,12.88898,77.62568
6662,Canara Bank Begur,12.88518,77.62516
6663,Vishwapriya Layout Cross,12.88203,77.62475
6664,Aralimara (PK Kalyana Mantapa ),12.88003,77.62459
6665,Beguru Lake,12.87795,77.62532
6666,Beguru,12.87364,77.62515
6667,Jayanagara 5th Block,12.91712,77.583
6668,Marenahalli (Marenahalli Metro Station),12.91715,77.58947
6669,Ragigudda Temple,12.91695,77.59311
6670,East End Jayanagara,12.91684,77.59739
6671,BTM Layout 16th Main,12.91662,77.60912
6672,Kuvempunagara ( BTM Layout),12.91637,77.61591
6673,Central Silk Board,12.91721,77.62225
6674,Madivala,12.92023,77.62066
6675,Madivala Masidi,12.92482,77.61855
6676,Kendriya Sadana Koramangala,12.92596,77.62029
6677,Koramangala Water Tank,12.9284,77.62124
6678,BDA Complex Koramangala,12.93094,77.62221
6679,Canara Bank Koramangala,12.93524,77.62426
6680,Sony World 100ft Road  Koramangala,12.93793,77.62766
6681,Military Bridge,12.9459,77.63992
6682,Dell,12.95275,77.64044
6683,Domlur Flyover,12.96048,77.64352
6684,Kodihalli,12.96,77.64758
6685,NAL/Manipal Hospital,12.95964,77.65076
6686,Murugeshpalya,12.95936,77.65618
6687,Konena Agrahara,12.95914,77.65962
6688,HAL Main Gate,12.95821,77.66821
6689,Kempegowda Swimming Pool,12.94827,77.5592
6690,Seetha Circle,12.93779,77.54968
6691,Mayohall,12.97349,77.61051
6692,Garuda Mall,12.97026,77.61066
6693,Hosmat Hospital,12.96879,77.61333
6694,Dr BR Ambedkar Bus Terminal (Domlur),12.96163,77.63881
6695,Dhoopanahalli,12.96354,77.64156
6696,Indiranagara 100ft Road,12.96658,77.64141
6697,New Horizon School,12.9689,77.64129
6698,Indiranagara 12th Main,12.97026,77.64122
6699,Indiranagara 6th Main,12.974,77.64103
6700,Central Silk Board,12.91689,77.62177
6701,Kuvempunagara Bus Station(BTM Layout),12.91597,77.61623
6702,BTM Layout 16th Main,12.9165,77.60932
6703,BTM Layout Water Tank,12.91654,77.60711
6704,MICO Layout BTM,12.91657,77.60427
6705,East End Jayanagara,12.91671,77.59629
6706,Ragigudda Temple,12.91678,77.59349
6707,Marenahalli (Marenahalli Metro Station),12.91688,77.58858
6708,Jayanagara 5th Block,12.91701,77.58413
6709,Jayanagara Church,12.92715,77.58961
6710,Sanjay Gandhi Hospital,12.92687,77.5936
6711,Srinagara Bus Station,12.94425,77.55479
6712,Bank Colony,12.93864,77.55305
6713,Banashankari Post Office,12.92623,77.56995
6714,Nagalakshmi Kalyana Mantapa,12.9274,77.56794
6715,Indira Nursing Home,12.92907,77.5646
6716,KIMS College,12.92718,77.56176
6717,Devegowda Petrol Bunk,12.92194,77.55914
6718,Kamakya Talkies,12.92409,77.55276
6719,Kathriguppe,12.92535,77.54989
6720,Janatha Bazar Banashankari,12.92837,77.54577
6721,Hosakerehalli  Junction,12.93067,77.54353
6722,Hoskerehalli Cross,12.93293,77.5454
6723,Seetha Circle,12.93705,77.54882
6724,Bank Colony,12.93861,77.55326
6725,Srinivasa Nagara,12.93816,77.55687
6726,Indiranagara Police Station/KFC,12.9781,77.64094
6727,Indiranagara 6th Main,12.974,77.64118
6728,Indiranagara 12th Main,12.97035,77.64134
6729,New Horizon School,12.96897,77.64142
6730,Indiranagara 100ft Road,12.96711,77.64154
6731,Dhoopanahalli,12.96342,77.64169
6732,Domlur Flyover,12.95799,77.64146
6733,Dell Domluru,12.95291,77.64065
6734,Military Bridge,12.94599,77.64015
6735,Shrinivagilu Ejipura,12.93842,77.63291
6736,BEML Gate,12.9713,77.6588
6737,Jeevan Bheemanagara Cross,12.96679,77.66134
6738,Roopena Agrahara,12.91197,77.62613
6739,Bommanahalli,12.90559,77.63003
6740,Garvebhavipalya,12.8964,77.63566
6741,Kudlu Gate,12.88985,77.63969
6742,Singasandra,12.87886,77.64651
6743,Hosa Road,12.87074,77.65298
6744,Electronic City PESIT College,12.85881,77.6624
6745,Konappana Agarhara,12.85611,77.66454
6746,Electronic City,12.84815,77.67083
6747,Domlur Flyover,12.9577,77.64133
6748,East End Jayanagara,12.91709,77.59683
6749,Jayanagara Pump House,12.92161,77.59699
6750,Carmel Convent Jayanagara,12.9268,77.59713
6751,Central Silk Board,12.91806,77.62215
6752,CMH Hospital,12.97838,77.64668
6753,Thippasandra Market,12.97249,77.65099
6754,Ganesha Temple Thippasandra,12.97206,77.65412
6755,BEML Gate,12.97146,77.65859
6756,BEML Factory,12.97146,77.65908
6757,Bristol Quarters,12.98855,77.66239
6758,DRDO Quarters,12.98551,77.66147
6759,Bagmane Tech Park,12.98065,77.65654
6760,A P J Abdul Kalam Statue,12.97972,77.65404
6761,Geetanjali Layout,12.97691,77.65482
6762,Pipeline Vasanthapura,12.89504,77.55511
6763,ISKCON Temple Maruthinagara,12.8878,77.54888
6764,Banashankari,12.91631,77.57373
6765,Sarakki,12.9097,77.57299
6766,JP Nagara Metro Station,12.908,77.57312
6767,Jaraganahalli Cross,12.9014,77.57344
6768,Yalachenahalli,12.89764,77.57167
6769,Ganapathipura,12.89338,77.57192
6770,Bekary Chunchaghatta,12.88652,77.57071
6771,Chunchaghatta,12.88558,77.57487
6772,Gunasheela Hospital,12.94057,77.57646
6773,South End Circle,12.93625,77.58016
6774,Nanda Talkies,12.93222,77.58022
6775,Yadiyuru,12.93085,77.57646
6776,Deepak Nursing Home,12.92598,77.57711
6777,Maruthi School,12.88128,77.57587
6778,Kothanuru Hari Nagara,12.87655,77.5772
6779,Maruthi School,12.88121,77.5758
6780,Chunchaghatta,12.88553,77.57489
6781,Bekary Chunchaghatta,12.88648,77.57068
6782,Ganapathipura,12.89327,77.57188
6783,Yalachenahalli,12.89768,77.57145
6784,Jaraganahalli Cross,12.90142,77.57331
6785,JP Nagara Metro Station,12.90795,77.57299
6786,Sarakki,12.90966,77.57288
6787,Banashankari Hunasemara,12.91966,77.57413
6788,Cauvery Bhavana,12.97438,77.58183
6789,KR Market (Kalasipalya),12.95916,77.57711
6790,Jayanagar 6th block,12.93081,77.57775
6791,Prarthana School,12.91155,77.5583
6792,Gowdanapalya,12.91157,77.55608
6793,Chikkallasandra Aralimara,12.91157,77.55238
6794,Chikkallasandra Bank Colony,12.90914,77.54927
6795,KR Hospital Uttarahalli,12.90698,77.54615
6796,Uttarahalli Bus Stand,12.90535,77.54327
6797,Subramanyapura Police Station,12.90147,77.54418
6798,Subramanyapura Post Office,12.89884,77.54391
6799,Subramanyapura KEB,12.89767,77.54629
6800,Yadalam Nagara,12.89645,77.54823
6801,Vasanthapura,12.89635,77.55242
6802,Vallaba Education Trust School,12.89051,77.55146
6803,City Engineering College Vasantha Vallabha Nagara,12.8875,77.55042
6804,Basappa Circle,12.95624,77.57721
6805,City Engineering College Vasantha Vallabha Nagara,12.88746,77.55039
6806,Vallaba Education Trust School,12.89055,77.55138
6807,Pipeline Vasanthapura,12.895,77.55519
6808,South End Circle,12.93717,77.57965
6809,MN Krishna Rao Park,12.94405,77.57689
6810,Sajjan Rao Circle,12.95262,77.57653
6811,BDA Flats Kommaghatta,12.91473,77.46208
6812,Basaveshwaranagara 2nd Phase,12.90829,77.461
6813,Railway Bridge Babasabarapalya,12.90277,77.46235
6814,Basavanagara Kengeri,12.90106,77.46733
6815,NICE Road Kengeri Road Junction,12.90277,77.46944
6816,Kengeri Police Station,12.91044,77.48206
6817,Kengeri Bus Station,12.91406,77.48645
6818,Mylasandra Cross,12.91751,77.49039
6819,Dubasipalya Cross,12.9229,77.49583
6820,RV College,12.92529,77.49918
6821,Jayaram Das Factory,12.93011,77.5056
6822,Bengaluru University Gate,12.93573,77.51332
6823,Rajarajeshwari nagara Gate,12.93649,77.51861
6824,BWSSB Quarters Nayandahalli,12.93987,77.5236
6825,Nayandahalli,12.94288,77.52576
6826,Mysore Road Metro Station,12.94633,77.52972
6827,BHEL,12.94874,77.53559
6828,KR Market Flyover,12.96474,77.57508
6829,Uttarahalli,12.90574,77.54264
6830,Ramakrishna Ashrama,12.94945,77.56774
6831,North Road,12.94828,77.57066
6832,Nettakallappa Circle,12.93924,77.57182
6833,NR Colony,12.93788,77.56908
6834,Thyagaraja Nagara KEB Quarters,12.93515,77.56845
6835,Thyagaraja Nagara,12.93215,77.56764
6836,Devegowda Petrol Bunk,12.92141,77.56027
6837,Padmanabha Nagara,12.91824,77.55968
6838,Chikkallasandra Aralimara,12.91184,77.55215
6839,Mahesh Medicals,12.91403,77.54998
6840,Ramanjaneya Layout Cross,12.91461,77.54702
6841,Ramanjaneya Layout Chikkallasandra,12.91062,77.54539
6842,Ramanjaneya Layout Cross,12.91464,77.54701
6843,Mahesh Medicals,12.91409,77.55
6844,Thyagaraja Nagara,12.93203,77.56755
6845,Thyagaraja Nagara KEB Quarters,12.93504,77.56842
6846,NR Colony,12.93789,77.5689
6847,Nettakallappa Circle,12.93949,77.57214
6848,Gandhi Bazaar,12.94622,77.57014
6849,Ramakrishna Ashrama,12.94898,77.56765
6850,Bengaluru High School,12.95209,77.56749
6851,Chamarajapet,12.95714,77.56801
6852,Devegowda Hospital,12.92053,77.56002
6853,Chikkallasandra,12.91507,77.55198
6854,Banashankari 5th Stage,12.9022,77.52809
6855,Patalamma Temple,12.90481,77.53011
6856,Uttarahalli Water Tank,12.90842,77.53458
6857,Jayanagara 8th Block,12.92385,77.58028
6858,Chamarajapet,12.95764,77.56736
6859,Binny MIll,12.9653,77.56817
6860,Poornaprajnalayout NEW Bus Stand,12.90841,77.53647
6861,Pipeline ISRO Layout,12.89514,77.55502
6862,Bikashipura,12.89807,77.55757
6863,ISRO Layout,12.89958,77.5583
6864,West Cross Kumaraswamy Layout,12.90087,77.55981
6865,KR Market,12.96367,77.57722
6866,Shanimahathma Temple,12.8934,77.54338
6867,Turahalli,12.89438,77.5358
6868,Turahalli,12.8943,77.53587
6869,Paaduka Mandira,12.89616,77.53164
6870,National Public School Uttarahalli,12.904,77.5309
6871,Uttarahalli Water Tank,12.90841,77.53463
6872,Jayanagara Bus Station,12.92864,77.58475
6873,Kumaraswamy Layout West,12.90336,77.55475
6874,Karishma Hills Cross,12.8888,77.54129
6875,Gubbalala,12.8839,77.54123
6876,Karishma Hills,12.88851,77.53621
6877,Brigade Omega Apartment,12.89286,77.52894
6878,Kariyanapalya,12.89269,77.52182
6879,Patalamma Temple,12.90477,77.53014
6880,Mantri Alpyne Apartment,12.90453,77.52725
6881,Channasandra,12.90285,77.52139
6882,BEML Layout 5th stage,12.90685,77.52137
6883,Chandra Nagara,12.90062,77.56512
6884,Chandra Nagara Cross,12.89935,77.56117
6885,Chandra Nagara Cross,12.89938,77.56118
6886,Metro,12.89336,77.56772
6887,Konanakunte Cross,12.89025,77.56431
6888,Konanakunte Cross  Metro Station,12.88907,77.56306
6889,Doddakallasandra,12.88574,77.5565
6890,Doddakallasandra Metro Station,12.88467,77.55312
6891,Gubbalala Gate,12.88423,77.55153
6892,Raghuvanahalli Cross,12.88067,77.54621
6893,Vajarahalli Metro Station,12.87768,77.54498
6894,Bayyanapalya,12.87558,77.54374
6895,Thalagattapura Metro Station,12.87128,77.53854
6896,Thalagattapura,12.86958,77.53705
6897,Vajramuneshwara Gate,12.86481,77.53334
6898,Silk Institute Metro Station,12.8616,77.52993
6899,Jyothi Farm,12.85993,77.52896
6900,NICE Road,12.85694,77.52685
6901,Chinnayyanapalya Silk Farm,12.85347,77.52329
6902,Nagegowdanpalya Cross,12.85523,77.51448
6903,Valley School Kanakapura Road,12.85436,77.51004
6904,Chinnayyanapalya Silk Farm,12.85368,77.52303
6905,Somanahalli,12.77258,77.50358
6906,Somanahalli Gate,12.78052,77.49675
6907,APS College,12.78266,77.49952
6908,Gandhi Nagara,12.79003,77.50442
6909,Pattareddypalya,12.79444,77.50537
6910,Kaggalipura,12.80032,77.5084
6911,Santekatte,12.80664,77.51056
6912,Saluhunase,12.81079,77.51148
6913,Udipalya,12.82017,77.51331
6914,Art Of Living,12.82261,77.5141
6915,Dayananda Sagar Vidya Samste,12.82479,77.51377
6916,Art Of Living Ravishankar Ashram,12.82863,77.51255
6917,Saalu Doddy,12.8306,77.513
6918,Lakshmipura,12.83307,77.51365
6919,Shanimahathma Temple,12.83704,77.51601
6920,Kuppareddy Kere,12.84267,77.5177
6921,Agara Cross,12.84899,77.52207
6922,Chinnayyanapalya Silk Farm,12.85375,77.52338
6923,NICE Road Kanakapura Road Junction,12.85691,77.52659
6924,Jyothi Farm,12.85983,77.52876
6925,Silk Institute metro station,12.86182,77.52985
6926,Vajramuneshwara Gate,12.86483,77.53314
6927,Thalagattapura,12.86958,77.53685
6928,Thalaghattapura Metro Station,12.87143,77.53833
6929,Bayyanapalya,12.87554,77.54355
6930,Vajarahalli Metro Station,12.8773,77.54459
6931,Raghuvanahalli Cross,12.88072,77.54602
6932,Gubbalala Gate,12.88431,77.55134
6933,Doddakallasandra Metro Station,12.88469,77.55255
6934,Doddakallasandra,12.88596,77.55671
6935,Konanakunte Cross  Metro Station,12.8889,77.56257
6936,Konanakunte Cross,12.89058,77.56442
6937,Metro,12.89312,77.56718
6938,Agara Cross,12.84915,77.52219
6939,Kuppareddy Kere,12.84268,77.51789
6940,Shanimahathma Temple,12.83723,77.51612
6941,Lakshmipura,12.83328,77.51372
6942,Saalu Doddy,12.83077,77.51308
6943,Art Of Living Ravishankar Ashram,12.82883,77.51259
6944,Dayananda Sagar Vidya Samste,12.82498,77.51373
6945,Art Of Living (Kanakapura Road),12.82279,77.51415
6946,Udipalya,12.82044,77.5142
6947,OB Chudanahalli,12.81789,77.52054
6948,Talegere,12.83117,77.52948
6949,Vaderahalli,12.83538,77.52685
6950,Udayapura,12.81325,77.51202
6951,Saluhunase,12.81095,77.51157
6952,Santekatte,12.8067,77.51063
6953,Kaggalipura,12.80031,77.50847
6954,Pattareddypalya,12.79451,77.50544
6955,Gandhi Nagara,12.79019,77.50452
6956,APS College,12.78276,77.49966
6957,Somanahalli Gate,12.78054,77.49682
6958,Avasarala Factory Kanakapura Road,12.78204,77.49265
6959,Chudahalli,12.78225,77.48943
6960,Gudipalya Cross,12.78843,77.48383
6961,Naganayakanahalli,12.79247,77.47749
6962,Yalachenahalli Metro Station,12.89609,77.57029
6963,Mallipalya,12.79601,77.47429
6964,Nelagulli Cross,12.77412,77.49242
6965,Nelaguli,12.77179,77.48349
6966,Sundaram Estate,12.77732,77.47597
6967,Karenahalli,12.78507,77.46582
6968,Marnami Doddy,12.78711,77.45917
6969,Kodiyala,12.78258,77.45284
6970,Somanahalli,12.77267,77.50359
6971,Girigowdana Doddy Cross,12.76879,77.50956
6972,Rayara Doddy,12.76715,77.51368
6973,Mukkodlu,12.75655,77.52841
6974,Gudipalya,12.79345,77.48382
6975,BCMC Layout Raghuvanahalli,12.87833,77.54947
6976,LTG Indraprastha,12.78542,77.44921
6977,LTG Aishwarya,12.78796,77.44675
6978,Anchipura Cross,12.79006,77.44125
6979,Chikka Kuntanahalli Cross,12.79216,77.43871
6980,Shyanumangala,12.79432,77.43282
6981,Gollarapalya,12.80143,77.42531
6982,Pichaguntarapalya,12.80468,77.42245
6983,Motherson Automotive Cross,12.80778,77.4197
6984,Eagleton Resort,12.81054,77.41626
6985,Kadumane Hotel1,12.81524,77.40755
6986,Billa Kempanahalli Gate,12.81212,77.40408
6987,Byramangala Cross,12.80222,77.39714
6988,Bidadi Railway Station,12.79973,77.39107
6989,Bidadi,12.7969,77.38458
6990,Hosa Doddy Gate,12.76466,77.48759
6991,Sadhanapalya Gate,12.76807,77.48881
6992,Nettigere Cross,12.76118,77.48671
6993,APCO Factory,12.76195,77.47044
6994,Channammanapalya,12.7628,77.46399
6995,GVT School Kodiyala Karenahalli,12.77988,77.46575
6996,Bidadi,12.79678,77.38496
6997,Bidadi Railway Station,12.79976,77.39082
6998,Byramangala Cross,12.80246,77.39725
6999,Billa Kempanahalli Gate,12.81204,77.40384
7000,Kadumane Hotel,12.81546,77.40725
7001,Eagleton Resort,12.81067,77.41626
7002,Motherson Automotive Cross,12.80794,77.41968
7003,Pichaguntarapalya,12.80474,77.42244
7004,Gollarapalya,12.80155,77.42521
7005,Shyanumangala,12.79482,77.43213
7006,Anchipura Cross,12.79009,77.44125
7007,LTG Aishwarya,12.78799,77.44673
7008,LTG Indraprastha,12.78547,77.44915
7009,Kodiyala,12.78268,77.45278
7010,Marnami Doddy,12.78714,77.45908
7011,Karenahalli,12.78512,77.46582
7012,Sundaram Estate,12.77736,77.47598
7013,Nelaguli,12.77183,77.4835
7014,Nelagulli Cross,12.77409,77.49217
7015,Christ School,12.79915,77.51192
7016,Vasudevapura,12.79809,77.52029
7017,Gulakamale,12.79765,77.52357
7018,NallakkanaDoddy Cross,12.79809,77.526
7019,Cadabams,12.79785,77.52866
7020,C R P F Kaggalipura Main Road,12.79567,77.53926
7021,Byatarayana Doddy Cross,12.80373,77.54362
7022,Shylendra Doddy,12.80117,77.55338
7023,Hakki Pikki Colony Cross,12.80245,77.55883
7024,Booathanahalli,12.80447,77.5603
7025,Kesaraguppe,12.81725,77.56732
7026,Bilavaradahalli Cross,12.82247,77.57236
7027,Sipgere Gate,12.82232,77.57722
7028,Bannerughatta Circle,12.81341,77.58124
7029,Narayanapura,12.79262,77.46093
7030,Kattalepalya,12.79698,77.46412
7031,Anchipura,12.77061,77.43203
7032,Anchipura Colony,12.76763,77.43855
7033,Anchipura Colony,12.76759,77.43854
7034,Anchipura,12.77008,77.43196
7035,OB Chudanahalli,12.81786,77.52058
7036,Judicial Layout 8th Main,12.86833,77.53935
7037,Brigade Meadows Kanakapura Road,12.81432,77.50684
7038,NICE Road Kanakapura Road,12.85836,77.52802
7039,Konanakunte Cross,12.89044,77.56414
7040,Yalachenahalli Metro Station,12.89609,77.5701
7041,Chowdeshwarinagara Thataguni,12.84985,77.5188
7042,Thataguni BWSSB,12.84854,77.5161
7043,Chikka Thataguni,12.84542,77.51416
7044,Thataguni,12.84369,77.50916
7045,Basappanapalya Cross,12.84253,77.50237
7046,Basappanapalya,12.83134,77.50052
7047,Banjarapalya,12.83047,77.48567
7048,Byrasandra,12.83492,77.48543
7049,Agara,12.84288,77.48626
7050,Hosapalya Colony,12.84346,77.47564
7051,Gangasandra,12.84622,77.47075
7052,BGS College Gate Devagere,12.84759,77.46868
7053,Devagere Colony,12.85346,77.45795
7054,Ranga Jangama,12.85562,77.45281
7055,Nalku Kamba,12.85215,77.45203
7056,K Gollahalli,12.8432,77.4515
7057,Hospital K Gollahalli,12.83942,77.45172
7058,Gonipura,12.83243,77.45107
7059,Chinnakurchi,12.82745,77.45962
7060,Thittahalli,12.82179,77.46053
7061,MRV Bricks Factory,12.80496,77.46456
7062,Narayanapura,12.79268,77.461
7063,MRV Bricks Factory,12.8051,77.46462
7064,Thittahalli,12.82176,77.46049
7065,Chinnakurchi,12.82741,77.45962
7066,Gonipura,12.8324,77.45105
7067,Hospital K Gollahalli,12.83941,77.45168
7068,K Gollahalli,12.84318,77.45147
7069,Eradu Kamba,12.84898,77.45135
7070,Nalku Kamba,12.85214,77.452
7071,Devagere Colony,12.85357,77.45801
7072,BGS International Residential School,12.84663,77.46205
7073,BGS College Gate Devagere,12.84762,77.46871
7074,Gangasandra,12.84626,77.47073
7075,Hosapalya Colony,12.84361,77.47559
7076,Agara,12.8429,77.4863
7077,Byrasandra,12.83495,77.48547
7078,Banjarapalya,12.83053,77.4857
7079,Basappanapalya,12.83133,77.50046
7080,Basappanapalya Cross,12.84255,77.50238
7081,Tataguni,12.84378,77.50924
7082,Chikka Thataguni,12.84552,77.51418
7083,NICE Road Junction,12.86,77.52879
7084,Shobha Hills View Apartment,12.86641,77.52019
7085,Nagegowdanapalya,12.86768,77.51575
7086,Channasandra,12.90289,77.52134
7087,Dwaraka Layout,12.90002,77.52335
7088,Brigade Omega Apartment,12.89301,77.52884
7089,Karishma Hills,12.88865,77.53622
7090,Gubbalala,12.88399,77.54127
7091,Shobha Hills View Apartment,12.86634,77.52045
7092,Anjanapura 10th Block,12.85593,77.56907
7093,Kidwai Layout,12.85885,77.56316
7094,Anjanapura,12.862,77.56385
7095,Nandi Garden Kothanur,12.86745,77.56561
7096,Avalahalli,12.87276,77.56657
7097,Glass Factory,12.8765,77.5669
7098,Hari Nagara Cross,12.87916,77.56726
7099,Konanakunte Reliance Fresh,12.88295,77.56613
7100,Sowdamini Kalyana Mantapa,12.88386,77.56663
7101,Konanakunte,12.88607,77.56662
7102,Konanakunte Cross,12.88949,77.5635
7103,Agara,12.84477,77.48709
7104,Sri Swananda Ashrama,12.84399,77.49429
7105,Stone Factory,12.84428,77.4976
7106,Thataguni BWSSB,12.84858,77.516
7107,Chowdeshwari Nagara Thataguni,12.84993,77.51893
7108,Kumbalagodu,12.87826,77.4455
7109,YMCA Public School,12.87354,77.44835
7110,Pinto Bore,12.8708,77.45048
7111,Thagachaguppe,12.86647,77.45507
7112,Devagere Cross,12.86431,77.45713
7113,Devagere,12.85669,77.46556
7114,Nettigere,12.75896,77.49443
7115,Gundanjaneya Swamy Temple Ravagodlu,12.74957,77.51291
7116,Nettigere,12.75892,77.49446
7117,Nettigere Cross,12.76129,77.48658
7118,Hosa Doddy Gate,12.76459,77.48742
7119,Sadhanapalya Gate,12.76801,77.48864
7120,Udayapura,12.81303,77.51202
7121,KR Market (Kalasipalya),12.96154,77.57736
7122,Ravagodlu,12.74814,77.50117
7123,Ravagodlu Gate,12.74895,77.48633
7124,Bolare Gate,12.75414,77.48453
7125,Nawkalpalya,12.79428,77.48904
7126,Bolare,12.75429,77.48468
7127,Ravagodlu Gate,12.74897,77.4865
7128,Gantakana Doddy Cross,12.74144,77.48828
7129,Vaderahalli,12.74075,77.48076
7130,Thokathimmana Doddy Cross,12.74399,77.47896
7131,Aralalusandra Cross,12.74341,77.46301
7132,B Hosur Circle,12.74247,77.4482
7133,Bannigiri Cross,12.74724,77.43327
7134,Byramangala,12.74879,77.42433
7135,Kempaiahnapalya Cross,12.73298,77.44009
7136,Kempashetty Doddy Gate,12.74384,77.42946
7137,Kempashetty Doddy,12.74117,77.43094
7138,Kempaiahnapalya,12.72049,77.43001
7139,Byramangala,12.74876,77.42431
7140,Jettipalya,12.7508,77.473
7141,Thokathimmana Doddy Cross,12.74401,77.47878
7142,Thokathimmana Doddy,12.7483,77.47984
7143,Gollahalli,12.7535,77.45216
7144,Bannigiri,12.75687,77.43645
7145,Jettipalya,12.75076,77.47298
7146,Kodipalya,12.75076,77.44745
7147,Yadamadu Kanakapura Road,12.73537,77.48809
7148,Kaggalahalli,12.72772,77.48694
7149,Rock Colony,12.72256,77.50237
7150,Bettahalli Kaval,12.73518,77.50918
7151,Bettahalli Kaval,12.73521,77.50922
7152,Rock Colony,12.72252,77.50242
7153,Kaggalahalli,12.7277,77.48684
7154,Yadamadu Kanakapura Road,12.7351,77.48788
7155,Gantakana Doddy Cross,12.74138,77.48824
7156,Bhokipura,12.73597,77.47426
7157,Ravagodlu,12.74817,77.50112
7158,Konanakunte Cross,12.88952,77.56365
7159,Konanakunte,12.88613,77.56663
7160,Sowdamini Kalyana Mantapa,12.8839,77.56669
7161,Hari Nagara Cross,12.87918,77.5673
7162,Glass Factory,12.87655,77.5669
7163,Vinayaka Chitramandira,12.87488,77.56994
7164,Sarathi Nagara,12.87397,77.57312
7165,Royal Layout,12.86933,77.57581
7166,Jambu Savari Dinne,12.86577,77.5809
7167,Surabhi Layout,12.86762,77.58187
7168,BK Circle,12.87062,77.58325
7169,Depot-34 Gate,12.87023,77.58567
7170,Muthugadahalli,12.72525,77.4803
7171,Managanahalli Kankapura Road,12.72776,77.4684
7172,Hugarapalya,12.73341,77.4606
7173,Aralalusandra,12.73311,77.45385
7174,Kanchugaranahalli,12.72364,77.44622
7175,Kanchugaranahalli Colony,12.71595,77.44081
7176,Thayappana Doddy,12.7105,77.4261
7177,Kebbedoddi Gate,12.70297,77.48082
7178,New Gabbadi,12.71333,77.48151
7179,Kanyakumari,12.71789,77.48239
7180,Muttarayanapura Cross,12.72577,77.51392
7181,Muttarayanapura,12.72386,77.51479
7182,Gottigehalli,12.72095,77.52621
7183,Sadhanapalya,12.76858,77.48288
7184,Girigowdana Doddy,12.74596,77.5234
7185,Mukkodlu,12.75649,77.52837
7186,Kanyakumari,12.71804,77.48253
7187,New Gabbadi,12.71352,77.48157
7188,Kebbedoddi Gate,12.70305,77.481
7189,Sanjay Gandhi Hospital,12.927,77.59299
7190,Jayanagara Church,12.92828,77.58741
7191,Christ School,12.79918,77.51189
7192,Tharalu,12.78931,77.5224
7193,Richard Farm,12.77797,77.52522
7194,Tattaguppe,12.77369,77.52936
7195,Bharathi Nursing Home Jayanagara,12.9369,77.57404
7196,Gadipalya,12.76631,77.52849
7197,Gadipalya,12.76627,77.52846
7198,Tattaguppe,12.77363,77.52931
7199,Richard Farm,12.77774,77.52522
7200,Gulakamale,12.79762,77.52364
7201,Vasudevapura,12.79802,77.52037
7202,Yadiyuru,12.93071,77.5763
7203,Tharalu,12.78935,77.52245
7204,Tharalu Estate,12.78729,77.53539
7205,Guttepalya,12.79186,77.52978
7206,Muni Nagara,12.74811,77.53654
7207,Yanasandra,12.75181,77.53479
7208,Shri Rama Temple,12.744,77.52313
7209,Nishane,12.73197,77.52192
7210,Gottigehalli Junction,12.72555,77.52949
7211,KRB Indian Oil Petrol Bunk Kembathalli,12.85928,77.56996
7212,Girigowdana Doddy Colony,12.74742,77.52342
7213,Gottigehalli,12.72084,77.52612
7214,Yanasandra,12.75186,77.5348
7215,Muni Nagara,12.748,77.53652
7216,Gullahatti Kaval,12.72972,77.54704
7217,NallakkanaDoddy,12.80949,77.53085
7218,lnoorDoddy,12.71708,77.52504
7219,Sonare Doddy,12.70958,77.51949
7220,Ankegowdana Doddy,12.70677,77.51733
7221,Kadu Jakkasandra,12.70043,77.5133
7222,Avalahalli,12.87293,77.56665
7223,Anjanapura,12.86196,77.56381
7224,Kidwai Layout,12.85885,77.56321
7225,Konanakunte Reliance Fresh,12.88297,77.56616
7226,Nandi Garden Kothanur,12.86748,77.56566
7227,South End Circle,12.9368,77.58128
7228,Nandini Hotel JP Nagara,12.90512,77.58581
7229,Auto Gas/Royal School,12.90133,77.58585
7230,Shobha Tulip JP Nagara,12.89805,77.58591
7231,Nayara Petrol Pump Lakshmi Layout,12.89127,77.58769
7232,Brigade Millenium,12.89213,77.58192
7233,Eshwara Layout,12.89145,77.57566
7234,Avalahalli BDA Layout,12.87222,77.56118
7235,Narayana Nagara Cross,12.87999,77.55341
7236,Avalahalli BDA Layout,12.87386,77.56153
7237,Avalahalli BDA Layout,12.87383,77.56154
7238,Narayana Nagara Cross,12.87939,77.55384
7239,BCMC Layout Raghuvanahalli,12.87838,77.54934
7240,Anjanapura 2nd Block,12.86573,77.55245
7241,Thippasandra Theatre Anjanapura,12.87335,77.55851
7242,BK Circle,12.87067,77.58316
7243,Water Tank Kothanur Dinne,12.87444,77.58413
7244,Kothanuru Dinne Ganesha Temple,12.87705,77.58395
7245,Navodaya Nagara,12.88129,77.58376
7246,Gowrava Nagara,12.88469,77.58264
7247,RBI Layout,12.88801,77.5819
7248,Brigade Millenium,12.89224,77.58172
7249,Puttenahallipalya,12.89562,77.58173
7250,Puttenahalli,12.898,77.58264
7251,Inchara Hotel JP Nagar,12.90252,77.5832
7252,Jayanagara Metro Station Arrival,12.92969,77.58021
7253,Inchara Hotel JP Nagar,12.90272,77.5858
7254,RBI Layout,12.88801,77.58192
7255,Gowrava Nagara,12.88476,77.58266
7256,Navodaya Nagara,12.88137,77.58381
7257,Kothanuru Dinne Ganesha Temple,12.87711,77.58399
7258,Water Tank Kothanur Dinne,12.87455,77.58419
7259,Depot-34 Gate,12.87021,77.58571
7260,BK Circle,12.87056,77.58309
7261,Surabhi Layout,12.86746,77.58189
7262,Jayanagara Metro Station Depature,12.92939,77.58021
7263,Jambu Savari Dinne,12.86587,77.58093
7264,Kembathahalli Cross,12.85528,77.58031
7265,Kembathahalli 1,12.85588,77.57786
7266,Lal Bahaddur Shastri Nagara,12.85722,77.5733
7267,Eshwara Layout,12.89149,77.57564
7268,Royal Layout,12.86924,77.57581
7269,Sarathi Nagara,12.87387,77.57322
7270,Vinayaka Talkies,12.87478,77.57
7271,Anjanapura,12.86196,77.56393
7272,Anjanapura 10th  Block,12.85561,77.5706
7273,Beereshwara Nagara,12.88206,77.56537
7274,Anjanapura 1st Block,12.86001,77.54817
7275,J Srinivasa Reddy Layout,12.86395,77.55414
7276,Anjanapura 2nd Block Cross (LBSN),12.86054,77.55939
7277,Anjanapura Cross,12.86183,77.56083
7278,JP Nagara 15th Cross,12.90639,77.58758
7279,JP Nagara 5th Phase,12.90643,77.59046
7280,Dalmia Circle,12.90639,77.59505
7281,Vinayaka Nagara JP Nagara,12.89928,77.59141
7282,KRB Indian Oil Petrol Bunk Kembathalli,12.85943,77.56985
7283,11th Block Anjanapura,12.85225,77.57235
7284,11th Block Anjanapura,12.85224,77.57265
7285,Narayananagara 3rd Stage,12.87911,77.55845
7286,Sarakki Signal,12.9067,77.57334
7287,Tulasipura,12.845,77.55786
7288,Kothanuru Hari Nagara,12.87651,77.57716
7289,Thippasandra Theatre Anjanapur,12.88757,77.53158
7290,Thippasandra,12.87351,77.55638
7291,Thippasandra,12.87355,77.55638
7292,Anjanapura Cross,12.86183,77.56091
7293,Vajragiri Estate,12.85769,77.55663
7294,Onti Mane,12.84384,77.55114
7295,Amruthanagara,12.83943,77.54995
7296,Kulumepalya,12.83263,77.55304
7297,Byatarayana Doddy,12.81634,77.55078
7298,Kaggalipura Colony,12.80644,77.50324
7299,Dinnepalya,12.81119,77.49239
7300,Utthari,12.81797,77.49325
7301,Thimmegowdarapalya,12.82433,77.48997
7302,Badekatte,12.81806,77.48975
7303,Gattigerepalya,12.88369,77.50223
7304,Chikkegowdanapalya,12.87877,77.51467
7305,Ganigarapalya,12.87601,77.53311
7306,Manjunatha Kalyana Mantapa,12.87474,77.53819
7307,Balaji Layout 100ft Road,12.87772,77.53984
7308,Sompura,12.87766,77.4966
7309,Metro Tech Aprtment,12.87211,77.52716
7310,Ganigarapalya,12.87618,77.53297
7311,Super Talkies (Cottonpet Hospital),12.96808,77.57023
7312,BHEL,12.94872,77.53583
7313,Mysore Road Metro Station,12.94636,77.53046
7314,Nayandahalli,12.94268,77.52589
7315,BWSSB Quarters Nayandahalli,12.94013,77.52412
7316,Rajarajeshwari nagara Gate,12.93631,77.51774
7317,Bengaluru University Gate,12.93537,77.51269
7318,Jayaram Das Factory,12.93025,77.50594
7319,RV College,12.92521,77.49936
7320,Dubasipalya Cross,12.92273,77.49603
7321,Mylasandra Cross,12.91749,77.49064
7322,Kengeri Bus Station,12.91379,77.4871
7323,Kengeri Police Station,12.91007,77.48146
7324,Depot-12 Gate,12.90471,77.47084
7325,NICE Road Kengeri Road Junction,12.90224,77.46926
7326,Basavanagara Kengeri,12.90096,77.46736
7327,RR Medical College,12.89618,77.46084
7328,Anchepalya,12.89261,77.45795
7329,St Bentic School,12.88689,77.45889
7330,Kambipura,12.87332,77.4618
7331,Jandemara,12.87463,77.46123
7332,Madarasa School,12.88054,77.45935
7333,Ramohalli Cross,12.88701,77.45112
7334,Anchepalya,12.8926,77.45753
7335,RR Medical College,12.89633,77.46058
7336,Depot-12 Gate,12.90481,77.47068
7337,Byrasandra New Bus Stand,12.93549,77.59001
7338,RWB Gate Kengeri (Kengeri Work shop),12.90405,77.47574
7339,Doddabele,12.88874,77.47754
7340,RWB Gate Kengeri (Kengeri Work shop),12.904,77.4757
7341,Kengeri Metro Station,12.90763,77.47635
7342,Doddabele Colony,12.89157,77.47164
7343,Provident Sunworth Apartment,12.88209,77.47082
7344,Kengeri Ganesha Temple,12.91126,77.48029
7345,Kommaghatta Junction,12.91431,77.48141
7346,Robin Theatre,12.91588,77.47997
7347,Bande Mutt Gate Kengeri,12.91902,77.47752
7348,Beedi Karmikara Colony Gate,12.92228,77.47492
7349,Kengeri Club,12.9234,77.47306
7350,Chikkanahalli,12.93444,77.47249
7351,Dodda Basti,12.93967,77.47298
7352,Beedi Karmikara Colony,12.92003,77.47146
7353,Bande Mutt Badavane Radiant Enclave,12.91277,77.47358
7354,Ittige Factory,12.91999,77.46129
7355,New Byrohalli,12.91938,77.45602
7356,Archakara Badavane,12.91878,77.45255
7357,Sri Shiradi Sai Temple,12.91364,77.45057
7358,St Clare School,12.91462,77.44773
7359,Hunasemaradapalya,12.91521,77.44486
7360,Kommaghatta,12.92994,77.46513
7361,Ramasandra Cross,12.93257,77.46169
7362,Banglow Sulikere,12.93298,77.45186
7363,Byrohalli Gate,12.93433,77.44829
7364,Sulikere Cross,12.93479,77.44652
7365,Balaji Badavane Sulikere,12.93565,77.44331
7366,Nursery Maragondanahalli,12.93633,77.43851
7367,Maragondanahalli Cross,12.93485,77.4314
7368,Krishnasagara,12.93605,77.42872
7369,Gulaganjahalli Cross,12.94142,77.42528
7370,Gulaganjahalli,12.93707,77.41877
7371,KR Market Flyover,12.96469,77.57512
7372,Muddayyanapalya,12.932,77.41726
7373,Udhbhava School,12.92668,77.41741
7374,Halubhavipalya,12.94203,77.41607
7375,Eshwara Temple Puttayyanapalya,12.95336,77.41179
7376,Puttaiahnapalya,12.95685,77.41044
7377,Puttaiahnapalya Cross,12.95986,77.40678
7378,Dodda Aladamara Cross,12.96386,77.40744
7379,Manjunatha Nagara,12.96433,77.40378
7380,Tavarekere,12.96567,77.4001
7381,LAKE VIEW appartment near beedi colony,12.92189,77.47585
7382,Bande Mutt Gate Kengeri,12.91916,77.47743
7383,Robin Theatre,12.91602,77.47986
7384,Kommaghatta Junction,12.91448,77.48149
7385,Kengeri Ganesha Temple,12.91143,77.48037
7386,Challeghatta,12.89663,77.45333
7387,Hosapalya,12.91064,77.45016
7388,Sri Shiradi Sai Temple,12.91352,77.45054
7389,Hyundai showroom mysore road,12.92703,77.50166
7390,Kengeri Satellite Town,12.92351,77.48483
7391,Kengeri Railway Station,12.91696,77.48243
7392,Kengeri Post Office,12.91553,77.4819
7393,Upadhyaya Badavane,12.93522,77.49903
7394,Shirke KHB Quarters,12.93175,77.48772
7395,Kengeri Church,12.92826,77.48661
7396,Kengeri Post Office,12.91536,77.48182
7397,Kengeri Railway Station,12.9168,77.48235
7398,Kengeri Satellite Town,12.92332,77.48474
7399,Police Quarters,12.9232,77.48882
7400,Shivanahalli,12.9283,77.4906
7401,Jnana Bharathi West Side Hospital,12.9313,77.48993
7402,Shivanahalli,12.92844,77.49061
7403,Police Quarters,12.92326,77.48896
7404,Nagarabhavi Circle,12.95967,77.51985
7405,Chandra Layout Circle,12.95817,77.52669
7406,Dodda Basti,12.93956,77.47289
7407,Chikka Basti Masjid,12.94178,77.47403
7408,Shivaji Hotel,12.94311,77.47649
7409,Sonnenahalli,12.94215,77.4792
7410,Sonnenahalli Bridge,12.94208,77.48285
7411,Bhuvaneshwari Nagara 2nd Stage,12.94259,77.48713
7412,Bhuvaneshwari Nagara 1st Stage,12.94227,77.4903
7413,Kenchanapura Cross,12.94151,77.49343
7414,Mariyappanapalya,12.94527,77.4954
7415,PVP School,12.94882,77.49715
7416,Bengaluru University Quarters,12.95195,77.50025
7417,BUC ADM Block,12.95005,77.50086
7418,BUC Library,12.94439,77.50435
7419,BUC Ladies Hostel,12.94187,77.50602
7420,Univesity Quarters,12.9528,77.50008
7421,Mallathahalli Cross,12.95793,77.50326
7422,Kengunte Circle,12.96045,77.50473
7423,Vinayaka Layout Nagarabhavi,12.96076,77.50745
7424,NGEF Layout Nagarabhavi,12.96104,77.50972
7425,12th Block Nagarabhavi,12.96076,77.51351
7426,Manasa Nagara,12.95925,77.51674
7427,Jyothi Nagara,12.95937,77.52181
7428,Bengaluru University Gate,12.93582,77.51282
7429,BUC Ladies Hostel,12.94174,77.5061
7430,BUC Library,12.9443,77.50421
7431,BUC ADM Block,12.95007,77.50069
7432,Bengaluru University Quarters,12.95176,77.49972
7433,PVP School,12.9484,77.49716
7434,Mariyappanapalya,12.94515,77.49545
7435,Bhuvaneshwari Nagara 1st Stage,12.94222,77.49044
7436,Bhuvaneshwari Nagara 2nd Stage,12.94262,77.48728
7437,Sonnenahalli Bridge,12.94197,77.48357
7438,Shivaji Hotel,12.943,77.4766
7439,Chikka Basti Masjid,12.94191,77.47411
7440,HAL Main Gate,12.95854,77.66505
7441,Konena Agrahara,12.95902,77.65946
7442,Murugeshpalya,12.95927,77.65611
7443,NAL Manipal Hospital,12.95961,77.64991
7444,Kodihalli,12.95997,77.64687
7445,Domlur Flyover,12.96045,77.64251
7446,Domlur,12.96122,77.63667
7447,Commando Hospital,12.96271,77.62756
7448,Military Accounts Office,12.96691,77.62117
7449,Kenchanapura Cross,12.94151,77.49352
7450,Nagadevanahalli,12.93567,77.49238
7451,Kengeri Church,12.9282,77.48642
7452,Shirke KHB Quarters,12.93133,77.48751
7453,Nagadevanahalli,12.93597,77.49235
7454,Chikka Basti,12.94453,77.4751
7455,Ramasandra,12.9455,77.46797
7456,Shri Vishnu Garden,12.94573,77.45761
7457,Sulikere Palya,12.94457,77.44959
7458,Sulikere,12.93906,77.44804
7459,Dhananayakanahalli,12.93885,77.46781
7460,Chikkanahalli,12.93457,77.47251
7461,Kengeri Club,12.92355,77.47297
7462,Beedi Karmikara Colony Gate,12.92237,77.47478
7463,1st Block Vishweshwaraiah Layout,12.93747,77.47876
7464,Maruthi Nagara,12.93983,77.47944
7465,Karubele,12.87503,77.46639
7466,Muneshwara Layout,12.87435,77.47128
7467,H Gollahalli,12.87586,77.48007
7468,H Gollahalli Cross,12.87793,77.48162
7469,Hemmigepura,12.88284,77.48478
7470,Konasandra,12.8895,77.48572
7471,Konasandra Cross,12.89238,77.48641
7472,Sridhara Gudda,12.89914,77.48761
7473,Kodipalya,12.9037,77.48781
7474,Gollahallii Road Junction,12.90758,77.48887
7475,Gollahallii Road Junction,12.90772,77.48889
7476,Kodipalya,12.90378,77.48786
7477,Sridhara Gudda,12.8992,77.48766
7478,Konasandra Cross,12.89247,77.48641
7479,Konasandra,12.88956,77.48575
7480,Hemmigepura,12.88291,77.48478
7481,H Gollahalli Cross,12.87797,77.4817
7482,H Gollahalli,12.87593,77.48013
7483,Varahasandra,12.87403,77.48672
7484,Doddypalya,12.85787,77.47216
7485,Kuvempunagara,12.8678,77.47862
7486,Rajarajeshwari nagara Gate,12.93544,77.51832
7487,RR Nagara Petrol Bunk,12.93275,77.51626
7488,RR School,12.92776,77.51413
7489,RR Temple,12.92681,77.51112
7490,Pattanagere Jayanna Circle,12.92644,77.51466
7491,Nimishamba Temple,12.92496,77.51778
7492,Ideal Homes,12.92281,77.51844
7493,BEML Complex,12.91973,77.52028
7494,Double Road BEML Layout,12.91489,77.52066
7495,Kuvempu Circle,12.90993,77.521
7496,Channasandra,12.90285,77.52129
7497,Channasandra Colony,12.90331,77.5164
7498,Indo American Hybrid Farm,12.90402,77.51245
7499,JSS College,12.90385,77.50837
7500,Chitrakala parishath new Campus Srinivasapura,12.90329,77.50754
7501,Maramma Temple Halage Vaderahalli,12.92288,77.51452
7502,Halage Vaderahalli,12.92021,77.51403
7503,Jnanakshi Layout,12.91298,77.51374
7504,Bengaluru Children Hospital1,12.90994,77.51354
7505,Glass House,12.90702,77.51222
7506,Srinivasapura Cross,12.90403,77.51073
7507,Aditya Bakery,12.90351,77.51076
7508,Milk Booth,12.90291,77.5108
7509,Ganakal,12.89801,77.51231
7510,Kariyanapalya Cross (80ft Road Junction),12.89224,77.51442
7511,MRB Grand Hotel,12.88851,77.51609
7512,3rd Block Jn Banashankari 6th Phase,12.87821,77.51657
7513,Kuvempu Circle,12.90985,77.52099
7514,Double Road BEML Layout,12.9148,77.52066
7515,BEML Complex,12.91952,77.52033
7516,Ideal Homes,12.92276,77.51842
7517,Nimishamba Temple,12.92481,77.51798
7518,RR Temple,12.92677,77.51103
7519,RR School,12.92778,77.51404
7520,RR Nagara Petrol Bunk,12.93281,77.51614
7521,Double Road BEML Layout,12.91558,77.51347
7522,Rajarajeshwari nagara Metro Station,12.93635,77.51948
7523,Jnanakshi Layout,12.91287,77.51362
7524,BEML Layout 5th stage,12.90684,77.52111
7525,Jnanakshi Vidyaniketan School,12.91185,77.51349
7526,BEML Layout 5th stage,12.90684,77.52107
7527,BHEL Layout Cross,12.91617,77.51305
7528,LG Godown,12.91712,77.51133
7529,BHEL Layout Cross,12.91577,77.51103
7530,BHEL Layout,12.91624,77.50835
7531,BHEL Layout Water Tank,12.91895,77.50906
7532,Javaregowda Nagara,12.92978,77.52085
7533,Darshan Farm,12.9313,77.52682
7534,Javaregowda Nagara,12.92971,77.52082
7535,Krishna Garden BHEL Layout,12.9131,77.50703
7536,BHEL Concord Layout,12.90822,77.50942
7537,Pattanagere,12.91984,77.51177
7538,Devadiga Soudha,12.92658,77.52002
7539,Bangarappa Nagara,12.92503,77.52658
7540,Devadiga Soudha,12.9265,77.51998
7541,BHEL Layout Maramma Temple,12.92192,77.5088
7542,BHEL Layout Cross,12.91583,77.51098
7543,LG Godown,12.91715,77.51126
7544,Pattanagere,12.91986,77.51167
7545,Halage Vaderahalli,12.92011,77.51396
7546,Maramma Temple Halage Vaderahalli,12.92268,77.51435
7547,KR Market,12.96451,77.57668
7548,BHEL Layout Water Tank,12.91904,77.50901
7549,Rajarajeshwari nagara Gate,12.93574,77.51824
7550,Juggath Farma,12.89081,77.45532
7551,Ramohalli Cross,12.88674,77.45125
7552,Pepsi Gate,12.87197,77.43943
7553,Swami Narayana Gurukula,12.86656,77.43691
7554,Kanminake,12.86301,77.43382
7555,Kanminake Colony,12.85774,77.42925
7556,Hejjala Cross,12.85535,77.42708
7557,Dalai Lama College,12.85049,77.42456
7558,Sheshagirihalli,12.84352,77.4215
7559,Shaneshwaraswamy Temple Sheshagirihalli,12.84289,77.42114
7560,Manchanayakanahalli Gate,12.83455,77.41472
7561,Hampapura Colony Cross,12.83197,77.42294
7562,Hampapura,12.83068,77.42887
7563,Manchanayakanahalli Gate,12.83494,77.41386
7564,School Manchanayakanahalli,12.83731,77.40944
7565,Hakkipikki Colony Cross,12.83823,77.40283
7566,Hakki Pikki Colony Cross,12.83924,77.39818
7567,Jadenahalli,12.83983,77.39532
7568,Thimmappana Palya,12.84165,77.39244
7569,Bannikuppe,12.847,77.38386
7570,Jadenahalli,12.83986,77.39529
7571,Hakki Pikki Colony Cross,12.83925,77.39813
7572,Hakki Pikki Colony Cross,12.83825,77.40277
7573,School Manchanayakanahalli,12.83736,77.40939
7574,Sheshagirihalli,12.84359,77.42102
7575,Dalai Lama College,12.85056,77.42409
7576,Hejjala Cross,12.85539,77.4264
7577,Kanminake Colony,12.85818,77.42896
7578,Kanminake,12.86317,77.43352
7579,Swami Narayana Gurukula,12.8667,77.43659
7580,Pepsi Gate,12.87243,77.4394
7581,Kumbalagodu,12.87861,77.44539
7582,Juggath Pharma,12.89106,77.45517
7583,Veeranjaneya Temple,12.82864,77.41254
7584,Railway Gate Lakshmisagara,12.82418,77.41136
7585,Lakshmisagara,12.82479,77.4043
7586,Vajarahalli Colony,12.82297,77.39729
7587,Vajarahalli,12.82392,77.39154
7588,Talaguppe,12.81135,77.43327
7589,Channegowdana Doddy,12.8072,77.42925
7590,KHB Colony,12.80272,77.38582
7591,Govt First Grade College Bidadi,12.80685,77.38901
7592,Kethaganahalli,12.81349,77.39041
7593,Vajarahalli,12.82396,77.39157
7594,Vajarahalli Colony,12.82303,77.39734
7595,Lakshmisagara,12.82482,77.40436
7596,Railway Gate Lakshmisagara,12.82382,77.41081
7597,Veeranjaneya Temple,12.82904,77.41214
7598,Manchanayakanahalli Gate,12.83476,77.41421
7599,Kadumane Hotel,12.81554,77.40756
7600,Chikka Kuntanahalli Cross,12.79221,77.43864
7601,Chikka Kuntanahalli,12.79348,77.4384
7602,Doddy Chikkakuntanahalli,12.79692,77.44138
7603,Parasanapalya,12.79938,77.43741
7604,Hakki Pikki Colony,12.84578,77.40004
7605,Avaragere Cross,12.80957,77.37782
7606,Shettigowdanahalli,12.81139,77.3683
7607,M Karenahalli,12.81812,77.36573
7608,Kaka Ramanahalli,12.83009,77.36321
7609,Borehalli,12.84339,77.35806
7610,Ganakal,12.85243,77.35726
7611,Kempadyapanahalli,12.8669,77.35425
7612,Basammanahalli Cross,12.8747,77.35432
7613,Shanthinagara Manchanabele,12.87953,77.34729
7614,Vahale Gate,12.87691,77.34208
7615,Manchanabele Dam Cross,12.87149,77.3397
7616,Manchanabele School,12.87008,77.33715
7617,Manchanabele,12.86706,77.33449
7618,Kengeri,12.91244,77.48543
7619,Kempaiahnapalya Cross,12.73293,77.44009
7620,Kempashetty Doddy Gate,12.74378,77.42949
7621,Byramangala Circle,12.7498,77.42214
7622,Thimmegowdana Doddy,12.76217,77.41598
7623,Vrishabavatipura,12.76621,77.41559
7624,Depot-36 Gate,12.7684,77.41397
7625,Abbanakuppe,12.77413,77.40941
7626,Jogera Doddy,12.77958,77.40512
7627,Coca Cola Byramangala,12.78086,77.40412
7628,Shanimahathma Temple,12.78633,77.39983
7629,Medanahalli,12.78912,77.39841
7630,Bannigiri Cross,12.74727,77.43325
7631,Bannigiri,12.75686,77.43642
7632,Channegowdana Doddy,12.80722,77.42929
7633,Byra Doddy Circle,12.79493,77.38921
7634,K Gollahalli Gate,12.78644,77.39413
7635,BGS School Banandur,12.77952,77.39727
7636,Bananduru,12.77677,77.39795
7637,Banandur Circle,12.77538,77.39844
7638,Basaveshwaranagara Banandur,12.75944,77.40372
7639,Ittamadu,12.75659,77.40471
7640,ThoreDoddy,12.75738,77.39737
7641,Kolliganahalli,12.71075,77.40694
7642,M Gopahalli,12.72589,77.40248
7643,Ramanahalli,12.74168,77.40167
7644,Ittamadu,12.75661,77.40465
7645,Thore Doddy High School,12.75862,77.39134
7646,Banandur Circle,12.77536,77.39841
7647,Bananduru,12.77677,77.3979
7648,BGS School Banandur,12.77941,77.39728
7649,K Gollahalli Gate,12.78639,77.39412
7650,Byra Doddy Circle,12.79486,77.38918
7651,ThoreDoddy,12.75743,77.39736
7652,Basaveshwaranagara Banandur,12.75942,77.40367
7653,Kolliganahalli,12.71083,77.40702
7654,Dommara Doddy,12.7028,77.39699
7655,Dombara Doddy Cross,12.70197,77.39316
7656,Kenchanakuppe Colony,12.78972,77.37617
7657,Heggadagere Cross,12.78831,77.37488
7658,Devasthana Kariapppana Doddy,12.78713,77.37567
7659,Kariyappana Doddy,12.78485,77.37828
7660,Nithyananda Ashrama,12.77785,77.37822
7661,Heggadagere Site,12.76429,77.37899
7662,Heggadagere,12.76167,77.37653
7663,Heggadagere Cross,12.75674,77.37538
7664,Karadigowdanahalli,12.75174,77.37485
7665,Uragahalli Bidadi,12.74362,77.37748
7666,Chikka Arasanahalli,12.7335,77.38128
7667,Seebekatte,12.72904,77.38181
7668,Manchegowdanapalya,12.72418,77.38075
7669,Bennehalli,12.71652,77.38354
7670,Kallugopahalli,12.77678,77.36244
7671,Kapayana Doddy,12.77124,77.35488
7672,Mayaganahalli,12.76792,77.33553
7673,Madapura Cross Bidadi,12.76177,77.32802
7674,Madapura,12.7654,77.32076
7675,Thimmegowdana Doddy,12.78319,77.30844
7676,Harisandra Cross,12.78683,77.3059
7677,Harisandra,12.78652,77.30485
7678,Burumarana Doddy,12.78692,77.31067
7679,Yale Doddy,12.78976,77.31337
7680,Kumbara Doddy,12.79431,77.31781
7681,Sugganahalli,12.79946,77.31889
7682,Sugganahalli Circle,12.8009,77.31466
7683,Bommachannahalli,12.80413,77.31467
7684,Katamana Doddy,12.82109,77.32231
7685,Ramohalli,12.90707,77.41898
7686,Ashrama Ramohalli,12.9063,77.42886
7687,Vinayakanagara Ramohalli,12.90301,77.43017
7688,MGM School,12.89771,77.43267
7689,Bheemanakuppe Cross,12.89479,77.43676
7690,Subbarayappanapalya Cross,12.88939,77.43763
7691,Gerupalya,12.88772,77.44429
7692,GPO,12.98137,77.59405
7693,Subbarayappanapalya Cross,12.88926,77.43769
7694,Bheemanakuppe Cross,12.89465,77.43682
7695,MGM School,12.89757,77.43273
7696,Vinayakanagara Ramohalli,12.90287,77.43022
7697,Ashrama Ramohalli,12.90617,77.42892
7698,Ramohalli,12.907,77.41912
7699,Kethohalli,12.90729,77.40347
7700,Dodda Aladamara,12.90999,77.39551
7701,Chunchanakuppe,12.91041,77.3863
7702,Tavarekatte,12.9115,77.38291
7703,Channappa Circle,12.91021,77.37336
7704,Chandrappa Circle,12.91049,77.36962
7705,Janatha Colony Byalalu,12.89417,77.37798
7706,Byalalu,12.89194,77.37637
7707,Uddandahalli Cross,12.88727,77.37657
7708,Donnenahalli,12.88427,77.37521
7709,Mayasandra,12.87735,77.37747
7710,Omkar Hills,12.90474,77.50463
7711,BGS Health City Gate Abhiman Studio,12.90706,77.49921
7712,Savandarbar Ashrama,12.90962,77.49228
7713,Manjunatha Nagara,12.96436,77.40374
7714,Dodda Aladamara Cross,12.96391,77.40741
7715,Puttaiahnapalya Cross,12.96,77.40683
7716,Estate Tavarekere,12.95449,77.40404
7717,Chikka Veeraiahnapalya,12.94541,77.40052
7718,Chikka Mariyappanapalya,12.94006,77.40037
7719,Muneshwara Temple,12.93388,77.40046
7720,Basavanapalya,12.93227,77.40009
7721,Punugumaranahalli Cross,12.92905,77.40004
7722,Hosapalya,12.92472,77.39708
7723,Ganapathihalli,12.91791,77.39531
7724,KHB Colony Dodda Aladamara,12.91368,77.39434
7725,Kethohalli,12.90733,77.40332
7726,Dodda Aladamara,12.90992,77.39537
7727,KHB Colony Dodda Aladamara,12.91354,77.39432
7728,Ganapathihalli,12.91776,77.39526
7729,Hosapalya,12.92458,77.397
7730,Punugumaranahalli Cross,12.92893,77.39996
7731,Basavanapalya,12.93213,77.40007
7732,Muneshwara Temple,12.93376,77.40038
7733,Chikka Mariyappanapalya,12.93991,77.40042
7734,Chikka Veeraiahnapalya,12.94527,77.40047
7735,Estate Tavarekere,12.95436,77.40395
7736,Bheemanakuppe,12.90409,77.43824
7737,Chikkellur Cross,12.89183,77.42171
7738,Kundalapura,12.89512,77.41533
7739,Koluru,12.89155,77.4134
7740,Lakkaiahnapalya,12.88936,77.40252
7741,Rampura,12.89022,77.39881
7742,Lakshmipura,12.89216,77.39209
7743,Uddandahalli,12.88644,77.38382
7744,Kurubarapalya Cross,12.91392,77.36736
7745,Huluvenahalli Gate,12.91998,77.36861
7746,Huluvenahalli,12.91955,77.36538
7747,Sulivara Cross,12.90248,77.36759
7748,S Gollahalli,12.89375,77.36146
7749,Pachepalya Cross,12.88539,77.35834
7750,Chikkanahalli,12.88186,77.35537
7751,Subbarayappanapalya 1,12.87871,77.42019
7752,Sheshagiripura,12.88086,77.418
7753,Chikkellur Cross,12.89191,77.42158
7754,Jangamayyanapalya,12.87471,77.42278
7755,Sulivara,12.90297,77.36215
7756,Kurubarapalya,12.91143,77.36276
7757,Sulivara,12.90299,77.36218
7758,Sulivara Cross,12.9025,77.36752
7759,Maligondanahalli,12.91606,77.41531
7760,Basammanahalli,12.87519,77.35305
7761,Chikkanahalli,12.8816,77.35521
7762,Pachepalya Cross,12.88548,77.35822
7763,S Gollahalli,12.89388,77.36136
7764,Basammanahalli Cross,12.87484,77.35435
7765,Hunnigere,12.92286,77.36873
7766,Aralimaradapalya Cross,12.92656,77.36
7767,Madapatna,12.9348,77.36086
7768,Bande Inorpalya,12.93666,77.36236
7769,Allammanapalya,12.9356,77.3661
7770,Kempadyapanahalli,12.86697,77.35426
7771,Ganakal,12.85251,77.35728
7772,Borehalli,12.84352,77.35808
7773,Kakaramanahalli Cross,12.83174,77.36071
7774,Guddadahalli Dinne,12.83337,77.34547
7775,Rampura,12.84127,77.32765
7776,Hagalahalli,12.84908,77.33047
7777,Ningegowdana Doddy,12.85664,77.33391
7778,Aane Kempegowdana Doddy,12.86158,77.33503
7779,Dabbaguli Gate,12.87,77.32808
7780,Dabbaguli,12.89092,77.32275
7781,Dabbaguli Gate-2,12.87945,77.31628
7782,Matta Gate,12.8888,77.29369
7783,Matta Village,12.88111,77.29203
7784,Athimagere Gate,12.87458,77.28357
7785,MaregowdanaDoddy,12.8878,77.28026
7786,Veeregowdanadoddy,12.89444,77.27845
7787,Punugumaranahalli,12.91665,77.40336
7788,Madapatna,12.93458,77.36095
7789,Aralimaradapalya Cross,12.92663,77.35998
7790,Huluvenahalli Gate,12.92002,77.36863
7791,Kurubarapalya Cross,12.91395,77.36738
7792,Chandrappa Circle,12.91059,77.36979
7793,Hunnigere,12.92289,77.36876
7794,Kadusiddanapalya,12.93283,77.37167
7795,Kadusiddanapalya,12.93286,77.3717
7796,Doddamaranahalli,12.93053,77.38284
7797,Muddayyanapalya,12.92046,77.38231
7798,Ajjanahalli,12.9167,77.3865
7799,Uddandahalli Cross,12.88721,77.37654
7800,Byalalu,12.89185,77.3763
7801,Janatha Colony Byalalu,12.89425,77.37797
7802,Srinivasa Saligrama,12.90122,77.41071
7803,Giriyappanapalya,12.881,77.4009
7804,Giriyappanapalya Cross,12.88013,77.40381
7805,Lakkaiahnapalya 1,12.88751,77.40469
7806,Lakkaiahnapalya,12.88949,77.40243
7807,Koluru,12.89145,77.41328
7808,Kundalapura,12.89515,77.41534
7809,Uddandahalli,12.88631,77.38376
7810,Lakshmipura,12.89228,77.39218
7811,Rampura,12.89027,77.39881
7812,Manchanabele,12.86711,77.33455
7813,Sheshagiripura,12.88088,77.41809
7814,Gopalapura,12.87689,77.41658
7815,CK Thandya Junction,12.87609,77.40103
7816,CK Thandya,12.87023,77.39753
7817,CK Thandya,12.8703,77.39759
7818,Ramapura Cross,12.83931,77.32756
7819,Donnenahalli,12.88423,77.37519
7820,Pachepalya,12.88406,77.36083
7821,Aane Kempegowdana Doddy,12.86152,77.33503
7822,Ningegowdana Doddy,12.8566,77.33393
7823,Gadigaiahana Doddy,12.85266,77.33857
7824,Manchanabele Dam Cross,12.87151,77.33964
7825,Vahale Gate,12.87687,77.34203
7826,Shanthinagara Manchanabele,12.87955,77.34721
7827,Dabbaguli Gate,12.87007,77.32804
7828,Hagalahalli,12.84916,77.33052
7829,Guddadahalli Dinne,12.83342,77.34538
7830,Kakaramanahalli Cross,12.83175,77.36063
7831,Kurubarapalya,12.9114,77.36269
7832,Savandarbar Ashrama,12.90959,77.49224
7833,BGS Health City Gate Abhiman Studio,12.90714,77.49909
7834,Omkar Hills,12.90478,77.50457
7835,JSS College,12.90386,77.50819
7836,Indo American Hybrid Farm,12.90406,77.51236
7837,Channasandra Colony,12.90335,77.51628
7838,Mukthi Naga Temple,12.91492,77.42184
7839,Kaggalahalli,12.83025,77.32473
7840,Bommachanahalli,12.80418,77.31468
7841,Sugganahalli Circle,12.80091,77.31467
7842,Thirumalapura,12.82674,77.31201
7843,Manchanabele Colony,12.8702,77.33564
7844,Ranga Jangama,12.85579,77.45278
7845,Eradu Kamba,12.849,77.45135
7846,Seegehalli Cross,12.82541,77.44934
7847,Lingapura,12.82141,77.44411
7848,Thippuru,12.81505,77.44129
7849,Bychohalli,12.80653,77.43822
7850,Ranga Jangama,12.85578,77.45274
7851,Devagere Cross,12.86428,77.45713
7852,Thagachaguppe,12.86645,77.45504
7853,Pinto Bore,12.87077,77.45046
7854,YMCA Public School,12.87351,77.44832
7855,CWS-3 BMTC,12.90408,77.4499
7856,Seegehalli,12.81843,77.45249
7857,Doddakuntanahalli,12.81213,77.44975
7858,Doddakuntanahalli,12.8122,77.44968
7859,Seegehalli,12.81848,77.45245
7860,Seegehalli Cross,12.82539,77.44931
7861,Parasanapalya,12.79936,77.43749
7862,Chikka Kuntanahalli,12.79354,77.43842
7863,Kullegowdanapalya Cross,12.84985,77.44866
7864,Kullegowdanapalya 1,12.84667,77.44701
7865,Kenchanapalya,12.84452,77.44412
7866,Kenchanapalya,12.84457,77.44406
7867,Kullegowdanapalya,12.84672,77.44698
7868,Kullegowdanapalya Cross,12.84991,77.44863
7869,Thippuru,12.8151,77.44123
7870,Lingapura,12.82141,77.44405
7871,Devagere,12.85653,77.4657
7872,Thimmegowdarapalya,12.8244,77.48999
7873,Utthari,12.81802,77.49322
7874,Dinnepalya,12.81121,77.49244
7875,Kaggalipura Colony,12.8065,77.50316
7876,Bettanapalya,12.91199,77.44335
7877,Hunasemaradapalya,12.91524,77.44476
7878,Juttanapalya,12.85496,77.42145
7879,Hejjala,12.85602,77.41701
7880,Muthurayanapura,12.85957,77.40051
7881,K Karenahalli Cross,12.8621,77.39496
7882,CK Thandya Cross,12.86548,77.3922
7883,Dodderi College,12.86752,77.38597
7884,Kariyappanapalya,12.86171,77.38366
7885,Ramanayakana Thandya,12.86037,77.38346
7886,Kurubara Karenahalli,12.85443,77.38332
7887,Basavanapura,12.84977,77.3835
7888,Bannikuppe,12.84702,77.38389
7889,Basavanapura,12.84986,77.38333
7890,Kurubara Karenahalli,12.85448,77.38327
7891,K Karenahalli Cross,12.86213,77.39502
7892,Muthurayanapura,12.8596,77.40059
7893,Hejjala,12.85605,77.41694
7894,Juttanapalya,12.855,77.42159
7895,CK Thandya Cross,12.86545,77.39216
7896,Kasavepalya,12.85342,77.37611
7897,Siddabhovipalya,12.85456,77.37182
7898,Muthurayanagudipalya,12.84858,77.36733
7899,Muthurayanagudipalya,12.84862,77.36727
7900,Siddabhovipalya,12.85464,77.37182
7901,Kasavepalya,12.85345,77.37619
7902,Ramanayakana Thandya,12.86049,77.3834
7903,Kariyappanapalya,12.86166,77.38359
7904,Dodderi College,12.86757,77.38586
7905,Dodderi Grama,12.86644,77.37822
7906,Bethimgere Cross,12.86708,77.36815
7907,Mallathahalli Cross,12.8671,77.36156
7908,Mallathahalli,12.86117,77.36232
7909,Bethimgere,12.85694,77.36489
7910,Mallathahalli Cross,12.86716,77.36154
7911,Bethimgere Cross,12.86714,77.36812
7912,Kaka Ramanahalli,12.83012,77.36321
7913,Hejjala Colony,12.85252,77.41548
7914,Dyavalingaiahnapalya,12.85026,77.41591
7915,Vajarahalli Junction,12.82511,77.38214
7916,Avaragere,12.82007,77.38086
7917,Avaragere Cross,12.80962,77.37784
7918,M Karenahalli,12.81818,77.36575
7919,Shettigowdanahalli,12.81144,77.36828
7920,Manganahalli,12.95419,77.46934
7921,AGS Layout,12.95173,77.47919
7922,Vidyaniketan Public School,12.95118,77.48631
7923,Amma Ashrama Cross,12.94958,77.48867
7924,Press Layout,12.9509,77.4918
7925,Muneshwara Layout,12.95129,77.49417
7926,Ullala Satelite Town,12.96283,77.47502
7927,Ullala Satellite Town Cross,12.96215,77.47858
7928,Ullala Lake,12.95874,77.47942
7929,Ullalu Village,12.95591,77.48012
7930,Manganahalli Cross,12.95265,77.48418
7931,Govindarajanagara,12.97559,77.53666
7932,Prashanth Nagara,12.97562,77.53124
7933,Saraswathi Nagara,12.9738,77.53041
7934,Priyadarshini Layout,12.97128,77.52681
7935,Moodalapalya,12.97071,77.52499
7936,Kalyananagara,12.96753,77.52388
7937,Byraveshwaranagara,12.96519,77.52334
7938,Maruthi Nagara,12.96176,77.52189
7939,Ganesha Temple Chandra Layout,12.95772,77.52863
7940,Chandra Public School,12.96029,77.52954
7941,Income Tax Layout Cross,12.96001,77.53271
7942,Attiguppe,12.95809,77.53395
7943,Deepanjalinagara,12.95375,77.53624
7944,Nagarabhavi Circle,12.9601,77.51982
7945,Maruthi Nagara,12.96178,77.5217
7946,Byraveshwaranagara,12.96501,77.52338
7947,Kalyananagara,12.96736,77.52379
7948,Moodalapalya,12.97054,77.5249
7949,Priyadarshini Layout,12.97112,77.52676
7950,Prashanth Nagara,12.97551,77.53118
7951,Govindarajanagara,12.97561,77.53646
7952,Sarvajna College/Vijayanagara,12.97572,77.5391
7953,Agrahara Dasarahalli,12.97853,77.54293
7954,Gopalapura,12.98063,77.55789
7955,Sujatha Talkies,12.98262,77.56234
7956,Okalipura,12.98267,77.56837
7957,BUC Quarters,12.95203,77.49917
7958,Muneshwara Layout,12.9513,77.49445
7959,Amma Ashrama Cross,12.94936,77.48882
7960,Vidyaniketan Public School,12.95111,77.4862
7961,Manganahalli Cross,12.9527,77.48407
7962,Ullalu,12.95568,77.48014
7963,Ullala Lake,12.95872,77.47928
7964,Upkar Layout Cross,12.96375,77.47989
7965,Jnanakshi Vidyaniketan School,12.91215,77.51376
7966,BDA Complex Nagarabhavi,12.97938,77.51073
7967,Aladamara Papareddypalya,12.97495,77.50948
7968,Papareddypalya,12.9722,77.50797
7969,Deepa Complex,12.96636,77.50508
7970,Ambedkar Institute of Technology,12.96338,77.50515
7971,Vijayanagara,12.97433,77.53843
7972,Prasanna Theatre,12.97542,77.55288
7973,Magadi Road Metro Station,12.97562,77.55479
7974,10th Cross Magadi Road,12.97574,77.55706
7975,5th Cross Magadi Road,12.97578,77.56071
7976,1st Cross Magadi Road,12.97569,77.5628
7977,Minerva Mill,12.97945,77.56435
7978,Chikka Basti,12.94466,77.47504
7979,Vijayanagara,12.97311,77.53816
7980,Saraswathi Nagara,12.9736,77.53031
7981,Kengunte Circle,12.96045,77.50441
7982,Mallathahalli Cross,12.95745,77.50322
7983,Sonnenahalli,12.94205,77.47913
7984,Minerva Mill,12.9795,77.56445
7985,1st Cross Magadi Road,12.97569,77.563
7986,5th Cross Magadi Road,12.97567,77.56081
7987,10th Cross Magadi Road,12.97556,77.55562
7988,Magadi Road Metro Station,12.97553,77.55486
7989,Prashanth Nagara,12.9762,77.531
7990,Pattegarpalya Circle,12.97628,77.52607
7991,Srinivasa Nagara PattegarPalya,12.97645,77.52365
7992,Ramkrishana Layout,12.97793,77.51647
7993,Malagala 1,12.9754,77.51528
7994,BDA Park Bande Maramma Temple,12.96948,77.5148
7995,Bande Maramma Bus Station,12.96712,77.51591
7996,Panchasheela Nagara,12.97437,77.52051
7997,Srinivasa Nagara PattegarPalya,12.97649,77.52346
7998,Pattegarpalya Circle,12.97632,77.52588
7999,Prashanthnagara,12.97623,77.5308
8000,Mysore Circle,12.96111,77.55962
8001,Rama Mandira Chamarajapet,12.95703,77.56381
8002,Ramakrishna Ashrama,12.94822,77.56824
8003,Nagasandra Circle,12.93698,77.57195
8004,Shanthi Talkies,12.93686,77.57724
8005,18th Main Jayanagara,12.92343,77.58964
8006,4th T Block Jayanagara,12.92307,77.59353
8007,9th Block Jayanagara (40th Cross),12.91969,77.59247
8008,Chandra Layout 1st Stage,12.95448,77.52244
8009,1st Stage 3rd Block Nagarabhavi,12.9533,77.52158
8010,Mallathahalli Cross,12.95775,77.50284
8011,Mallathahalli,12.95884,77.50064
8012,Balaji Layout,12.96002,77.48914
8013,Upkar Residency Layout,12.96402,77.48897
8014,Nrupathunganagara Chandana Hospital,12.95823,77.50972
8015,Nagarabhavi Village,12.95716,77.51585
8016,Kengunte Circle,12.96064,77.50435
8017,Deepa Complex,12.96659,77.50483
8018,ITI Layout,12.9678,77.5023
8019,Nagarabhavi Vishweshwaraiah Sports Club,12.96909,77.49947
8020,Annapoorneshwari nagara Cross,12.96998,77.49655
8021,Annapoorneshwarinagara Water Tank,12.97203,77.49697
8022,D Group Employees Layout Srigandhada Kaval,12.97813,77.49874
8023,Srigandhada Kaval,12.97868,77.50174
8024,Muddayanapalya Junction,12.97138,77.48809
8025,Annapoorneshwarinagara Cross,12.97002,77.49658
8026,Nagarabhavi Vishweshwaraiah Sports Club,12.96913,77.49957
8027,ITI Layout,12.9679,77.50217
8028,Depot-31 Gate,12.99306,77.52146
8029,Summanahalli,12.98739,77.51914
8030,Kottigepalya,12.98787,77.51509
8031,Vokkaliga School Kottigepalya,12.98622,77.51176
8032,Deepa Complex,12.96698,77.50519
8033,Papareddypalya,12.97202,77.50772
8034,Aladamara Papareddypalya,12.97505,77.50941
8035,BDA Complex Nagarabhavi,12.97958,77.51064
8036,Vokkaliga School Kottigepalya,12.98604,77.51153
8037,Kottigepalya,12.98786,77.51405
8038,Summanahalli,12.98848,77.51962
8039,Muddinapalya Junction,12.97138,77.48793
8040,Balavikas School Gidadakonenahalli,12.97008,77.4914
8041,Kodays Circle,12.98022,77.57151
8042,Sir M Vishweshwaraiah Layout 9th Blk Mallathahalli,12.96245,77.49535
8043,ITI Layout Cross,12.96197,77.49798
8044,Durga Bakery Mallathahallli,12.96098,77.50162
8045,ITI Layout Cross,12.96194,77.49798
8046,KLE Society College Cross,12.97305,77.48361
8047,KLE Society College,12.96825,77.48152
8048,Upkar Layout Cross,12.96371,77.48
8049,D Group Employees Layout Srigandhada Kaval,12.97808,77.49874
8050,Annapoorneshwarinagara Water Tank,12.97196,77.49702
8051,Muddinapalya,12.96632,77.48786
8052,Narasapura,12.97699,77.49457
8053,Eranapalya,12.97494,77.50189
8054,Basappa Circle,12.95601,77.57728
8055,Sajjan Rao Circle,12.95233,77.57713
8056,Carmel Convent Jayanagara,12.92643,77.59724
8057,Jayanagara Pump House,12.92172,77.5971
8058,Maruthi Markandeyanagara,13.00109,77.50847
8059,Siddartha Badavane,12.99552,77.50865
8060,Vinayaka Talkies Sunkadakatte,12.9929,77.50829
8061,Sunkadakatte Junction,12.98936,77.50768
8062,Summanahalli,12.98682,77.52077
8063,Kachohalli,13.00022,77.47062
8064,Kachohalli Gate,12.99056,77.46871
8065,Gollarahatti,12.98862,77.47274
8066,College Cross Byadarahalli,12.98569,77.47952
8067,Byadarahalli,12.9852,77.48196
8068,East West College Cross,12.98568,77.48629
8069,Anjananagara,12.98617,77.48817
8070,Herohalli Cross1,12.98736,77.4924
8071,Janapriya Apartment,12.98895,77.49938
8072,Sunkadakatte,12.98946,77.50638
8073,Kamakshipalya,12.98385,77.52924
8074,KHB Colony,12.98142,77.53525
8075,Hunasemara,12.97532,77.56521
8076,Binny Mill,12.97036,77.56621
8077,Binnypet,12.96448,77.56171
8078,Depot-35 Gate,12.9726,77.44268
8079,Seegehalli Gate,12.98408,77.44376
8080,Kadabagere Cross,12.98912,77.44947
8081,Machohalli Gate,12.99088,77.45429
8082,Forest Gate,12.99185,77.45952
8083,Chikka Gollarahatti,12.99147,77.46559
8084,Kachohalli,13.00016,77.47058
8085,Bylakonenahalli,13.01612,77.45648
8086,Machohalli,13.0061,77.45293
8087,Machohalli Colony,12.99754,77.45136
8088,Machohalli Colony,12.99755,77.4513
8089,Machohalli,13.00614,77.45287
8090,Agrahara Dasarahalli,12.97874,77.54121
8091,KHB Colony,12.98105,77.53549
8092,Kamakshipalya,12.98375,77.52917
8093,Sunkadakatte,12.99018,77.5038
8094,Janapriya Apartment,12.9888,77.49952
8095,Herohalli Cross,12.98726,77.4925
8096,Anjananagara,12.98614,77.48847
8097,East West College Cross,12.98559,77.48632
8098,Byadarahalli,12.98504,77.48214
8099,College Cross Byadarahalli,12.98552,77.47964
8100,Gollarahatti,12.98849,77.47281
8101,Kachohalli Gate,12.99042,77.4688
8102,Chikka Gollarahatti,12.99142,77.4656
8103,Forest Gate,12.99176,77.45971
8104,Machohalli Gate,12.99081,77.45445
8105,Binnypet,12.96468,77.56176
8106,Binny Mill,12.97052,77.56624
8107,Hunasemara,12.97528,77.56504
8108,Gangondanahalli,13.02164,77.46773
8109,Gangodahalli Cross 1(Vaikunta Bar),13.02898,77.46448
8110,Lakshmipura,13.03742,77.46118
8111,Rajeshwarinagara,13.04526,77.46132
8112,Dombarahalli,13.0491,77.45981
8113,Siddana Hosahalli,13.05682,77.46014
8114,Madanayakanahalli,13.06102,77.46102
8115,Makali,13.06564,77.45325
8116,Depot-40 Gate,13.06872,77.44766
8117,Adakimaranahalli,13.07028,77.44482
8118,Ravuthanahalli Cross,13.07334,77.43938
8119,Dasanapura,13.07523,77.43599
8120,Devannanapalya,13.07734,77.43133
8121,Arishinakunte,13.07966,77.42419
8122,Vishwa Shanti Ashrama,13.08402,77.41724
8123,Binnamangala Towads Nelamangala),13.08744,77.41242
8124,Nursery Nelamangala,13.09011,77.40928
8125,Weavers Colony Nelamangala,13.09403,77.40561
8126,TB Nelamangala,13.09706,77.40148
8127,Anjaneya Temple Nelamangala,13.09723,77.39774
8128,Nelamangala Bus Station,13.09803,77.39387
8129,Magadi Road Tollgate,12.9752,77.54818
8130,G Hosahalli Road Junction,12.98814,77.47534
8131,G Hosahalli,12.99592,77.47847
8132,Lingadeeranahalli,12.99895,77.479
8133,Lingadeeranahalli,12.99903,77.47898
8134,Hosahalli Road Junction,12.98808,77.47537
8135,Kadabagere Cross,12.98911,77.44966
8136,Seegehalli Gate,12.98401,77.44389
8137,Hamsa Farm,12.9817,77.4397
8138,Channenahalli Arch,12.97977,77.43546
8139,Channenahalli,12.97786,77.43052
8140,Honaganahatti,12.9742,77.42116
8141,Channadasipalya,12.97085,77.41485
8142,Lakkuppe,12.96992,77.41006
8143,Ganesha Temple Tavarekere,12.9671,77.40341
8144,Tavarekere,12.96582,77.40018
8145,Peddanapalya Cross,12.96761,77.38892
8146,Deva Machohalli Cross,12.96536,77.38112
8147,Karekal Cross,12.9736,77.37402
8148,RINAC Factory Marenahalli,12.97476,77.36603
8149,Marenahalli,12.9733,77.36187
8150,Cholanayakanahalli,12.96049,77.35958
8151,Gangappanahalli,12.95852,77.35131
8152,TP Gate Thippagondanahalli,12.96238,77.34318
8153,TG Halli Quarters,12.95256,77.33555
8154,Shanubhoganahalli,12.96156,77.32511
8155,Varadenahalli Handpost,12.95536,77.31196
8156,Adakamaranahalli Cross (Magadi Road),12.95438,77.30922
8157,Adakamaranahalli (Magadi Road),12.94713,77.31054
8158,Guddaiahnapalya 1,12.92732,77.31854
8159,Chikka Maskal,12.91971,77.33055
8160,Bachenahatti,12.95476,77.30408
8161,Dudapanahalli,12.96018,77.29642
8162,Thagachaguppe,12.95989,77.29042
8163,Chikka Thogurupalya,12.9562,77.28287
8164,Maralugondla Cross,12.94737,77.27127
8165,Thandya,12.9459,77.26576
8166,Jyothipura,12.94377,77.25166
8167,Ranganathpura,12.95104,77.24187
8168,Thirumala Gate,12.95114,77.24066
8169,Hosapete Gate,12.95116,77.23723
8170,Hombalamma Kere,12.95205,77.22752
8171,Magadi,12.95484,77.22693
8172,Kalya Gate Magadi,12.95808,77.22119
8173,Jyothinagara,12.96018,77.21586
8174,Someshwara Colony Magadi,12.96417,77.20795
8175,Gandhi Circle Magadi,12.95759,77.23518
8176,Balaji Theatre Magadi,12.96057,77.23686
8177,Thimmasandra,12.97302,77.24158
8178,Anehalla,12.97983,77.24132
8179,Anandanagara,12.9838,77.24209
8180,Thorepalya,12.99099,77.24355
8181,Belagumba,12.9949,77.24643
8182,Byadarahalli Gate,12.99377,77.25509
8183,Byadarahalli,12.98697,77.25673
8184,Byadarahalli Gate,12.99366,77.25514
8185,Cheluvayyanapalya,12.99222,77.26465
8186,Thorechannahalli,12.99786,77.27104
8187,Rangaiahnapalya,12.99199,77.26759
8188,Bhantaraguppe,12.98786,77.27372
8189,Gollarapalya,12.97528,77.27937
8190,Bordugallu,12.96825,77.28958
8191,Thagachaguppe,12.95987,77.29018
8192,Dudapanahalli,12.96021,77.29614
8193,Bachenahatti,12.955,77.30395
8194,Adakamaranahalli Cross (Magadi Road),12.95436,77.30902
8195,Varadenahalli Handpost,12.95539,77.31192
8196,Shanubhoganahalli,12.96136,77.32491
8197,TG Halli Quarters,12.95244,77.33529
8198,TB Gate Thippagondanahalli,12.96245,77.34291
8199,Gangappanahalli,12.95872,77.35111
8200,Cholanayakanahalli,12.96021,77.35949
8201,Marenahalli,12.97325,77.36164
8202,RINAC Factory Marenahalli,12.97478,77.36582
8203,Karekal Cross,12.97391,77.37388
8204,Deva Machohalli Cross,12.96552,77.3811
8205,Peddanapalya Cross,12.96762,77.38862
8206,Tavarekere,12.9658,77.40008
8207,Ganesha Temple Tavarekere,12.96708,77.40326
8208,Lakkuppe,12.97004,77.40989
8209,Channadasipalya,12.97091,77.4147
8210,Honaganahatti,12.97421,77.42097
8211,Channenahalli,12.97791,77.43037
8212,Channenahalli Arch,12.97987,77.43545
8213,Hamsa Farm,12.98175,77.43952
8214,Hosapete Gate,12.95118,77.23744
8215,Thirumala Gate,12.95118,77.2404
8216,Ranganathpura,12.95115,77.24165
8217,Jyothipura,12.94389,77.25141
8218,Chikka Thogurupalya,12.95628,77.28314
8219,Maralugondla Cross,12.94747,77.27149
8220,Thandya,12.94578,77.26601
8221,Hombalamma Kere,12.95216,77.22726
8222,Hombalammanapete,12.94835,77.22553
8223,Nethenalli,12.94232,77.22141
8224,Uduvegere,12.9332,77.2165
8225,Neshepalya,12.93297,77.2141
8226,Balekatte,12.9278,77.21031
8227,Managal,12.91253,77.20471
8228,Hongemara Managal,12.9059,77.20237
8229,Heligehalli Colony,12.87627,77.20669
8230,Bharath Nagara 1st Phase,12.98117,77.48513
8231,Manjunatha Nagara,12.98205,77.4811
8232,Bharath Nagara 2nd Stage,12.97866,77.47789
8233,BTS Layout Basaveshwaranagara,12.97707,77.48056
8234,Bilikallu,12.97515,77.47996
8235,Gudipalya,12.97123,77.47901
8236,Gollarahatti,12.98841,77.47244
8237,Yale Kodigehalli Colony,12.98291,77.46846
8238,Yale Kodigehalli,12.9774,77.46529
8239,Gongatipura,12.96223,77.47188
8240,Chikka Kodigehalli,12.97204,77.46491
8241,Manjunatha Nagara,12.98212,77.48112
8242,Bharath Nagara 1st Phase,12.98118,77.48508
8243,Bharath Nagara 2nd Stage,12.97868,77.47781
8244,Brahma Devara Gudda,12.96334,77.47212
8245,Mahadeshwara Nagara,12.9921,77.49432
8246,Maruthi Nagara,12.98967,77.49398
8247,Herohalli Cross,12.98803,77.49388
8248,Hosapete Gate,12.9511,77.23737
8249,Gavinagamangala Gate,12.93611,77.24346
8250,Kannamangala,12.93047,77.25509
8251,Guddahalli,12.92823,77.25913
8252,Jodadakatte,12.91514,77.26867
8253,Savandurga Cross,12.90483,77.27795
8254,Nayakanapalya,12.90386,77.28116
8255,Savandurga,12.91561,77.29748
8256,Kannalli,12.96763,77.45891
8257,Dombarahatti Dongadipura Cross,12.9722,77.46049
8258,Dombarahatti Dongadipura Cross,12.97213,77.46048
8259,Kannalli,12.96757,77.45886
8260,Herohalli Cross,12.98796,77.49385
8261,Maruthi Nagara,12.98975,77.49394
8262,Mahadeshwara Nagara,12.99201,77.49425
8263,Nagarahole Nagara,12.99845,77.49738
8264,RC College,12.98398,77.58679
8265,Shivananda Store,12.98666,77.57938
8266,Swastik Sheshadripuram College,12.98798,77.57422
8267,Central,12.99006,77.57199
8268,Navarang Theatre,12.99748,77.54884
8269,Modi Hospital,12.9974,77.54573
8270,Shankar Mutt,12.99897,77.5417
8271,Kamalanagara Water Tank,12.99557,77.53992
8272,8th Main Kamalanagara,12.99178,77.53856
8273,Havanur Circle,12.98886,77.53775
8274,Siddaiah Puranik Road Junction,12.98217,77.5373
8275,B Krishnappa Nagara,12.99714,77.40872
8276,Varthuru,12.98568,77.40221
8277,Jettipalya,12.97674,77.40064
8278,Gangenahalli Cross,12.97287,77.39994
8279,BWSSB Tavarekere,12.97007,77.39937
8280,Jnanashakthi Nagara,12.98517,77.45857
8281,Nelamangala Bus Station,13.09796,77.39438
8282,Sondekoppa Circle Nelamangala,13.09223,77.39483
8283,Nelamangala Court,13.08805,77.39389
8284,Ganesha Gudi Nelamangala,13.08377,77.39289
8285,Siddaganga College,13.08227,77.39278
8286,Lakshmi Devastana,13.07832,77.39278
8287,Mallapura Cross,13.07286,77.39372
8288,Hullegowdanahalli Cross,13.06845,77.39471
8289,Byregowdanahalli Colony,13.06449,77.39379
8290,Byregowdanahalli3,13.05926,77.39389
8291,Lakkenahalli Junction Sondekoppa Road,13.04468,77.39278
8292,Hunnigere Cross,13.03928,77.39112
8293,Gerahalli,13.03738,77.39068
8294,High School Sondekoppa,13.02564,77.38464
8295,Sondekoppa,13.02102,77.38432
8296,Kerekodi Sondekoppa,13.01891,77.38421
8297,Gayathri Nagara Cross,13.01495,77.38348
8298,Mallasandra,13.00255,77.3942
8299,Chowdeshwarinagara,12.99759,77.39939
8300,Metipalya,12.99359,77.40232
8301,Lurdubayi Samudaya Bhavana,12.99752,77.52334
8302,Kempegowda Arch,13.00171,77.52538
8303,Laggere Bridge,13.00843,77.52664
8304,Nandini Layout Ring Road,13.0116,77.52853
8305,Nandhini Layout,13.01473,77.53052
8306,Rajkumar Punya Bhoomi,13.01818,77.53163
8307,Kanteerava Studio,13.02263,77.5327
8308,Modern Food Goraguntepalya,13.02482,77.53395
8309,Reliance Petrol Bunk Goraguntepalya,13.02861,77.53612
8310,Goraguntepalya  Ring Road,13.02993,77.53688
8311,Goraguntepalya,13.02951,77.54012
8312,Alisda,13.03392,77.54098
8313,Jalahalli Village,13.04179,77.54725
8314,Jalahalli Bakery,13.04264,77.54978
8315,Muthyalanagara,13.04374,77.55325
8316,MES Road,13.04403,77.5543
8317,BEL Circle,13.04588,77.55654
8318,BEL Factory,13.04887,77.55861
8319,Thunga Nagara,12.99195,77.4853
8320,Thunganagara Cross,12.9856,77.485
8321,Thigalarapalya,13.01687,77.48307
8322,Garudappa Circle Thigalarapalya,13.01572,77.48414
8323,Anjaneya Temple Thigalarapalya,13.01372,77.48347
8324,Andhrahalli Govt School,13.00956,77.48295
8325,Andhrahalli,13.00805,77.48484
8326,Vidyamanyanagara,13.0046,77.48746
8327,Acharya College,13.00238,77.48823
8328,Arch Lingadeeranahalli,12.99961,77.48872
8329,Syndicate Bank Layout,12.99796,77.48947
8330,Venkateshwara Layout,12.99335,77.4886
8331,Gidadapalya,12.96024,77.43733
8332,Hakki Pikki Colony,12.95424,77.43276
8333,Kerekodi Junction,12.96017,77.42803
8334,Yalachaguppe,12.95933,77.42103
8335,Peddanapalya,12.95861,77.38932
8336,Puradapalya Cross,12.94698,77.38118
8337,Jodi Aladamara,12.9401,77.37789
8338,Madapatna Cross,12.93681,77.37286
8339,Karekalpalya Cross,12.93423,77.38154
8340,Doddamaranahalli,12.93056,77.38286
8341,Ganakal,12.9573,77.38166
8342,Peddanapalya,12.95965,77.38911
8343,Karekalpalya,12.93393,77.38651
8344,Karekalpalya Cross,12.93419,77.38151
8345,Puradapalya Cross,12.94694,77.3811
8346,Peddanapalya,12.95876,77.38925
8347,BWSSB Tavarekere,12.96999,77.39935
8348,Gangenahalli Cross,12.97277,77.3999
8349,Jettipalya,12.97661,77.40059
8350,Varthuru,12.98557,77.40216
8351,Metipalya,12.99349,77.40231
8352,Chowdeshwarinagara,12.9975,77.39944
8353,Mallasandra,13.00245,77.39422
8354,Gayathri Nagara Cross,13.01481,77.38346
8355,Kerekodi Sondekoppa,13.01877,77.38419
8356,Sondekoppa,13.02089,77.3843
8357,Aziz Palya,13.02712,77.36696
8358,Gowdaiahanapalya,13.03244,77.35909
8359,Manchenahalli,13.03508,77.35781
8360,Dasegowdarapalya,13.02347,77.39426
8361,Baleveeranahalli,13.0186,77.39394
8362,Dodderi Grama,12.86629,77.3774
8363,Mayasandra,12.87732,77.37745
8364,Tavarekatte,12.91143,77.3828
8365,Mallaiahnapalya,12.98569,77.42725
8366,Giddenahalli,12.99275,77.41865
8367,Jodi Aladamara,12.94015,77.37792
8368,Gangenahalli,12.98369,77.39188
8369,Jogerahalli,12.98553,77.37427
8370,Center for Learning School Campus Magadi Road,12.98016,77.37505
8371,Channa Marayyanapalya,12.98134,77.36478
8372,High School Sondekoppa,13.02562,77.38461
8373,Gerahalli,13.03725,77.3906
8374,Hunnigere,13.0326,77.39647
8375,Mantanakurchi,13.0443,77.38459
8376,Hunnigere Cross,13.03914,77.39107
8377,Mantanakurchi,13.04352,77.38411
8378,Kanuvanahalli,12.99504,77.3645
8379,Nagasandra Palya,13.00148,77.37739
8380,Kanuvanahalli,13.00525,77.38619
8381,Lakkenahalli Junction Sondekoppa Road,13.04454,77.39272
8382,Byregowdanahalli2,13.05913,77.39389
8383,Byregowdanahalli Colony,13.06434,77.39376
8384,Hullegowdanahalli Cross,13.06831,77.39468
8385,Mallapura Cross,13.07271,77.39373
8386,Lakshmi Devastana,13.07818,77.39275
8387,Siddaganga College,13.08213,77.39274
8388,Ganesha Gudi Nelamangala,13.08363,77.39293
8389,Nelamangala Court,13.08793,77.39384
8390,Sondekoppa Circle Nelamangala,13.0921,77.39479
8391,Bychakuppe,12.97049,77.38862
8392,Gowrava Bhovi Palya,12.97381,77.38891
8393,Gangenahalli Junction,12.98348,77.38713
8394,Lakshmipura,12.98962,77.38321
8395,Gowrava Bhovi Palya,12.97382,77.38886
8396,Thippagondanahalli,12.96193,77.33628
8397,Kallur,12.94587,77.31805
8398,Varadenahalli,12.96099,77.31235
8399,Sevanagara Varadenahalli,12.97005,77.31382
8400,Mummenahalli,12.9796,77.3166
8401,Rajanapalya,12.99027,77.31533
8402,Motaganahalli,13.00497,77.31183
8403,Hosapalya,13.01128,77.30313
8404,Malluru,13.01018,77.29271
8405,Kothaganahalli,13.01189,77.28453
8406,Gidadakonenahalli Cross,12.97455,77.48791
8407,Herohalli Cross,12.98749,77.49262
8408,Herohalli Sunkadakatte,12.99051,77.4876
8409,Venkateshwara Layout,12.99331,77.48856
8410,Syndicate Bank Layout,12.99801,77.4894
8411,Acharya College,13.00234,77.48822
8412,Vidyamanyanagara,13.00461,77.48742
8413,Andhrahalli,13.00802,77.48484
8414,Andhrahalli Govt School,13.00952,77.48294
8415,Anjaneya Temple Thigalarapalya,13.01371,77.48343
8416,Garudappa Circle Thigalarapalya,13.01568,77.48413
8417,Thigalarapalya,13.01683,77.48306
8418,Gidadakonenahalli,12.97373,77.48929
8419,Gidadakonenahalli,12.97371,77.48918
8420,Gidadakonenahalli Cross,12.97457,77.48786
8421,Bhavani Nagara 2nd Stage,12.96323,77.48182
8422,RTO Office Vishweshwaraiah Layout,12.96133,77.48685
8423,Bhavani Nagara 2nd Stage Cross,12.96075,77.48813
8424,Upkar Residency Layout,12.96405,77.48891
8425,Muddayanapalya,12.9663,77.4878
8426,Bhavani Nagara 2nd Stage Cross,12.96072,77.48821
8427,RTO Office Vishweshwaraiah Layout,12.9613,77.4868
8428,Bhavani Nagara 2nd Stage,12.96316,77.48186
8429,Herohalli Sunkadakatte,12.99053,77.48753
8430,Arch Lingadeeranahalli,12.99962,77.48869
8431,2nd Stage 9th Block Nagarabhavi,12.96864,77.51027
8432,2nd Stage 11th Block Nagarabhavi,12.97754,77.51333
8433,Kittanahalli Palya,13.00979,77.41344
8434,Kittanahalli,13.00924,77.42112
8435,Bettahalli Cross,13.00817,77.43473
8436,Bayyandahalli,13.00609,77.44226
8437,Bayyandahalli Colony,13.00342,77.44235
8438,Janapriya Township,12.99903,77.44278
8439,Mutturayanaswamy Temple,12.99177,77.44268
8440,Bettahalli,13.01679,77.4373
8441,Bettahalli Colony,13.01532,77.44321
8442,Vaddarahalli Cross,13.01496,77.44694
8443,BMTC Training Centre,13.01991,77.44837
8444,Vaddarahalli Cross,13.01494,77.44696
8445,Bettahalli Colony,13.01531,77.44326
8446,Kranthiveera Sangolli Rayanna Railway Station,12.97818,77.57093
8447,Kammasandra,13.03454,77.43946
8448,Kammasandra Palya,13.02987,77.43908
8449,Kamadhenu Kshetra,13.02539,77.44978
8450,Ganesha Circle Vaddarahalli,13.0257,77.45491
8451,BMTC Training Centre,13.01994,77.44841
8452,Kadabagere Cross,12.98897,77.44898
8453,Mutturayanaswamy Temple,12.99168,77.44264
8454,Janapriya Township,12.99901,77.44272
8455,Bayyandahalli Colony,13.00343,77.44231
8456,Bayyandahalli,13.00608,77.44221
8457,Kittanahalli,13.0093,77.42174
8458,Bettahalli Cross,13.00812,77.4348
8459,Chamundi Nagara,13.01471,77.42038
8460,Shanthinagara Ravuttanahalli,13.01987,77.42182
8461,Ravuthanahalli,13.02665,77.42385
8462,Averahalli Cross,13.03343,77.42184
8463,Averahalli,13.03503,77.41612
8464,Kadabagere,12.99689,77.4332
8465,Raghavendra Layout,12.99388,77.43866
8466,Raghavendra Layout,12.99386,77.43858
8467,Kadabagere,12.99683,77.43317
8468,Arathipalya,13.03724,77.42593
8469,Cross Kenganahalli,13.04047,77.42686
8470,Shivanapura Colony,13.04503,77.42277
8471,Kenganahalli,13.05162,77.4116
8472,Hullegowdanahalli,13.06047,77.40653
8473,Papaiahnapalya,13.06565,77.40408
8474,Karekalpalya,12.934,77.38646
8475,Shivanapura Cross,13.04139,77.42228
8476,Averahalli Cross,13.04391,77.4149
8477,Hullegowdanahalli,13.06041,77.40654
8478,Karekalpalya Cross,13.06649,77.40348
8479,Madanayakanahalli,13.06067,77.46125
8480,Siddana Hosahalli,13.05685,77.46017
8481,Dombarahalli,13.04914,77.45984
8482,Rajeshwarinagara,13.04531,77.46131
8483,Lakshmipura,13.03747,77.4612
8484,Kadirenahalli,13.0417,77.44864
8485,Depot-43 Gate,13.06595,77.42564
8486,Vinayaka Nagara Cross,13.06756,77.42245
8487,Sundara Nagara,13.07147,77.42291
8488,Veeraiah Enclave Arishinakunte,13.07406,77.42326
8489,Adarshanagara,13.07619,77.42374
8490,Arishinakunte,13.08026,77.42417
8491,Devannanapalya,13.07769,77.43139
8492,Dasanapura,13.07542,77.43636
8493,Ravuthanahalli Cross,13.07362,77.43959
8494,Adakimaranahalli,13.07065,77.4449
8495,Makali,13.0658,77.45363
8496,Madanayakanahalli,13.06146,77.46102
8497,Gangodahalli Cross (Vaikunta Bar),13.029,77.46453
8498,KG Lakkenahalli Cross,13.02588,77.45955
8499,Tippu Palace,12.95997,77.5737
8500,KG Lakkenahalli Cross,13.02591,77.45951
8501,Adarshanagara,13.07621,77.42378
8502,Veeraiah Enclave Arishinakunte,13.07408,77.4233
8503,Sundara Nagara,13.07151,77.42296
8504,Devaninjayyanapalya,13.01712,77.41453
8505,Chamundi Nagara,13.01475,77.42046
8506,MC Layout,12.97498,77.54212
8507,Prasanna Layout,12.99618,77.49603
8508,Nagaraholenagara Cross,12.99736,77.49682
8509,Neelagiri Thopu,12.99577,77.50249
8510,Hegganahalli Cross,12.99977,77.50395
8511,Hegganahalli,13.00367,77.50454
8512,Milk Dairy Hegganahalli,13.0073,77.50549
8513,Peenya 2nd Stage,13.01098,77.5068
8514,Peenya 14th Cross,13.01662,77.50559
8515,Brundavana Peenya,13.02024,77.50803
8516,NTTF Peenya,13.02514,77.51135
8517,Rolling Mill,13.02653,77.51474
8518,TVS Cross Peenya,13.02868,77.51957
8519,Systems Peenya,13.03497,77.51794
8520,Jalahalli Cross,13.03991,77.51823
8521,T Dasarahalli,13.04283,77.51276
8522,8th Mile Dasarahalli,13.04622,77.50755
8523,Widia School,13.0511,77.50773
8524,Bagalagunte,13.05657,77.50728
8525,Bone Mill,13.06385,77.50503
8526,Sapthagiri College,13.06685,77.50328
8527,Sapthagiri Hospital,13.07067,77.50387
8528,Janapriya Apartment,13.07349,77.50307
8529,Chikkabanavara Railway Station,13.07562,77.50465
8530,Chikka Banavara,13.08053,77.50255
8531,Jalahalli Cross,13.03949,77.51843
8532,Jalahalli Cross,13.04066,77.51872
8533,Ayyappa Temple Jalahalli Cross,13.0461,77.52231
8534,Kammagonda‌nahalli Bridge,13.05491,77.53475
8535,Fathima Church,13.05478,77.54137
8536,Gangamma Circle,13.05663,77.54654
8537,HMT Club House,13.0535,77.55068
8538,BEL Market 1,13.05192,77.55193
8539,State Bank of India,13.04999,77.55345
8540,Chikka Banavara,13.08053,77.50259
8541,Chikkabanavara Railway Station,13.07523,77.50453
8542,Janapriya Apartment,13.07319,77.50318
8543,Sapthagiri Hospital,13.07066,77.50395
8544,Sapthagiri College,13.06675,77.50335
8545,Bone Mill,13.06385,77.50508
8546,MEI Layout Arch,13.05999,77.50697
8547,Bagalagunte,13.05665,77.50735
8548,Widia School,13.05126,77.50786
8549,8th Mile Dasarahalli,13.04541,77.50795
8550,T Dasarahalli,13.04309,77.51288
8551,Systems Peenya,13.03506,77.51806
8552,TVS Cross Peenya,13.02837,77.51984
8553,Rajagopala Nagara Police Station,13.02361,77.52192
8554,Laggere Cross,13.02245,77.5234
8555,MEI Colony Laggere,13.01998,77.52075
8556,Parvathi Nagara,13.01629,77.52032
8557,Aladamara Laggere,13.0133,77.521
8558,Laggere New Bus Stand,13.01054,77.52504
8559,TVS Cross Peenya,13.02835,77.51953
8560,Rolling Mill,13.02648,77.51486
8561,NTTF Peenya,13.02443,77.51092
8562,Brundavana Peenya,13.02038,77.50815
8563,Peenya 14th cross,13.01646,77.50566
8564,Rajagopalanagara,13.01368,77.50881
8565,Deepak Factory,13.04704,77.50159
8566,Nagasandra Metro Station,13.04779,77.49947
8567,Peenya 2nd stage,13.01094,77.50694
8568,Milk Dairy Hegganahalli,13.00745,77.50553
8569,Hegganahalli,13.0037,77.5046
8570,Hegganahalli Cross,12.99974,77.50404
8571,Neelagiri Thopu,12.99578,77.50253
8572,Vigneshwara Nagara,12.99255,77.4993
8573,Laggere Cross,13.02265,77.52363
8574,Sonal Garments Laggere Cross,13.02152,77.52695
8575,Ramanjaneya Temple Nandhini Layout,13.02093,77.52907
8576,Kanteerava Studio,13.02138,77.53252
8577,Rajkumar Punya Bhoomi,13.01859,77.5319
8578,Nandhini Layout,13.01466,77.5307
8579,Nandini Layout Ring Road,13.01159,77.52872
8580,Laggere Bridge,13.00756,77.52678
8581,Kempegowda Arch,13.00174,77.52556
8582,Lurdubayi Samudaya Bhavana,12.99723,77.52339
8583,Srigandha Nagara,13.00399,77.51009
8584,Dwaraka Nagara,13.08783,77.49516
8585,Sheshadri Nagara,13.06396,77.48857
8586,Sidedahalli,13.06258,77.49527
8587,Thammenahalli,13.0781,77.4893
8588,Thammenahalli Palya,13.07597,77.48823
8589,Govt School Thotada Guddadahalli,13.07008,77.4869
8590,Thotada Guddadahalli,13.06819,77.48948
8591,Meenakshi Layout,13.06555,77.49276
8592,Jalahalli Cross,13.0399,77.51879
8593,Peenya Satellite Bus Station (Basaveshwara),13.04375,77.5253
8594,Kirloskar Badavane,13.0674,77.5001
8595,Shettyhalli Cross,13.05034,77.52554
8596,HMT Siddarthanagara,13.05657,77.52234
8597,AIR FORCE Quarters,13.05899,77.52141
8598,Jalahalli West Shettyhalli Road,13.05921,77.52024
8599,Shettyhalli,13.06482,77.51723
8600,Kanasawadi,13.20188,77.43139
8601,Chikka Madhure,13.2065,77.43977
8602,Anjaneya Temple Madhure,13.20998,77.44486
8603,Kodipalya,13.20971,77.45186
8604,Madhure Village,13.20216,77.45699
8605,Kodihalli,13.18815,77.45392
8606,Bandaiahanapalya,13.17629,77.45281
8607,Doddy,13.16962,77.45169
8608,Chikka Kukkanahalli,13.15753,77.44899
8609,BGS PU College Thotagere,13.14427,77.45146
8610,Thotagere Basavanna Devastana,13.13824,77.45362
8611,Guddadahalli,13.14137,77.46224
8612,Dasenahalli Cross,13.14091,77.46519
8613,Vivekananda Vidyavardhaka School,13.13953,77.46977
8614,Vinayaka Nagara Hesarghatta,13.13865,77.47451
8615,Hesaraghatta,13.13784,77.47944
8616,Hesaraghatta TB Cross,13.13047,77.48437
8617,Thirumalapura,13.12538,77.48362
8618,Hurali Chikkanahalli,13.11588,77.48276
8619,Thore Nagasandra Cross,13.11201,77.48192
8620,Kempaiahnagara,13.10821,77.4825
8621,Tharabanahalli Choultry,13.10537,77.47922
8622,Tharabanahalli,13.10126,77.48088
8623,Soladevanahalli Police Station,13.09339,77.48895
8624,Kuvempunagara Bus station (BTM Layout),12.91608,77.61575
8625,Ashoka Pillar,12.94367,77.58496
8626,Mahadeshwara Nagara,12.90784,77.61076
8627,13th Main 7th Cross BTM Layout,12.91405,77.61007
8628,Anugraha Badavane (Bilekahalli),12.90302,77.60892
8629,Ragigudda,12.917,77.59261
8630,JP Nagara 3rd Phase,12.90709,77.60012
8631,Dalmia Circle,12.90697,77.595
8632,Milk Booth JP Nagara,12.91002,77.59514
8633,JP Nagara Water Tank,12.91374,77.59503
8634,MICO Layout Checkpost Gopalan mall,12.91414,77.60001
8635,JP Nagara 3rd Phase,12.90854,77.60073
8636,NS Palya,12.90862,77.60332
8637,NS Palya,12.9087,77.60348
8638,Peenya Industry Metro Station,13.03599,77.52579
8639,SRS Peenya,13.03471,77.52987
8640,Peenya Metro Station,13.03299,77.53297
8641,CMTI,13.03143,77.53561
8642,Goraguntepalya,13.02835,77.54123
8643,MEI Factory,13.02652,77.54439
8644,RMC Yard (Yeshawanthapura New Railway Station),13.02462,77.54776
8645,Govardhan Talkies,13.01853,77.55339
8646,Yeshawanthapura Bus Station,13.01771,77.55657
8647,Tata Institute,13.01313,77.56755
8648,Malleshwara 18th Cross,13.00894,77.56918
8649,Malleshwara 13th Cross,13.00408,77.56923
8650,Malleshwara 11th Cross,13.00238,77.5693
8651,Malleshwara 8th Cross,12.99969,77.56933
8652,Malleshwara Circle,12.99727,77.56945
8653,Byraveshwara Layout,13.06417,77.49494
8654,Sahyadribalaga Layout,13.06592,77.49912
8655,Kempegowda Bus Station(Majestic/KBS),12.97793,77.57389
8656,Central,12.98984,77.57181
8657,Malleshwara 8th Cross (Sampige Road),13.00009,77.57131
8658,Malleshwara 11th Cross,13.00233,77.57133
8659,Malleshwara 15th Cross,13.00541,77.57119
8660,Malleshwara 18th Cross,13.00906,77.57112
8661,Tata Institute,13.01514,77.56382
8662,Yeshawanthapura Bus Station,13.01801,77.55662
8663,Ananda Rao Circle,12.98115,77.57466
8664,Govardhan Talkies,13.02,77.55274
8665,RMC Yard (Yashawanthapura New Railway Station),13.02366,77.54877
8666,MEI Factory,13.0264,77.54402
8667,Goraguntepalya,13.02895,77.5395
8668,CMTI,13.0307,77.53641
8669,SRS Peenya,13.03428,77.53032
8670,Peenya Industry Metro Station,13.03556,77.52613
8671,MEI Layout Arch,13.05997,77.50685
8672,Ganigarahalli,13.08919,77.5106
8673,Janapriya Apartment,13.07339,77.50292
8674,Ganapathi Nagara Raghavendra Badavane,13.07897,77.49701
8675,Thammenahalli Cross,13.08434,77.48874
8676,Acharya Institute of Technology,13.08351,77.48416
8677,Aluru Cross,13.0824,77.47479
8678,Kuduregere Madanayakanahalli,13.07586,77.47248
8679,Kuduregere Madanayakanahalli,13.07595,77.47259
8680,Aluru Cross,13.08236,77.47477
8681,Sasuveghatta Cross,13.08473,77.47535
8682,Acharya Institute of Technology,13.08353,77.48411
8683,Achyuthanagara Gate,13.08423,77.48656
8684,Thammenahalli Cross,13.08437,77.48876
8685,Ganapathi Nagara Raghavendra Badavane,13.07897,77.49707
8686,Shettyhalli Cross,13.05011,77.52546
8687,IAF Jalahalli,13.05358,77.53075
8688,Gangamma Circle,13.05769,77.54635
8689,Kendriya Vidyalaya,13.06541,77.54415
8690,Jalahalli East,13.06758,77.54452
8691,SBI Bank,13.07237,77.5461
8692,MS Palya,13.08178,77.54849
8693,Depot-45 Gate,13.08298,77.55066
8694,Sidedahalli,13.06256,77.49523
8695,Byraveshwara Layout,13.06413,77.49493
8696,Meenakshi Layout,13.06552,77.49275
8697,Thotada Guddadahalli,13.06819,77.48944
8698,Thammenahalli Palya,13.07599,77.48816
8699,Thammenahalli,13.07838,77.48927
8700,Dasappanapalya,13.07935,77.50591
8701,Gangadhara Kalyana Mantapa,13.08,77.51137
8702,Kere Guddadahalli,13.0792,77.51599
8703,Somashettyhalli Cross,13.08142,77.51721
8704,Somashettyhalli,13.08733,77.52117
8705,Somashettyhalli Cross,13.08147,77.51724
8706,Kere Guddadahalli,13.07908,77.51612
8707,Mallasandra Health Center,13.05325,77.51174
8708,Ravindra Nagara,13.04995,77.51654
8709,MEI Layout,13.06099,77.49943
8710,Govt Soap Factory,13.01309,77.55438
8711,Vivekananda College,13.00927,77.55449
8712,Subramanyanagara Police Station,13.00347,77.55356
8713,Navarang Theatre,12.99866,77.55293
8714,Geleyara Balaga Layout,13.07127,77.50582
8715,Geleyara Balaga Layout,13.0712,77.50585
8716,Malleshwara 18th Cross,13.00917,77.57137
8717,Kudurugere Colony,13.06817,77.47611
8718,Kudurugere Colony,13.0682,77.47609
8719,Swastik Sheshadripuram College,12.98851,77.57414
8720,Ananda Rao Circle,12.98074,77.57503
8721,Sasuveghatta Cross,13.0847,77.47534
8722,Sasuveghatta,13.09251,77.47537
8723,Sasuveghatta,13.09275,77.47534
8724,Shivakote,13.13401,77.51473
8725,Shivakote Cross,13.13552,77.51326
8726,Annapurneshwari Badavane,13.13874,77.50802
8727,Muthkur Cross Shivakote,13.143,77.50225
8728,Ivarukandapura,13.13767,77.49442
8729,Indian Institute of Horticultural Research TB,13.13545,77.49098
8730,Mekhri Circle,13.01451,77.58263
8731,CPRI,13.01473,77.57499
8732,Aladamara Laggere,13.01324,77.52099
8733,Parvathi Nagara,13.01623,77.5203
8734,MEI Colony Laggere,13.01996,77.5207
8735,Laggere Cross,13.02265,77.52336
8736,Rajagopala Nagara Police Station,13.0236,77.52178
8737,Rajajinagara Entrance,12.98429,77.55726
8738,Navarang Theatre,12.99825,77.55096
8739,Canara Bank Rajajinagara 1st Block,13.00089,77.55044
8740,Diacon Hospital,13.00379,77.55003
8741,1st Block Rajajinagara,13.00515,77.54887
8742,Mahalakshmi Layout Entrance,13.00779,77.548
8743,Srinavasa Temple,13.00831,77.54508
8744,Ganesha Temple Mahalaskhmi Layout,13.00862,77.5432
8745,Mahalakshmi Layout,13.01198,77.544
8746,Shankara Nagara,13.01597,77.54378
8747,Krishnananda Nagara,13.01812,77.54135
8748,Kanteerava Studio,13.02158,77.53533
8749,Ramanjaneya Temple Nandhini Layout,13.02084,77.52921
8750,Sonal Garments Laggere Cross,13.02158,77.52642
8751,Soladevanahalli Police Station,13.09335,77.48897
8752,Tharabanahalli Choultry,13.10535,77.47916
8753,Kempaiahnagara,13.10823,77.48246
8754,Thore Nagasandra Cross,13.11196,77.48188
8755,Hurali Chikkanahalli,13.11593,77.48272
8756,Thirumalapura,13.12541,77.48357
8757,Hesaraghatta TB Cross,13.13052,77.48433
8758,Indian Institute of Horticultural Research,13.13544,77.49095
8759,Muthkur Cross Shivakote,13.14303,77.50222
8760,Kalenahalli Gate,13.14903,77.50504
8761,Muthkur,13.15548,77.50816
8762,Muthkur,13.15547,77.50821
8763,Kalenahalli Gate,13.14902,77.50506
8764,Muthkur Cross Shivakote,13.14299,77.50221
8765,Ivarukandapura,13.13769,77.49446
8766,8th Mile Dasarahalli,13.04571,77.50753
8767,Widia Factory,13.04877,77.49664
8768,Marison Factory,13.0502,77.49252
8769,Chikkabidarakallu,13.05196,77.48778
8770,Jindal,13.05353,77.48338
8771,Anchepalya,13.05497,77.47936
8772,Madavara,13.05665,77.47343
8773,TCI,13.05906,77.46474
8774,Dwaraka Nagara,13.0878,77.49515
8775,Siemens ‌ Bank,13.14911,77.49667
8776,Hesaraghatta Workshop,13.15627,77.49844
8777,Koli Farm Gate,13.17195,77.50281
8778,KMF,13.18859,77.5075
8779,Sonnenahalli Govt Hospital,13.19348,77.50226
8780,Sonnenahalli,13.19775,77.50036
8781,Karlapura Gate,13.20018,77.49186
8782,Karlapura Colony,13.20526,77.49129
8783,Karlapura,13.20668,77.49186
8784,Military Accounts Office,12.96694,77.62089
8785,Commando Hospital,12.96364,77.62641
8786,Domlur,12.96111,77.63809
8787,Annasandrapalya,12.96444,77.67236
8788,Vibhuthipura Samudaya Bhavan,12.96468,77.67747
8789,HAL LCA,12.96336,77.68209
8790,Kongovi PVT LTD Peenya,13.0215,77.51101
8791,Tata Institute,13.01437,77.56803
8792,CPRI,13.01484,77.57489
8793,Mekhri Circle,13.01458,77.58502
8794,Manipal Centre,12.97493,77.61436
8795,Trinity Circle,12.97093,77.6197
8796,ISRO Murugeshpalya,12.95961,77.65453
8797,Ganesha Temple Mahalakshmi Layout,13.00868,77.54313
8798,Kalikanagara Shiva Temple,13.00892,77.49024
8799,Bandi Reddy Circle,12.99141,77.56384
8800,Annapoorneshwarinagara,12.98002,77.50667
8801,Tharabanahalli,13.10124,77.48081
8802,MS Palya,13.08145,77.54831
8803,SBI Bank,13.07239,77.54625
8804,Jalahalli East,13.06759,77.54464
8805,Kendriya Vidyalaya,13.06556,77.54428
8806,Gangamma Circle,13.05663,77.54672
8807,Fathima Church,13.05478,77.5415
8808,Kammagondanahalli Bridge,13.05488,77.53481
8809,IAF Jalahalli,13.0536,77.5308
8810,Shettyhalli Cross,13.05024,77.52568
8811,Ayyappa Temple Jalahalli Cross,13.04623,77.52243
8812,Tharabanahalli,13.10126,77.48083
8813,Kumbarahalli Cross,13.10666,77.49016
8814,Kasaghattapura Gate,13.11194,77.49731
8815,Siluvepura,13.1143,77.50104
8816,Raghavendra Dhama,13.11472,77.51484
8817,Madugirihalli,13.12793,77.50724
8818,Hesaraghatta,13.13781,77.47937
8819,Poultry Farm,13.14919,77.47669
8820,Nruthyagrama Gate,13.15417,77.47297
8821,Indo Dyanish Farm,13.16126,77.48011
8822,CFSP Farm,13.17858,77.48946
8823,Bethan Byatha,13.19007,77.48137
8824,Seeresandra,13.19185,77.48337
8825,Byatha,13.19313,77.48455
8826,Nelamangala Hunasemara,13.10054,77.39064
8827,Basavanahalli Cross,13.10231,77.38869
8828,Renuka Nagara,13.1058,77.38812
8829,Basavanahalli,13.11034,77.3882
8830,Islampura Cross,13.11309,77.38877
8831,A G Export Garments Nelamangala,13.12046,77.39237
8832,Mylanahalli Bare,13.12716,77.39837
8833,KG Srinivasapura Cross,13.1291,77.40021
8834,Mylanahalli Gate,13.13262,77.40361
8835,Hyadalu,13.1401,77.41023
8836,Gollahalli,13.1437,77.41228
8837,Railway Gollahalli,13.14673,77.41744
8838,Gopalapura,13.14124,77.42631
8839,Kanaka Nagara Gate,13.13828,77.43474
8840,Huskur Bare,13.13697,77.43924
8841,Thotagere Village,13.13615,77.44599
8842,Vivekananda Vidyavardhaka School,13.13958,77.46978
8843,Dasenahalli Cross,13.14087,77.46523
8844,Guddadahalli,13.14134,77.46227
8845,Thotagere Basavanna Devastana,13.13819,77.45361
8846,BGS PU College Thotagere,13.14428,77.45141
8847,Chikka Kukkanahalli,13.15745,77.44891
8848,Doddy,13.16982,77.45169
8849,Madhure Village,13.20205,77.45696
8850,Kodipalya,13.20968,77.45183
8851,Chikka Madhure,13.20647,77.4398
8852,Kanasawadi,13.20181,77.43147
8853,Bilijaji,13.12638,77.47337
8854,Thore Nagasandra,13.11457,77.47461
8855,Thotagere Village,13.1361,77.446
8856,Kanaka Nagara Gate,13.13824,77.43472
8857,Gopalapura,13.1412,77.4263
8858,Railway Gollahalli,13.14688,77.41754
8859,Kallodu,13.17776,77.43446
8860,Shastri Palya,13.17158,77.43601
8861,Doddakukkanahalli,13.1752,77.44119
8862,Kodihalli,13.18755,77.45434
8863,Bandaiahanapalya,13.17612,77.45279
8864,Nrithyagrama,13.16193,77.4588
8865,Channadevi Agrahara Cross,13.2157,77.4556
8866,Channadevi Agrahara,13.21788,77.45816
8867,Mulkattamma Temple Mallohalli,13.22352,77.45049
8868,Mallohalli,13.23054,77.45108
8869,Muppadaghatta,13.24302,77.44787
8870,Kadanuru,13.24329,77.45555
8871,Kadanuru Katte,13.24669,77.46075
8872,Madagondanahalli,13.24477,77.47199
8873,Madagondanahalli,13.24471,77.47193
8874,Kadanuru Katte,13.24669,77.46079
8875,Kadanuru,13.24325,77.45557
8876,Muppadaghatta,13.24299,77.44789
8877,Mallohalli,13.23056,77.45111
8878,Mulakattamma Temple Mallohalli,13.22355,77.45052
8879,Channadevi Agrahara,13.21881,77.45509
8880,Channadevi Agrahara Cross,13.21572,77.45564
8881,Channadevi Agrahara,13.21878,77.45507
8882,Mallohalli Cross,13.21407,77.45061
8883,Hadripura,13.25895,77.44305
8884,Shivananda Store,12.98724,77.57873
8885,RC College,12.98416,77.58696
8886,Swastik Sheshadripuram,12.98784,77.57449
8887,Mallohallipalya,13.23028,77.45657
8888,Byatha Cross,13.19307,77.48622
8889,Kamakshipura,13.19827,77.48907
8890,Karlapura Gate,13.20017,77.49193
8891,Kakolu,13.18433,77.51852
8892,HP Petrol Bunk Kakolu,13.17855,77.5211
8893,Seethakempanahalli Gate,13.17377,77.52541
8894,Shanubhoganahalli Gate (Dibbur Cross),13.17267,77.53019
8895,Cable Factory Ittagallapura,13.17404,77.54044
8896,Ittagalpura Cross,13.17467,77.5426
8897,Ittagalpura Gate,13.17012,77.55025
8898,Sri Banashankari Layout,13.17154,77.55796
8899,Rajanukunte,13.17498,77.56439
8900,Parvathipura,13.17274,77.56616
8901,Addiganahalli,13.17297,77.56943
8902,Patalamma Temple,13.18344,77.56988
8903,Hosahallipalya,13.12758,77.45414
8904,Agraharapalya Gate,13.1306,77.45348
8905,Govt Film and Television Institute,13.16733,77.46514
8906,Thammarasanahalli Madhugirihalli,13.12633,77.49753
8907,TCI,13.05924,77.46527
8908,Madavara NICE Road,13.05684,77.4741
8909,Anchepalya,13.05529,77.47983
8910,Jindal,13.05399,77.48328
8911,Chikkabidarakallu,13.05235,77.48774
8912,Marison Factory,13.05049,77.49285
8913,Widia Factory,13.04907,77.497
8914,Deepak Factory,13.04749,77.50135
8915,Paakegowdanapalya,13.11447,77.51056
8916,Raghavendra Dhama,13.11473,77.51487
8917,Dodda Byalakere,13.1135,77.52464
8918,Kasaghattapura,13.11063,77.50441
8919,Siluvepura,13.11426,77.50106
8920,Kasaghattapura Gate,13.11195,77.49735
8921,Kumbarahalli Cross,13.10664,77.49019
8922,Kumbarahalli,13.10509,77.49165
8923,Kempapura,13.09469,77.49959
8924,Kumbarahalli Cross,13.09669,77.49397
8925,Kempapura,13.09465,77.49964
8926,Kumbarahalli Cross,13.09677,77.49398
8927,Mattahalli,13.10815,77.45714
8928,Basappa Layout Mattahalli,13.10653,77.45371
8929,Mattahalli Cross,13.11033,77.44373
8930,APMC Yard,13.10494,77.44396
8931,Vaderahalli Cross,13.0993,77.44488
8932,Kodipalya,13.09612,77.44521
8933,Nagaruru Cross,13.09215,77.44534
8934,The Golden Palm Resort Nagarur colony Nelamangala,13.08893,77.44564
8935,Mantri Layout (M L A LAYOUT),13.08448,77.4478
8936,Biscuits Factory,13.08217,77.44976
8937,Nisarga Layout,13.07167,77.45283
8938,Makali Cross,13.06706,77.45182
8939,8th Mile Dasarahalli,13.0451,77.50748
8940,Nisarga Layout,13.07161,77.4528
8941,Biscuits Factory,13.08213,77.44975
8942,Mantri Layout (M L A LAYOUT),13.08449,77.44776
8943,Nagaruru Cross,13.09212,77.44532
8944,Kodipalya,13.09607,77.44516
8945,Vaderahalli Cross,13.09932,77.44484
8946,APMC Yard,13.10488,77.44388
8947,Mattahalli Cross,13.11037,77.44365
8948,Pillahalli Cross,13.11143,77.43825
8949,Chikka Veeraiahanapalya Cross,13.11416,77.4316
8950,Huskur Cross,13.12046,77.42314
8951,Huskur Village,13.12328,77.43096
8952,Huskur Village,13.12327,77.43106
8953,Huskur Cross,13.12048,77.42319
8954,Chikka Veeraiahanapalya Cross,13.11427,77.43148
8955,Pillahalli Cross,13.11149,77.43832
8956,Basappa Layout Mattahalli,13.10656,77.45369
8957,Mattahalli,13.10818,77.4571
8958,Aluru BDA 2nd Stage,13.09138,77.44998
8959,Nagaruru,13.09109,77.43461
8960,BEL Layout Dasanapura,13.08927,77.4232
8961,BEL Layout Dasanapura,13.08929,77.42317
8962,Pillahalli Colony,13.10434,77.4341
8963,Pillahalli,13.10279,77.42899
8964,Pillahalli Colony,13.10435,77.43402
8965,Tata Values Homes Apartments,13.10127,77.44443
8966,Jalahalli Cross  Metro Station Departure,13.0396,77.51933
8967,Narasipura,13.10984,77.46352
8968,Nandaramaiahna Palya,13.08945,77.42518
8969,Honnasandra,13.11719,77.44736
8970,Honnasandra,13.11712,77.44733
8971,Narasipura,13.10984,77.46356
8972,Gollahalli,13.14371,77.41235
8973,Hyadalu,13.1401,77.41028
8974,Makali Cross Madhure Road,13.13412,77.40563
8975,Bommashettyhalli Cross,13.12586,77.41666
8976,Vinayaka Nagara,13.06746,77.42082
8977,Kempammadevi Nagara,13.06498,77.42035
8978,Thimmabhovipalya Shivanapura,13.05962,77.41933
8979,Shivanapura,13.04926,77.42152
8980,Gejjigadahalli,13.06085,77.42893
8981,Gejjigadahalli Colony,13.0653,77.4304
8982,Gejjigadahalli Colony,13.06533,77.43045
8983,Gejjigadahalli,13.06073,77.42887
8984,Nelamangala Hunasemara,13.09978,77.39083
8985,Tumkur Road Junction,13.09758,77.38535
8986,Nelamangala Cement Factory,13.09184,77.37756
8987,BP Indian School Nelamangala,13.08764,77.37555
8988,Mallarabanavadi Cross,13.08246,77.37168
8989,Shanthinagara Nelamangala,13.07899,77.36737
8990,Srinivasapura Cross,13.07494,77.36505
8991,Yantaganahalli  Toll,13.06859,77.36108
8992,Yantaganahalli Palya,13.06405,77.34931
8993,Yantaganahalli,13.06298,77.34655
8994,Yantaganahalli Hospital,13.0614,77.3423
8995,Seetharam Bhattarapalya,13.06088,77.33455
8996,Buragamarada Palya,13.06377,77.32852
8997,Lingenahalli,13.06543,77.32488
8998,Mahadevapura,13.06629,77.31955
8999,Nanda Gokula Nagara,13.061,77.31797
9000,Kadukarenahalli,13.05431,77.31568
9001,Jalli Machine,13.04514,77.3154
9002,Marigowdanapalya,13.04168,77.31512
9003,Basavenahalli,13.03857,77.31479
9004,Basavenahalli Colony,13.03605,77.31433
9005,Honnayyanapalya,13.03537,77.31999
9006,Gundammanapalya Colony,13.03084,77.32472
9007,Gundammanapalya,13.03024,77.32709
9008,Thore Hosapalya,13.02583,77.32927
9009,Gundammanapalya,13.03019,77.32706
9010,Gundammanapalya Colony,13.03086,77.32467
9011,Honnayyanapalya,13.03533,77.32007
9012,Basavenahalli Colony,13.03604,77.3141
9013,Basavenahalli,13.03853,77.31472
9014,Marigowdanapalya,13.04172,77.31507
9015,Jalli Machine,13.04516,77.31535
9016,Kadukarenahalli,13.05436,77.31559
9017,Nanda Gokula Nagara,13.06096,77.31793
9018,Mahadevapura,13.06666,77.31961
9019,Lingenahalli,13.0656,77.32496
9020,Buragamarada Palya,13.06408,77.32832
9021,Seetharam Bhattarapalya,13.06111,77.33447
9022,Yantaganahalli Hospital,13.06159,77.34219
9023,Yantaganahalli,13.06275,77.34554
9024,Yantaganahalli Palya,13.0642,77.34908
9025,Yantaganahalli Toll,13.06799,77.3601
9026,Srinivasapura Cross,13.07502,77.36488
9027,Shanthinagara Nelamangala,13.07879,77.36703
9028,Mallarabanavadi Cross,13.0826,77.37155
9029,BP Indian School Nelamangala,13.0877,77.37529
9030,Nelamangala Cement Factory,13.09212,77.37748
9031,Tumkur Road Junction,13.09816,77.38615
9032,Nelamangala Hunasemara 1,13.09991,77.39085
9033,Anjaneya Temple Nelamangala,13.09737,77.39777
9034,TB Nelamangala,13.09718,77.40144
9035,Weavers Colony Nelamangala,13.09416,77.40559
9036,Nursery Nelamangala,13.09008,77.40945
9037,Binnamangala,13.08745,77.41256
9038,Vishwa Shanti Ashrama,13.08378,77.41777
9039,Gejjagalpalya,13.03035,77.31333
9040,Sriramapura Colony,13.0228,77.31245
9041,Motaganahalli Bishop Cotton School,13.01766,77.31186
9042,Motaganahalli High School,13.00809,77.31179
9043,Motaganahalli,13.00488,77.31189
9044,Rajanapalya,12.99012,77.3155
9045,Sevanagara Varadenahalli,12.97006,77.31387
9046,Varadenahalli,12.96099,77.31242
9047,Kodihalli Motaganahalli,13.02424,77.29779
9048,Marikuppe Cross,13.02526,77.2941
9049,Thirumalapura,13.02038,77.29365
9050,Hosapalya,13.0113,77.3032
9051,Motaganahalli High School,13.00807,77.31174
9052,Motaganahalli Bishop Cotton School,13.01761,77.31179
9053,Sriramapura Colony,13.02285,77.31241
9054,Gejjagalpalya,13.03034,77.31326
9055,Basavenahalli Colony,13.03607,77.31428
9056,Govardhan Talkies,13.01884,77.55339
9057,Orion Mall Malleshwaram,13.01072,77.55451
9058,Navarang Bar,12.99122,77.55788
9059,Harokyatanahalli,13.05427,77.44734
9060,Madavara Village,13.05296,77.47231
9061,Ravuthanahalli Cross,13.0734,77.43899
9062,Narayanappanapalya Adakimaranahalli,13.06246,77.43659
9063,Gowdahalli Colony,13.05023,77.43302
9064,Shivanapura Colony Cross,13.04343,77.4292
9065,Cross Kenganahalli,13.04045,77.42692
9066,Averahalli Cross,13.03337,77.42186
9067,Ravuthanahalli,13.02683,77.42386
9068,Shivanapura Colony Cross,13.04347,77.42915
9069,Gowdahalli Colony,13.05021,77.43297
9070,Narayanappanapalya Adakimaranahalli,13.06252,77.43656
9071,Makali,13.06555,77.45442
9072,Makali Govt High School,13.06894,77.45638
9073,Heggadadevanapura,13.07598,77.45856
9074,Patel Thota Aluru,13.08044,77.45963
9075,Aluru,13.08495,77.46551
9076,Aluru,13.0849,77.46561
9077,Patel Thota Aluru,13.08046,77.45976
9078,Heggadadevanapura,13.07596,77.4586
9079,Makali Govt High School,13.06889,77.45639
9080,Nelamangala Railway Station,13.11213,77.39275
9081,Simpadipura,13.2275,77.41276
9082,Honnavara,13.22269,77.41916
9083,Honnavara Gate,13.22494,77.4281
9084,Chikka Belavagala Gate,13.19828,77.4269
9085,Ramadevanahalli Cross,13.19458,77.42296
9086,Kannamangala Gate,13.18892,77.41919
9087,Guttepalya,13.16711,77.41155
9088,Railway Gate Gollahalli,13.15049,77.41184
9089,Arch Railway Gollahalli,13.1482,77.41192
9090,Mylanahalli Gate,13.13258,77.40361
9091,KG Srinivasapura Cross,13.12913,77.40026
9092,Mylanahalli Bare,13.1271,77.39841
9093,A G Export Garments Nelamangala,13.12048,77.39242
9094,Islampura Cross,13.11312,77.3888
9095,Basavanahalli,13.11038,77.38823
9096,Renuka Nagara,13.10567,77.38816
9097,Basavanahalli Cross,13.10223,77.38875
9098,Nelamangala Hunasemara,13.10062,77.39073
9099,Makali Cross Madhure Road,13.13415,77.40558
9100,Arch Railway Gollahalli,13.14818,77.41187
9101,Railway Gate Gollahalli,13.15046,77.4118
9102,Guttepalya,13.16721,77.41149
9103,Kannamangala Gate,13.18907,77.41917
9104,Ramadevanahalli Cross,13.19458,77.42288
9105,Chikka Belavagala Gate,13.19833,77.42683
9106,Vinayaka Nagara Cross,13.06754,77.4224
9107,Karekal Cross,13.06913,77.36134
9108,Navarang Theatre,12.99839,77.55292
9109,Subramanyanagara Police Station,13.0034,77.55341
9110,Vivekananda College,13.00804,77.55431
9111,Govt Soap Factory,13.01352,77.55385
9112,Gangadaranapalya,13.12071,77.37612
9113,Lohithanagara (Nelamangala),13.10713,77.38233
9114,Ganapathi Layout (JK Store),13.04884,77.45306
9115,Ganapathi Layout 1st Stage(LDVG),13.04795,77.45596
9116,Rashi Gateway,13.11118,77.36989
9117,Rashi Gateway Cross,13.11034,77.37765
9118,Solur Hassan Road,13.07326,77.24483
9119,Solur Railway Station,13.06514,77.25698
9120,Gudemaranahalli Hand Post,13.06399,77.26847
9121,Beerawara,13.06362,77.27445
9122,Sahukarapalya,13.06533,77.28899
9123,Lakkenahalli Cross,13.062,77.29674
9124,Ganapathi Layout 1st Stage(LDVG),13.04789,77.45606
9125,Ganapathi Layout(JK Store),13.0488,77.45279
9126,GG Palya Toll,13.03105,77.53588
9127,Yeshawanthapura Tollgate,13.01793,77.56092
9128,Ayyappa Temple Yashawanthapura,13.02159,77.56316
9129,Diwanarapalya,13.02674,77.5618
9130,MS Ramaiah College,13.02864,77.5616
9131,Mathikere,13.03455,77.55741
9132,Gokula,13.04152,77.55725
9133,Navarang Bar,12.99127,77.55766
9134,Dabaspete,13.22778,77.2418
9135,MV Solar Dabasapete Industrial Area,13.22459,77.25859
9136,Yadehalli Dabaspete,13.21378,77.25618
9137,Kengal Kempohalli,13.20898,77.26092
9138,Hosahalli Gate (Rathnam Hotel),13.20446,77.2654
9139,Billinakote,13.19793,77.27183
9140,Gundenahalli,13.19058,77.27939
9141,Kere Kattiganuru,13.18789,77.2821
9142,Indiranagar Grama,13.18534,77.28468
9143,Mahimapura Temple,13.17861,77.29379
9144,Kuluvanahalli Tumakur Road,13.17583,77.29908
9145,Dodderi Tumkur Road,13.16986,77.30933
9146,Thippagondanahalli Tumkur Road,13.1602,77.32295
9147,Thalaker Cross,13.15853,77.32531
9148,T Begur,13.15005,77.33952
9149,Pepsi Factory,13.14395,77.34502
9150,Thonachinakuppe,13.14218,77.34763
9151,Bhuvaneshwari Petrol Bunk,13.1392,77.35126
9152,Budihal Gate,13.13119,77.35895
9153,Bommanahalli,13.12141,77.3683
9154,KBD Factory,13.11733,77.3722
9155,Nelamangala Jass Toll,13.11541,77.37417
9156,Sompura Tumakur Road,13.21814,77.25163
9157,Mylanahalli,13.13362,77.39903
9158,Mallapura,13.07449,77.39966
9159,Karekalpalya,13.06995,77.40217
9160,Karekalpalya Cross,13.06651,77.40351
9161,Papaiahnapalya,13.06567,77.40414
9162,Kenganahalli,13.05159,77.41171
9163,Averahalli Cross,13.04392,77.41493
9164,Shivanapura Cross 1,13.04142,77.42223
9165,Shivanapura Colony 1,13.04501,77.4227
9166,Ganigarapalya Cross Yantaganahalli,13.06567,77.35991
9167,Goravanahalli Cross,13.05626,77.35794
9168,Vasantha Nagara,13.05359,77.36033
9169,Guruvanahalli,13.0501,77.36184
9170,Bommashettyhalli,13.1308,77.41895
9171,Varadanayakanahalli,13.17031,77.35547
9172,Baradi,13.17627,77.36671
9173,Mandigere,13.16464,77.36964
9174,Kachanahalli Mandigere,13.15404,77.36677
9175,Budihal,13.13494,77.36227
9176,Srinivasapura Nelamangala,13.08512,77.34075
9177,Srinivasapura Colony,13.08125,77.35051
9178,Arogya Dhama,13.07838,77.35297
9179,Srinivasapura Cross,13.07511,77.36469
9180,Tumkur Road Junction,13.09812,77.38544
9181,Nelamangala Jass Toll,13.11379,77.37524
9182,KBD Factory,13.11709,77.37213
9183,Bommanahalli,13.1213,77.36814
9184,Budihal Gate,13.13108,77.35881
9185,Bhuvaneshwari Petrol Bunk,13.13876,77.35144
9186,Thonachinakuppe,13.14163,77.34737
9187,Pepsi Factory,13.14333,77.34524
9188,T Begur,13.14859,77.33898
9189,Thyamagondlu Cross,13.15183,77.33767
9190,Byranahalli Cross,13.15384,77.33819
9191,Ambika School,13.15775,77.33712
9192,Hosuru,13.16053,77.33475
9193,Jakkanahalli Cross,13.16542,77.33446
9194,Minnapura,13.16786,77.33225
9195,Kirloskar Factory,13.17779,77.32273
9196,Alanayakanahalli Gate,13.18089,77.32413
9197,Arivesandra,13.18504,77.32512
9198,Kalalughatta,13.19556,77.32103
9199,Gundenahalli Cross,13.20653,77.31593
9200,HG Palya,13.20807,77.31523
9201,Subramanyanagara Thyamagondlu,13.2118,77.31251
9202,Kerekodi Thyamagondlu,13.21462,77.30951
9203,Thyamagondlu,13.21562,77.30219
9204,Thyamagondlu,13.21567,77.30226
9205,Kerekodi Thyamagondlu,13.21465,77.30956
9206,Subramanyanagara Thyamagondlu,13.21181,77.31258
9207,HG Palya,13.20808,77.31528
9208,Gundenahalli Cross,13.20657,77.31597
9209,Kalalughatta,13.19558,77.32108
9210,Arivesandra,13.18506,77.32518
9211,Alanayakanahalli Gate,13.18069,77.32407
9212,Kirloskar Factory,13.17776,77.32278
9213,Minnapura,13.16787,77.33232
9214,Jakkanahalli Cross,13.16542,77.33451
9215,Hosuru,13.16047,77.33484
9216,Ambika School,13.15775,77.33719
9217,Byranahalli Cross,13.15387,77.33824
9218,Thyamagondlu Cross,13.15178,77.33772
9219,Thalaker Cross,13.15833,77.32524
9220,Thippagondanahalli Tumkur Road,13.16007,77.3227
9221,Dodderi Tumkur Road,13.16968,77.30925
9222,Kuluvanahalli Tumakur Road,13.17569,77.29907
9223,Mahimapura Temple,13.17844,77.29368
9224,Indiranagar Grama,13.18512,77.28449
9225,Kere Kattiganuru,13.18771,77.28202
9226,Machenahalli Dabaspete,13.18015,77.25553
9227,Jakkanahalli,13.17996,77.34581
9228,KR Palya,13.17406,77.34138
9229,Kodagi Bommanahalli,13.13038,77.27211
9230,Arebommanahalli T Begur,13.14266,77.28491
9231,Lakkasandra Cross T Beguru,13.14984,77.2905
9232,Kodipalya Cross T Begur,13.1624,77.29835
9233,Bharath Petrol Bunk Thyamagondlu,13.21928,77.29097
9234,Asian Paints Dabaspet,13.23008,77.27239
9235,Sompura Tumakur Road,13.21807,77.25141
9236,Dabaspete,13.2277,77.24144
9237,Islampura,13.1211,77.38582
9238,Kanegowdanahalli,13.12951,77.38466
9239,Islampura,13.12131,77.38582
9240,Honnasandra,13.04099,77.33821
9241,Gandhi Grama,13.04717,77.3392
9242,Honnasandra Cross,13.06082,77.34028
9243,Ramadevanahalli,13.19099,77.43302
9244,Bylanjaneya Swamy Temple Gollahalli,13.1501,77.40957
9245,Byrashettyhalli,13.15656,77.40332
9246,Bolamaranahalli,13.15935,77.39782
9247,Bettahallipalya,13.16168,77.39285
9248,Bettahalli,13.16372,77.38641
9249,Bettahalli Colony,13.1621,77.38436
9250,Vajrakattepalya,13.15792,77.38126
9251,Vajrakattepalya,13.15804,77.38128
9252,Bettahalli Colony,13.16215,77.38433
9253,Bettahalli,13.16378,77.38642
9254,Bettahallipalya,13.16176,77.39286
9255,Bolamaranahalli,13.15942,77.39788
9256,Byrashettyhalli,13.15659,77.40339
9257,Bylanjaneya Swamy Temple Gollahalli,13.15011,77.40965
9258,Thyagadahalli,13.16463,77.39429
9259,Udichikkanahalli,13.17432,77.3948
9260,Chikkanahalli Bande,13.17931,77.39034
9261,Chikkanahalli School,13.18269,77.3865
9262,Chikkanahalli,13.18367,77.38426
9263,Jai Maruthi Nagara,13.18643,77.3813
9264,Byranayakanahalli Railway Station,13.19402,77.38186
9265,Railway Bridge Byranayakanahalli,13.19662,77.38051
9266,Byranayakanahalli,13.19911,77.37649
9267,Hasiruvallipalya,13.19243,77.37139
9268,Hasiruvalli,13.19175,77.36568
9269,Hasiruvalli Cross,13.19295,77.35785
9270,Guddegowdana Channohalli,13.19454,77.3512
9271,Chenuvalli,13.19911,77.34711
9272,Isuvanahalli,13.20213,77.33788
9273,Thigularapalya (Isuvanahalli),13.20862,77.34045
9274,Byranayakanahalli,13.19938,77.37682
9275,Railway Bridge Byranayakanahalli,13.19663,77.38058
9276,Byranayakanahalli Railway Station,13.19406,77.38192
9277,Jai Maruthi Nagara,13.18638,77.38134
9278,Chikkanahalli (Railway Gollahalli),13.18371,77.38434
9279,Chikkanahalli School,13.18267,77.3866
9280,Chikkanahalli Bande,13.17933,77.39042
9281,Udichikkanahalli,13.17433,77.39485
9282,Thyagadahalli,13.1645,77.3943
9283,Kasaghatta,13.2685,77.38911
9284,Ainahalli,13.25852,77.38764
9285,Ambalagere,13.24327,77.38658
9286,Purushanahalli,13.23747,77.3925
9287,Halenahalli Purushanahalli,13.22323,77.39621
9288,Kannamangala Madhure,13.19654,77.41043
9289,Kannamangala Madhure,13.19653,77.41037
9290,Nagenahalli,13.19155,77.39895
9291,Kenjiganahalli,13.17731,77.39991
9292,Bombay Estate Guruvanahalli,13.05285,77.35568
9293,Form House Gorinabele,13.04568,77.35321
9294,Gorinabele Cross,13.04427,77.35263
9295,Chikka Tanda Manchenahalli Cross,13.03781,77.35004
9296,Dharma Nayakana Tandya,13.03018,77.34885
9297,Hunaseghattapalya,13.02603,77.34856
9298,Avalakuppe Cross,13.02384,77.34843
9299,Sondekoppa Cross,13.01946,77.35086
9300,Rampura,13.0174,77.35093
9301,Soladevanahalli,13.00808,77.3509
9302,Leelavathi Estate,13.00087,77.34992
9303,Rangappanapalya Gate,12.99279,77.34948
9304,Handigutte,12.98698,77.34792
9305,Guravanahalli,12.97957,77.34428
9306,Kempalinganahalli Cross,13.09551,77.38104
9307,Kempalinganahalli,13.09457,77.37504
9308,Gas Factory Kempalinganahalli,13.09242,77.36416
9309,Yalachagere Cross,13.09266,77.35927
9310,Hanumanthegowdanapalya,13.09337,77.34393
9311,Thorepalya,13.09478,77.33834
9312,Thore Hosapalya Cross,13.09588,77.32572
9313,Chikkamaranahalli Colony,13.09665,77.32266
9314,Chikkamaranahalli,13.09053,77.32314
9315,Yelachagere,13.10383,77.34842
9316,Yalachagere Temple,13.10178,77.35828
9317,Yalachagere Colony,13.09647,77.35798
9318,Yalachagere Cross,13.0927,77.35932
9319,Gas Factory Kempalinganahalli,13.09248,77.3641
9320,Kempalinganahalli,13.09462,77.37497
9321,Kempalinganahalli Cross,13.09556,77.38107
9322,Chikka Puttaiahnapalya,13.09713,77.3191
9323,Kambadakallu,13.09982,77.31117
9324,Kuppemala,13.10568,77.2997
9325,Bittasandra Colony,13.10583,77.29431
9326,Bittasandra,13.1075,77.2867
9327,Narasapura Gate,13.11237,77.27337
9328,Kodi Basavanna Temple Banawadi,13.11281,77.26091
9329,Bande Mutt Kunchugal,13.10656,77.25913
9330,Kankenahalli,13.09924,77.26948
9331,Yennigere,13.09561,77.30072
9332,Banawadi,13.11756,77.25544
9333,Mudalapalya (Banavadi),13.13344,77.247
9334,Udakunte,13.13218,77.23564
9335,Jodi Ragi Thimmasandra,13.20463,77.42101
9336,Puttenahalli,13.20894,77.42657
9337,Jodi Ragi Thimmasandra,13.20457,77.42096
9338,Hanchipura,13.06731,77.37219
9339,Malleshwara Bus Stand,13.00872,77.56909
9340,Kammasandra,13.03453,77.43939
9341,8th Mile Dasarahalli,13.04544,77.50547
9342,Rukmini Nagara,13.041,77.50488
9343,Nagasandra Cross,13.03849,77.50451
9344,HMT Layout 8th Mile,13.03364,77.50412
9345,Nelagadarenahalli,13.03152,77.50359
9346,Gruhalakshmi Layout,13.0299,77.50036
9347,Ganga International School,13.02827,77.49633
9348,Indiranagara,13.02768,77.4938
9349,Siddartha International School,13.02848,77.48843
9350,Thippennahalli Cross,13.02936,77.48361
9351,Shanthinagara,13.02626,77.47343
9352,Ganesha Circle Vaddarahalli,13.02569,77.45495
9353,Kamadhenu Kshetra,13.02534,77.44981
9354,Kammasandra Palya,13.02985,77.43902
9355,Nagasandra,13.03941,77.50001
9356,Rock Line Studio,13.04055,77.49628
9357,Venugopala Nagara,13.03975,77.49408
9358,Bhuvaneshwari Nagara,13.03713,77.49131
9359,Thippennahalli,13.0367,77.48707
9360,Jeevan Circle,13.04814,77.46001
9361,Channa Nayakanapalya,13.04428,77.48518
9362,Maramma Temple Hegganahalli,12.99462,77.5043
9363,Aralimara Sunkadakatte,12.99209,77.50467
9364,Therelek Engineers PVT LTD Peenya,13.02386,77.51844
9365,Out Door Clothing Company,13.02301,77.51709
9366,Abbigere,13.07696,77.52587
9367,Lakshmipura,13.08776,77.53104
9368,Lakshmipura Cross,13.09209,77.534
9369,Kanshiram Nagara,13.09064,77.53892
9370,Best County,13.08935,77.5447
9371,Sambhram College,13.0883,77.54669
9372,Yeshawanthapura Circle,13.0186,77.55827
9373,BEL Circle,13.04639,77.55583
9374,BEL Market,13.05189,77.55192
9375,HMT Club House,13.05343,77.55072
9376,MS Palya,13.08181,77.5482
9377,Sambhram College,13.08827,77.54666
9378,Best County,13.08932,77.54467
9379,Kanshiram Nagara,13.09061,77.5389
9380,Lakshmipura Cross,13.09209,77.53397
9381,Medi Agrahara Cross,13.1013,77.53063
9382,Choudappa Layout,13.10978,77.52807
9383,Dodda Byalakere,13.11267,77.52494
9384,Chikka Byalakere,13.11963,77.52156
9385,Kurubarahalli Cross,13.12672,77.51956
9386,Shivakote,13.13393,77.51471
9387,Annapurneshwari Badavane,13.13879,77.50799
9388,Shivakote Cross,13.13555,77.51331
9389,Kurubarahalli Cross,13.12676,77.51959
9390,Chikka Byalakere,13.11965,77.52161
9391,Dodda Byalakere,13.11275,77.52495
9392,Choudappa Layout,13.10983,77.5281
9393,Medi Agrahara Cross,13.1013,77.53071
9394,Gangamma Circle,13.05776,77.54635
9395,BEL Circle,13.0452,77.55669
9396,Mathikere,13.03467,77.55748
9397,MS Ramaiah College,13.02871,77.56159
9398,Diwanarapalya,13.02679,77.56182
9399,Ayyappa Temple Yashawanthapura,13.02167,77.56321
9400,Yeshawanthapura Tollgate,13.01797,77.56097
9401,Shivakote,13.13333,77.51478
9402,Kalenahalli,13.14705,77.51209
9403,Mavallipura,13.12768,77.52896
9404,Design Global Mavallipura,13.1313,77.53093
9405,Nammura Sarkari School,13.13415,77.53404
9406,Mylappanahalli,13.13653,77.53506
9407,Kakolu,13.18429,77.51852
9408,Seethakempanahalli,13.17132,77.51868
9409,Seethakempanahalli Cross,13.16883,77.52107
9410,Koluvarayanahalli,13.16501,77.52179
9411,Linganahalli,13.15623,77.523
9412,Kalenahalli Gate,13.14581,77.51726
9413,Shivakote,13.13403,77.51476
9414,Kurubarahalli Cross,13.1267,77.51961
9415,State Bank of India,13.05051,77.55309
9416,KG Halli Post Office,13.05691,77.53269
9417,S R S Mathikere,13.06144,77.53109
9418,Kammagondanahalli Rama Temple,13.06372,77.53064
9419,WIMAC Junction,13.06872,77.52996
9420,Abbigere Cross,13.07068,77.52974
9421,Abbigere,13.07692,77.52589
9422,RMG Factory,13.07605,77.51708
9423,Gangadhara Kalyana Mantapa,13.07995,77.51115
9424,Dasappanapalya,13.07933,77.50587
9425,Madhugirihalli,13.12789,77.50725
9426,Kuvempunagara,13.0696,77.54138
9427,2nd stage Kuvempunagara,13.07313,77.54132
9428,Singapura LT,13.07501,77.53983
9429,Singapura,13.07975,77.53823
9430,Vinayaka Nagara,13.0827,77.54308
9431,Guni Agrahara,13.09354,77.52789
9432,Guni Agrahara,13.09357,77.52788
9433,MS Palya,13.08178,77.54809
9434,Vinayaka Nagara,13.08258,77.5433
9435,Singapura,13.07965,77.53834
9436,Singapura LT,13.07498,77.53999
9437,2nd stage Kuvempunagara,13.07306,77.54142
9438,Kuvempunagara,13.0695,77.54144
9439,Mathikere,13.03533,77.55755
9440,Muthugadahalli,13.14071,77.52596
9441,Muthugadahalli Hostel,13.14906,77.53432
9442,Muthugadahalli Hostel,13.14901,77.53435
9443,Muthugadahalli,13.14063,77.52595
9444,Madappanahalli,13.15405,77.54059
9445,Mylappanahalli,13.13653,77.53511
9446,Nammura Sarkari School,13.13415,77.5341
9447,Design Global Mavallipura,13.13126,77.53097
9448,Mavallipura,13.12759,77.52907
9449,Mylappanahalli,13.13694,77.53489
9450,Kondashettyhalli,13.1264,77.514
9451,Amba Bhavani Nagara,13.09721,77.54594
9452,Shamarajapura,13.10432,77.54657
9453,Lingarajapura,13.12689,77.53385
9454,Amritha Ayurvedic Hospital,13.12485,77.54721
9455,Shamarajapura,13.10419,77.54663
9456,Amba Bhavani Nagara,13.09712,77.54599
9457,Lakshmipura Cross,13.09212,77.5334
9458,Lakshmipura,13.08778,77.53108
9459,Vaderahalli,13.09609,77.53747
9460,Rainbow Layout,13.10122,77.5393
9461,JK Basavanna Nagara,13.1028,77.53692
9462,Vaderahalli,13.09607,77.53749
9463,Hesaraghatta TB Cross,13.13056,77.48438
9464,Shamarajapura Cross,13.10625,77.54676
9465,Veerasagara,13.10485,77.55407
9466,Dodda Bettahalli,13.0943,77.55426
9467,Chikka Bettahalli,13.08945,77.55629
9468,Jalli Machine,13.08595,77.55535
9469,Depot-45 Gate,13.0829,77.55072
9470,Jalahalli East 7th Camp,13.07354,77.5465
9471,Gokula,13.04151,77.55722
9472,Jalahalli East 7th Camp,13.07354,77.54636
9473,Shamarajapura Cross,13.1062,77.54673
9474,Ramachandrapura Tent,13.05781,77.5514
9475,Ramachandrapura,13.06208,77.55111
9476,Bloom Field Garden,13.06557,77.55318
9477,1st Block Vidyaranyapura,13.07023,77.55539
9478,3rd Block Vidyaranyapura,13.07223,77.55637
9479,Lakshmi Venkateshwara Temple,13.07441,77.55741
9480,Vidyaranyapura Post Office,13.07658,77.55831
9481,Echalamara Vidyaranyapura,13.08008,77.55932
9482,Durga Parameshwari Temple,13.08182,77.55975
9483,Vidyaranyapura Bus Station,13.08374,77.5607
9484,Durga Parameshwari Temple,13.08182,77.55979
9485,Echalamara Vidyaranyapura,13.08,77.55935
9486,Vidyaranyapura Post Office,13.07659,77.55835
9487,Lakshmi Venkateshwara Temple,13.0744,77.55743
9488,3rd Block Vidyaranyapura,13.07237,77.55647
9489,Canara Bank Vidyaranyapura,13.07176,77.55618
9490,1st Block Vidyaranyapura,13.07021,77.5555
9491,Patel Pillegowda Layout,13.06546,77.55275
9492,Ramachandrapura,13.06208,77.55115
9493,Ramachandrapura Tent,13.05786,77.55144
9494,Ramachandrapura Cross,13.05368,77.5509
9495,Patel Pillegowda Layout,13.06546,77.55267
9496,Canara Bank Vidyaranyapura,13.07171,77.55609
9497,Vidyaranyapura,13.08393,77.56029
9498,Abbigere Dinne,13.07106,77.52803
9499,Abbigere Cross,13.07069,77.52976
9500,WIMAC Junction,13.06876,77.52998
9501,Kammagondanahalli Rama Temple,13.06377,77.53068
9502,S R S Mathikere,13.06145,77.53112
9503,KG Halli Post Office,13.05693,77.53272
9504,Abbigere Dinne,13.07099,77.52801
9505,RMG Factory,13.07601,77.51712
9506,Muthyala Nagara Cross,13.03799,77.55348
9507,Chowdeshwarinagara JP Park,13.03284,77.55432
9508,Muthyalanagara,13.04362,77.55315
9509,Chowdeshwarinagara JP Park,13.03281,77.55446
9510,Muthyala Nagara Cross,13.03788,77.55333
9511,Abbigere Gate,13.07243,77.52355
9512,Ayyappa School Kereguddadahalli,13.07468,77.517
9513,Abbigere Gate,13.07248,77.52353
9514,Kempegowda Garden,13.07728,77.52161
9515,Janapriya Greenwood Apartment,13.08511,77.51335
9516,Medi Agrahara,13.0984,77.52523
9517,Medi Agrahara Cross,13.1014,77.53046
9518,Raghavendra Dhama,13.11463,77.51473
9519,Paakegowdanapalya,13.11443,77.51063
9520,Peenya Satellite Bus Station,13.04409,77.52554
9521,Kammagondanahalli Bridge,13.05454,77.53269
9522,HMT Watch Factory,13.05046,77.53521
9523,Shopping Complex HMT,13.04962,77.53739
9524,HMT Post Office,13.05066,77.54157
9525,HMT Auditorium,13.04918,77.54503
9526,Jalahalli Police Station,13.04889,77.55009
9527,Jalahalli Police Station,13.04889,77.5495
9528,HMT Auditorium,13.04921,77.54396
9529,HMT Post Office,13.05049,77.54109
9530,Shopping Complex HMT,13.04964,77.53772
9531,HMT Watch Factory,13.05037,77.53523
9532,Kammagondanahalli Bridge,13.05454,77.53265
9533,AIR FORCE Quarters,13.05895,77.52139
9534,Shettyhalli,13.0649,77.51718
9535,Medarahalli Railway Gate,13.06727,77.51585
9536,Sharadamba Nagara,13.04588,77.5413
9537,ISRO Quarters Jalahalli,13.04509,77.53484
9538,Sharadamba Nagara,13.04588,77.54125
9539,Kuvempu Circle,13.04337,77.56138
9540,Devasandra Chikkamaranahalli,13.03638,77.56656
9541,ITI Layout,13.03394,77.56869
9542,MS Ramaiah Hospital,13.02771,77.57162
9543,CPRI Quarters,13.02217,77.57224
9544,Sadashivanagara Police Station,13.01587,77.57277
9545,Sadashivanagara Police Station,13.01553,77.57269
9546,CPRI Quarters,13.02241,77.5722
9547,MS Ramaiah Hospital,13.02814,77.57127
9548,ITI Layout,13.03391,77.5686
9549,Devasandra Chikkamaranahalli,13.03636,77.5664
9550,Kuvempu Circle 1,13.04319,77.56131
9551,BEL Hospital,13.05064,77.55745
9552,Nagaland Circle,13.05567,77.55714
9553,Dodda Bommasandra Arch,13.05835,77.5591
9554,Dodda Bommasandra,13.06065,77.55889
9555,Chamundeshwari Layout,13.06456,77.55949
9556,Nanjappa Circle,13.06841,77.56022
9557,Jalli Machine,13.08601,77.55562
9558,Puttenahalli,13.11016,77.58024
9559,Wheel And Axle Plant,13.10603,77.58227
9560,Escorts,13.10278,77.58564
9561,NES Office,13.09784,77.59167
9562,Sheshadripuram College,13.09951,77.58834
9563,Sharavathi Hotel,13.09798,77.58442
9564,Chikka Bommasandra Cross,13.09353,77.58251
9565,Yalahanka Satellite Town,13.0958,77.57921
9566,Mother Dairy Cross Yalahanka,13.09933,77.57719
9567,Atturu Layout,13.09778,77.56763
9568,Thirumala Dhaba,13.09763,77.56324
9569,Bettahalli Layout,13.09238,77.55958
9570,Jalli Machine,13.08605,77.55562
9571,Vidyaranyapura,13.08372,77.56028
9572,Nanjappa Circle,13.06815,77.56041
9573,Chamundeshwari Layout,13.06488,77.55966
9574,Dodda Bommasandra,13.06022,77.55886
9575,Dodda Bommasandra Arch,13.05884,77.55928
9576,Nagaland Circle,13.0557,77.5572
9577,BEL Hospital,13.04987,77.55755
9578,Chikka Bettahalli,13.08949,77.55624
9579,Bettahalli Layout,13.0924,77.55947
9580,Thirumala Dhaba,13.09774,77.56323
9581,Atturu Layout,13.09793,77.56753
9582,Mother Dairy Cross Yalahanka,13.09955,77.5771
9583,Yalahanka Satellite Town,13.09596,77.5791
9584,Chikka Bommasandra Cross,13.09354,77.58248
9585,Sharavathi Hotel,13.09789,77.58435
9586,Sheshadripuram College,13.09943,77.58817
9587,NES Office,13.09766,77.59166
9588,Escorts,13.10263,77.58569
9589,Wheel And Axle Plant,13.10572,77.58241
9590,Puttenahalli,13.10995,77.58022
9591,Lakeshore Garden,13.06987,77.56477
9592,Thindlu,13.0735,77.5667
9593,Tennis Court Thindlu,13.06835,77.56952
9594,Virupakshapura,13.06383,77.57179
9595,Nanjappa Circle,13.06843,77.56034
9596,Lottegollahalli,13.04961,77.56752
9597,Devinagara Cross,13.04692,77.5692
9598,Yelahanka Old Town,13.10091,77.59436
9599,Yelahanka Santhe Circle,13.09852,77.59698
9600,5th Phase Yelahanka New Town,13.10575,77.57251
9601,Mother Dairy Yalahanka,13.09877,77.57479
9602,Mother Dairy Yalahanka,13.09884,77.5741
9603,Yelahanka Santhe Circle,13.0992,77.59712
9604,Yelahanka Old Town,13.10063,77.59453
9605,Yelahanka Santhe Circle,13.09919,77.59731
9606,Kogilu Cross,13.10386,77.60028
9607,Kendriya Vihara,13.10653,77.60161
9608,Venkatala,13.11139,77.60456
9609,Palanahalli Gate,13.11708,77.60807
9610,Bagalur Cross,13.12184,77.61128
9611,Dwaraka Nagara,13.12136,77.61808
9612,Kattigenahalli Cross,13.12185,77.62558
9613,Reva College Gate,13.12207,77.63066
9614,Reva College,13.11538,77.63423
9615,Bellahalli Cross THS Main Road,13.10113,77.6351
9616,Purvankara Northern Destiny Bellahalli,13.09606,77.63604
9617,Thirumenahalli Cross (KNS College),13.08871,77.6355
9618,Chokkanahalli Gate,13.08466,77.63487
9619,Noor Nagara,13.08003,77.63413
9620,Koli Farm,13.07404,77.63376
9621,RK Hegde Nagara,13.07161,77.63376
9622,K Narayanapura Cross,13.06833,77.63375
9623,Book Factory Thanisandra,13.06159,77.63336
9624,Thanisandra,13.05612,77.6329
9625,Ashwath Nagara,13.05289,77.63144
9626,Sarayipalya,13.04745,77.62868
9627,Vidyasagara,13.04559,77.62758
9628,Nagavara Junction Petrol Bunk,13.04189,77.62498
9629,Nagawara Junction,13.04042,77.62445
9630,Manyatha Tech Park,13.04109,77.61995
9631,Veerannapalya,13.04217,77.61352
9632,Kempapura,13.0436,77.60121
9633,Hebbala Bridge,13.04274,77.58967
9634,Bhadrappa Layout,13.0472,77.57339
9635,Gundappa Road,13.04252,77.57321
9636,Bhoopasandra Ayyappa Bakery,13.04265,77.57706
9637,Bhoopasandra,13.04244,77.58086
9638,Hebbala,13.04127,77.58942
9639,Bhoopasandra Ayyappa Bakery,13.04263,77.57715
9640,Nagashettyhalli,13.04175,77.57273
9641,RMS Sanjayanagara,13.0378,77.57425
9642,Sanjayanagara,13.03421,77.57565
9643,Geddalahalli,13.03082,77.57751
9644,Ashwathnagara,13.02679,77.57984
9645,KPCC Office,12.98287,77.57642
9646,Shivananda Store,12.98735,77.58022
9647,Gangenahalli,13.02309,77.5841
9648,Ashwathnagara,13.02691,77.57973
9649,Geddalahalli,13.03077,77.57751
9650,Sanjayanagara,13.03404,77.57571
9651,RMS Sanjayanagara,13.03772,77.57426
9652,Nagashettyhalli,13.04168,77.57268
9653,RMV 2nd Stage,13.04247,77.58006
9654,Bhoopasandra,13.04247,77.5808
9655,RMV 2nd Stage,13.04245,77.5801
9656,MEKHRI CIRCLE,13.01649,77.58388
9657,Gundappa Road,13.04252,77.57325
9658,Gangenahalli,13.02337,77.58405
9659,Whispering Meadows Patelappa Layout,13.04657,77.57142
9660,Patelappa Layout,13.04629,77.57266
9661,Mekhri Circle,13.0135,77.58411
9662,Shivananda Store,12.98755,77.58039
9663,Ananda Rao Circle,12.98117,77.57694
9664,80ft Road MS Ramaiah College,13.02752,77.57571
9665,CBI,13.02613,77.58514
9666,Veterinary Hospital,13.03257,77.58769
9667,Canara Bank Hebbala,13.03581,77.58886
9668,Hebbala,13.03847,77.5892
9669,Military Dairy Farm (Esteem Mall),13.04974,77.59271
9670,Kodigehalli Gate,13.05711,77.59323
9671,Byatarayanapura,13.06646,77.59299
9672,GKVK GATE,13.07254,77.59245
9673,Jakkur Aerodrum,13.07701,77.59258
9674,Allalasandra Gate,13.08448,77.59386
9675,Raitarasanthe Yalahanka,13.09807,77.59866
9676,Kogilu Cross,13.10368,77.60099
9677,Maruthi Nagara,13.10445,77.6064
9678,Sapthagiri Layout,13.10458,77.61045
9679,Kogilu,13.10368,77.61576
9680,Srinivasapura Kogilu,13.10349,77.62349
9681,Ittige Factory,13.10256,77.62896
9682,Bellahalli Cross,13.10207,77.63351
9683,Bellahalli,13.09923,77.64223
9684,Christal House Learning School,13.09439,77.65173
9685,Agrahara Layout,13.09837,77.62683
9686,Srinivasapura Kogilu,13.10335,77.62358
9687,Kogilu,13.10363,77.61592
9688,Sapthagiri Layout,13.1045,77.6106
9689,Maruthi Nagara,13.10437,77.60657
9690,Kogilu Cross,13.10358,77.60107
9691,Raitarasanthe Yalahanka,13.09749,77.59892
9692,Allalasandra Gate,13.08737,77.59557
9693,Jakkur Aerodrum,13.07701,77.59301
9694,GKVK GATE,13.07276,77.59292
9695,Byatarayanapura,13.06693,77.59337
9696,Kodigehalli Gate,13.05734,77.59362
9697,Military Dairy Farm (Esteem Mall),13.04974,77.59287
9698,Hebbala Bridge,13.04294,77.59145
9699,Hebbala,13.03917,77.58951
9700,Canara Bank Hebbala,13.0357,77.58909
9701,Veterinary Hospital,13.03018,77.58697
9702,Yalahanka Police Station,13.09478,77.59442
9703,Allalasandra Gate,13.08686,77.59386
9704,Kannuru,13.09279,77.65472
9705,Christal House Learning School,13.0943,77.65168
9706,Bellahalli,13.09913,77.64209
9707,Nagavara,13.03825,77.62352
9708,Glass Factory,13.03429,77.62277
9709,Govindapura Cross,13.03249,77.62209
9710,Arebic College,13.03049,77.62121
9711,Kadugondanahalli Railway Gate,13.02599,77.62003
9712,Kadugondanahalli Police Station,13.02128,77.61912
9713,Venkateshapura,13.0155,77.61762
9714,Postal and Telecom Colony,13.01201,77.61614
9715,Muslim Colony,13.01085,77.61541
9716,Periyar Nagara Circle,13.00853,77.61328
9717,Canara Bank Tannery Road,13.00625,77.61245
9718,Doddy,13.00266,77.61215
9719,Kannuru,13.09321,77.65432
9720,Chikka Gubbi Cross,13.08442,77.65434
9721,Nagenahalli,13.08138,77.6534
9722,Byrathi Bande,13.07788,77.65345
9723,Poornaprajna School,13.07538,77.65166
9724,Bible  College Byrathi,13.07144,77.65155
9725,Gubbi Cross,13.06462,77.6519
9726,Kothanuru,13.06182,77.64893
9727,MR Nursing College,13.05824,77.64875
9728,Byrathi Cross,13.05708,77.64845
9729,Kyalasanahalli,13.05647,77.6602
9730,Bileshivale,13.05453,77.67094
9731,Rampura Cross,13.05205,77.68108
9732,Rampura,13.05163,77.69114
9733,Aduru,13.05552,77.70576
9734,Bidarahalli,13.06539,77.71696
9735,Bidarahalli School,13.05997,77.71626
9736,Bidarahalli Cross,13.05692,77.71517
9737,East Point College,13.05014,77.71999
9738,Hirandahalli,13.04585,77.72256
9739,Srirama Layout Avalahalli Road,13.03975,77.72935
9740,Avalahalli Hosakote,13.03605,77.7358
9741,Cheemasandra Gate,13.03903,77.74008
9742,Bandapura Gate,13.04228,77.74459
9743,Budigere Cross,13.04651,77.75054
9744,Sapthagiri Convention Hall,13.0509,77.75676
9745,Katamanallur Gate,13.05373,77.76177
9746,Hosakote Kodi,13.0565,77.76741
9747,Hosakote Toll,13.05963,77.77057
9748,Hosakote High School,13.07048,77.78364
9749,Hosakote BEO office,13.07339,77.78294
9750,Hosakote Flower Market,13.07531,77.78637
9751,Oasis School,13.0894,77.66676
9752,Bellahalli Cross,13.10196,77.63362
9753,Ittige Factory,13.10247,77.62907
9754,Hosakote High School,13.07012,77.78375
9755,Katamanallur Gate,13.05318,77.76161
9756,Sapthagiri Convention Hall,13.05027,77.75648
9757,Budigere Cross,13.04603,77.75054
9758,Bandapura Gate,13.04174,77.74453
9759,Cheemasandra Gate,13.03878,77.74042
9760,Avalahalli Hosakote,13.0355,77.73575
9761,Srirama Layout Avalahalli Road,13.0397,77.72935
9762,Hirandahalli,13.04568,77.72281
9763,East Point College,13.05001,77.72002
9764,Bidarahalli Cross,13.057,77.71509
9765,Bidarahalli School,13.06024,77.71619
9766,Bidarahalli Cross,13.05689,77.71506
9767,Aduru,13.05542,77.70589
9768,Rampura,13.05161,77.69119
9769,Rampura Cross,13.05199,77.68104
9770,Bileshivale,13.05449,77.67093
9771,Kyalasanahalli,13.05644,77.66027
9772,Byrathi Cross,13.05702,77.64822
9773,MR Nursing College,13.05833,77.64863
9774,Kothanuru,13.06181,77.64891
9775,Gubbi Cross,13.06454,77.65167
9776,Bible  College Byrathi,13.07137,77.65145
9777,Poornaprajna School,13.0753,77.6515
9778,Byrathi Bande,13.078,77.65342
9779,Nagenahalli,13.08136,77.65329
9780,Chikka Gubbi Cross,13.08425,77.65417
9781,Sheshadripuram College,13.10022,77.58866
9782,Mittaganahalli Cross,13.11173,77.64381
9783,Mittaganahalli 1,13.10951,77.64363
9784,Bellahalli Cross,13.10144,77.63606
9785,Kannuru Junction,13.09264,77.65484
9786,Oasis School,13.08934,77.66634
9787,Yarappana Bande,13.09434,77.68535
9788,D Group Employees Layout,13.09127,77.69089
9789,Yarappanahalli,13.08523,77.68714
9790,Hebbala Bridge,13.0432,77.5903
9791,Bagalur Cross,13.12198,77.61061
9792,Indian Air Force,13.13103,77.61503
9793,Bharathi Nagara,13.1374,77.61746
9794,Hunasamaranahalli,13.14519,77.6174
9795,SMVIT Cross,13.15209,77.62015
9796,Bettahalasuru Cross,13.1571,77.62336
9797,Vidyanagara Cross Chikkajala,13.16137,77.62657
9798,Chikkajala,13.17277,77.63318
9799,Meenakunte,13.18063,77.6421
9800,Doddajala,13.17735,77.65338
9801,Shettigere,13.17921,77.66688
9802,Muthukadahalli,13.1825,77.67303
9803,Beguru,13.18351,77.67959
9804,Kempegowda International Airport Back Gate,13.1982,77.67968
9805,Cargo Village,13.19967,77.68231
9806,DHFL,13.19963,77.69561
9807,Kempegowda International Airport,13.19975,77.70514
9808,DHFL,13.19945,77.69561
9809,Cargo Village,13.19956,77.68225
9810,Kempegowda International Airport Back Gate,13.19816,77.67987
9811,Beguru,13.18348,77.67967
9812,Muthugadahalli,13.18243,77.67306
9813,Shettigere,13.1798,77.66724
9814,Doddajala,13.1773,77.65328
9815,Meenakunte,13.18059,77.64208
9816,Chikkajala,13.17273,77.63369
9817,Kadiganahalli Gate,13.16825,77.63162
9818,Vidyanagara Cross,13.161,77.6269
9819,Bettahalasuru Cross,13.15656,77.62358
9820,SMVIT Cross,13.15197,77.62063
9821,Hunasamaranahalli,13.14427,77.61777
9822,Bharathi Nagara,13.13752,77.61764
9823,Indian Air Force,13.13092,77.6153
9824,Bagalur Cross,13.12211,77.61116
9825,Palanahalli Gate,13.11678,77.60847
9826,Venkatala,13.1111,77.60498
9827,Kendriya Vihara,13.10643,77.60213
9828,Kogilu Cross,13.10398,77.60084
9829,Mylanahalli,13.1855,77.69703
9830,Chikkanahalli,13.18385,77.6882
9831,Kadugenahalli Gate,13.16835,77.63116
9832,Beguru,13.18356,77.67974
9833,Chikkanahalli,13.18394,77.68817
9834,Mylanahalli,13.1855,77.69695
9835,Kadayarappanahalli Cross,13.1842,77.7042
9836,Kadayarappanahalli,13.18414,77.7052
9837,Hunasuru Junction,13.1809,77.71486
9838,Hunasuru,13.18006,77.71258
9839,Mylanahalli,13.18411,77.69597
9840,Bande Kodigehallipalya Cross,13.17283,77.69107
9841,Bande Kodigehalli palya,13.1735,77.7063
9842,Depot-52 Departure,13.15742,77.65912
9843,Akkayammana Betta,13.16162,77.64223
9844,Vidyanagara Chikkajala,13.16001,77.64073
9845,Venkateshwara College,13.16037,77.63641
9846,Vidyanagara Cross Chikkajala,13.16101,77.62724
9847,Venkateshwara College,13.16039,77.63637
9848,Vidyanagara Chikkajala 1,13.15991,77.64068
9849,Akkayammana Betta Huttanahalli Cross,13.16165,77.64227
9850,Depot-52 Arrival,13.15738,77.65908
9851,Hunasamaranahalli,13.14433,77.6181
9852,Kodagalahatti,13.14317,77.62909
9853,Aralimara Hosahalli,13.14043,77.64128
9854,Hosahalli Kodagalahatti,13.14327,77.6428
9855,Hosahalli Kodagalahatti,13.14328,77.64284
9856,Aralimara Hosahalli,13.14039,77.64126
9857,Kodagalahatti,13.14313,77.6291
9858,Meesaganahalli,13.16614,77.66896
9859,Kolipura,13.1694,77.65723
9860,Huttanahalli,13.16555,77.65147
9861,Sheshadripuram College,13.10041,77.58864
9862,Huttanahalli,13.16563,77.65163
9863,Kolipura,13.16948,77.65717
9864,Meesagaanahalli,13.1662,77.66889
9865,Huttanahalli  Circle,13.16272,77.64702
9866,Razakpalya,13.14594,77.65823
9867,Vasantavihar Colony Billamaranahalli,13.14961,77.6352
9868,Billamaranahalli,13.15063,77.63794
9869,Billamaranahalli,13.15061,77.63804
9870,Vasantavihar Colony Billamaranahalli,13.14952,77.6352
9871,Maranayakanahalli,13.16801,77.64832
9872,SMVIT Cross,13.15197,77.61977
9873,SMVIT College,13.15169,77.61168
9874,Suggatta,13.14464,77.60332
9875,Suggatta,13.14482,77.60357
9876,SMVIT College,13.15178,77.61167
9877,Bettahalasuru Cross,13.15676,77.62261
9878,Sonnappanahalli,13.15612,77.6172
9879,Bettahalasuru Hospital,13.15926,77.61143
9880,Bettahalasuru Circle,13.16108,77.61102
9881,Bettahalasuru Village,13.16285,77.60857
9882,Kuduregere Cross,13.16722,77.60575
9883,Gurukula School Tharahunase,13.17175,77.5989
9884,Kuduregere Colony,13.188,77.60855
9885,Aerospace Bagalur,13.17277,77.73058
9886,KIADB Circle Bagalur,13.17463,77.71713
9887,IT Park bagalur,13.16082,77.70866
9888,Shell Company,13.15411,77.7004
9889,Hoovinayakanahalli Gate,13.15575,77.68113
9890,Navodaya School Bagalur,13.14903,77.67494
9891,Bagalur Colony,13.14146,77.6713
9892,Bagalur,13.13453,77.66797
9893,Bagalur Santhe,13.13334,77.6668
9894,Sathanur,13.13183,77.64739
9895,Sathanur Colony,13.12786,77.64662
9896,Srinivasapura Cross,13.12598,77.64524
9897,Country Club Bagaluru,13.12348,77.63937
9898,Reva College Gate,13.12214,77.63037
9899,Kattigehalli Cross,13.12176,77.62576
9900,Dwaraka Nagara,13.12125,77.61816
9901,Bagalur Cross,13.12175,77.61129
9902,Gurukula School Tharahunase,13.17184,77.59894
9903,Narayanapura,13.16264,77.6014
9904,Bettahalasuru Circle,13.16112,77.61103
9905,Bettahalasuru Hospital,13.15922,77.61154
9906,Sonnappanahalli,13.15615,77.61716
9907,Ananthapura Gate,13.1146,77.57901
9908,C R P F Yelahanka,13.12278,77.57552
9909,Nagenahalli Gate,13.12991,77.57141
9910,Avalahalli,13.13522,77.56915
9911,Singanayakanahalli Gate,13.14767,77.56972
9912,Honnenahalli,13.15971,77.5666
9913,Rajanukunte,13.17307,77.56432
9914,Narayanapura,13.16259,77.60144
9915,Embassy School,13.17387,77.59547
9916,High School Tharahunase,13.17695,77.59026
9917,Tharahunase,13.17863,77.58857
9918,RT Nagara Police Station,13.02496,77.59282
9919,Kendriya Vihara Yalahanka,13.10659,77.60061
9920,Military Dairy Farm (Esteem Mall),13.04943,77.59324
9921,Vidyaniketan School Hebbala,13.04748,77.59642
9922,Allalasandra Gate,13.08664,77.59375
9923,Yalahanka Police Station,13.09462,77.59425
9924,BMSIT College Campous Yelahanka,13.1337,77.56811
9925,Judicial Layout YHK,13.08617,77.58503
9926,Judicial Layout Water Tank,13.07852,77.58322
9927,Judical Layout Jn of 14th Cross,13.08327,77.5847
9928,Allalasandra,13.08819,77.58864
9929,Sophiya School (KIA),12.98586,77.58971
9930,Judical Layout Jn of 14th Cross,13.0834,77.58482
9931,Judicial Layout Water Tank,13.07861,77.58333
9932,Allalasandra,13.08818,77.58868
9933,Girinagara 2nd Stage,12.94091,77.54535
9934,Girinagara Extension,12.94102,77.53951
9935,Girinagara,12.94322,77.54497
9936,Muneshwara Block,12.94233,77.54857
9937,Banashankari 1st Stage Muneshwara Block KEB,12.94213,77.55061
9938,Nagendra Block,12.94192,77.55304
9939,Apex Bank,12.94183,77.55567
9940,Maruthi Circle,12.94348,77.55851
9941,Subramanya Swamy Temple,12.94359,77.56165
9942,Ganesha Bhavan,12.94411,77.56426
9943,Syndicate Bank,12.9466,77.56423
9944,Kohinoor Ground,12.94732,77.56628
9945,Jayasuryanagara Kogilu,13.09408,77.6102
9946,Doddaballapura Bus Stand,13.29346,77.54224
9947,Rangappa Circle,13.28753,77.54399
9948,Kasaba,13.28268,77.54732
9949,Doddaballapura Railway Station,13.28041,77.55176
9950,Aparel Park,13.27266,77.55205
9951,Navodaya School Doddaballapura,13.26922,77.5523
9952,Bashettalli,13.26176,77.5527
9953,Bank Circle Bashettyhalli,13.25811,77.55281
9954,Railway Gate,13.25155,77.55394
9955,Jinke Bachahalli Gate,13.24607,77.5526
9956,Hosa Hudya,13.23656,77.55107
9957,Marasandra Govt School,13.23113,77.55027
9958,Marasandra Circle,13.22281,77.54973
9959,Aradeshanahalli Gate,13.21648,77.55266
9960,YAPB Toll,13.21339,77.55423
9961,Suradenapura Gate,13.20445,77.55912
9962,Sri Ramanahalli,13.19517,77.56296
9963,Rajanukunte,13.17167,77.56446
9964,Honnenahalli,13.16003,77.56665
9965,Singanayakanahalli Gate,13.1477,77.56982
9966,Avalahalli,13.13538,77.56924
9967,Nagenahalli Gate,13.13007,77.57144
9968,C R P F Yelahanka,13.12298,77.57554
9969,Ananthapura Gate,13.11478,77.57907
9970,Kuvempu Circle,13.04457,77.56281
9971,Thimmasandra,13.17205,77.58131
9972,Thimmasandra Circle,13.16985,77.58048
9973,Addiganahalli,13.17295,77.56959
9974,Parvathipura,13.17275,77.56627
9975,Heritage Estate Rajanukunte,13.11825,77.57764
9976,ARMY PUBLIC SCHOOL (Parachute Regiment),13.01651,77.58615
9977,Thimmasandra Circle,13.16995,77.5804
9978,Thimmasandra,13.172,77.58126
9979,Tharahunase,13.17867,77.58855
9980,Sri Rakum School,13.1949,77.58931
9981,Vidyaniketan School Hebbala,13.04769,77.59644
9982,Addiganahalli Extension 1,13.17288,77.57123
9983,Dr.Shivaramakaranth Nagara,13.06812,77.62939
9984,Dr Shivaramkaranth Residents,13.06893,77.62544
9985,Venkateshwara Nagara Cross,13.07182,77.61906
9986,Sri Venkateshwara Nagara,13.07478,77.6189
9987,Jakkur,13.07926,77.60749
9988,Govt School Jakkur,13.07758,77.6062
9989,Jakkur Double Road,13.07247,77.60406
9990,Jakkur Layout  shanimahatma Temple,13.07292,77.60125
9991,GKVK GATE,13.0734,77.59328
9992,Jakkur Layout,13.0716,77.5999
9993,Jakkur 18th Cross,13.06885,77.60338
9994,Jakkur Layout 3rd Cross,13.06955,77.60172
9995,Amruthahalli,13.06574,77.60076
9996,Bank Amruthahalli,13.06601,77.5983
9997,Byatarayanapura,13.06715,77.5938
9998,Koluvarayanahalli,13.16498,77.52176
9999,Seethakempanahalli Cross,13.16886,77.521
10000,Patalamma Temple,13.18343,77.56991
10001,Rajanukunte,13.17494,77.56441
10002,Sri Banashankari Layout,13.17152,77.55802
10003,Ittagalpura Gate,13.17008,77.55028
10004,Cable Factory Ittagallapura,13.174,77.54049
10005,Shanubhoganahalli Gate (Dibbur Cross),13.17263,77.53016
10006,Seethakempanahalli Gate,13.17362,77.52539
10007,HP Petrol Bunk Kakolu,13.17851,77.52096
10008,KMF,13.18853,77.50745
10009,Sonnenahalli Govt Hospital,13.19344,77.50225
10010,Sonnenahalli,13.1977,77.50036
10011,Karlapura Gate BIT,13.2086,77.50087
10012,Challahalli,13.21739,77.50643
10013,Haniyuru,13.21315,77.5148
10014,D Cross Doddaballapura,13.30659,77.54594
10015,Siddanayakanahalli,13.29816,77.54992
10016,Mutturu,13.28662,77.55178
10017,Malya Adhithi School,13.10166,77.58298
10018,GKVK,13.07792,77.58007
10019,Lalbagh West Gate,12.94826,77.57918
10020,North Road,12.94816,77.57055
10021,Nagenahalli,13.13116,77.57473
10022,Harohalli,13.13068,77.58025
10023,ISRO Layout CRPF,13.13492,77.58284
10024,Gantaganahalli,13.14336,77.58862
10025,Muddanahalli,13.15222,77.57737
10026,Nagadasanahalli,13.15987,77.57783
10027,Rajanukunte,13.17246,77.56448
10028,Ananthapura,13.11475,77.56709
10029,Nagarajuna College Ananthapura,13.11722,77.56133
10030,Ramagondanahalli,13.11945,77.55852
10031,Ramagondanahalli,13.11962,77.55836
10032,Nagarajuna College Ananthapura,13.11735,77.56127
10033,Ananthapura,13.11478,77.56708
10034,Sri Ramanahalli,13.19505,77.56285
10035,Suradenapura Gate,13.20426,77.55907
10036,YAPB Toll,13.21317,77.55414
10037,Aradeshanahalli Gate,13.21637,77.55258
10038,Marasandra Gate,13.22273,77.54935
10039,Nellukunte,13.22207,77.54186
10040,Dodda Tumkur,13.22616,77.53104
10041,Dodda Tumkur,13.22623,77.53104
10042,Nellukunte,13.22212,77.54198
10043,Marasandra Circle,13.22269,77.54963
10044,Marasandra Govt School,13.23098,77.55013
10045,Hosa Hudya,13.23658,77.55096
10046,Jinke Bachahalli Gate,13.246,77.55248
10047,Mazara Hosahalli Cross,13.24847,77.54813
10048,Chikka Tumkur Cross,13.25266,77.53886
10049,Majara Hosahalli,13.25444,77.53467
10050,Jinke Bachahalli,13.24659,77.53253
10051,Kakkehalli,13.21531,77.52816
10052,Chikka Tumkur,13.26359,77.53248
10053,Chikka Tumkur,13.26368,77.53253
10054,Mazara Hosahalli,13.25441,77.53461
10055,Chikka Tumkur Cross,13.25273,77.53883
10056,Majara Hosahalli Cross,13.2485,77.54812
10057,Singanayakanahalli,13.14762,77.56533
10058,Yadiyurappa Nagara,13.15118,77.55901
10059,RTO Office Yelahanka,13.15115,77.55618
10060,Mylappanahalli Cross,13.14859,77.55198
10061,Linganahalli Gate,13.15813,77.52395
10062,Rajanukunte,13.17288,77.56415
10063,Ittagalpura Cross,13.17465,77.54266
10064,Kakolu Village,13.1871,77.52011
10065,Kakolu Village,13.18711,77.52015
10066,Adde Vishwanathapura,13.18669,77.5511
10067,Arakere Byrapura,13.20062,77.5393
10068,Byrapura,13.20178,77.52289
10069,Arakere Byrapura,13.20064,77.53932
10070,Haniyuru,13.21314,77.5147
10071,Shanubhoganahalli Colony,13.17388,77.53001
10072,Shanubhoganahalli,13.17915,77.53126
10073,Chokkanahalli,13.18312,77.53915
10074,Budumanahalli Cross,13.18592,77.54021
10075,Budumanahalli,13.19088,77.52794
10076,MES College Aradeshanahalli Road,13.21752,77.55532
10077,Aradeshanahalli,13.22247,77.56361
10078,Basavanapura,13.22562,77.57649
10079,Jalige,13.22619,77.58415
10080,Thindlu Cross,13.22855,77.59992
10081,Thindlu,13.23438,77.59394
10082,Juttanahalli,13.23914,77.57804
10083,Thindlu,13.23444,77.59397
10084,Thindlu Cross,13.22853,77.59998
10085,Jalige,13.22605,77.58408
10086,Basavanapura,13.22559,77.57657
10087,Aradeshanahalli,13.22244,77.56364
10088,M E S College Aradeshanahalli Road,13.21752,77.55539
10089,Dyavarahalli,13.23979,77.59911
10090,Dyavarahalli Gate,13.23138,77.60738
10091,Sadenahalli,13.19463,77.57269
10092,Bettenahalli,13.20867,77.5882
10093,Bettanahalli Site,13.21008,77.58793
10094,Ganesha Temple Bettanahalli,13.21135,77.58525
10095,Chikkana Hosahalli,13.21474,77.58065
10096,Maragondanahalli,13.20293,77.5762
10097,Surdenapura Gate,13.20635,77.56287
10098,Sadenahalli,13.19467,77.57277
10099,Suradenapura Cross,13.20639,77.56285
10100,Maragondanahalli,13.20304,77.57638
10101,Chikkana Hosahalli,13.21479,77.58064
10102,Ganesha Temple Bettanahalli,13.21139,77.58526
10103,Bettanahalli Site,13.21012,77.58795
10104,Bettenahalli,13.20872,77.5882
10105,Karlapura Gate,13.20012,77.49191
10106,Kamakshipura,13.19823,77.48909
10107,Byatha Cross,13.1931,77.48626
10108,Byatha,13.19309,77.48456
10109,Doddaballapura Govt Hospital,13.31184,77.54517
10110,Doddaballapura KEB Circle,13.31166,77.54202
10111,D Cross Doddaballapura,13.30654,77.54584
10112,Railway Gate Bashettihalli,13.25148,77.55382
10113,Bank Circle Bashettyhalli,13.258,77.55271
10114,Bashettalli,13.26164,77.5526
10115,Navodaya School Doddaballapura,13.2691,77.55217
10116,Aparel Park,13.27257,77.55193
10117,Doddaballapura Railway Station,13.28041,77.55162
10118,Kasaba,13.28255,77.54732
10119,Rangappa Circle,13.2874,77.5439
10120,D Cross Doddaballapura,13.3066,77.54574
10121,Depot-46 Gate,13.18748,77.5634
10122,Mutturu,13.28671,77.55166
10123,Siddanayakanahalli,13.2982,77.54978
10124,Kanakadasa Circle,13.28771,77.53917
10125,Sanjeeva Nagara,13.28563,77.53656
10126,KCP Kalyana Mantapa,13.28116,77.53141
10127,Alahalli,13.2775,77.52152
10128,Chikka Tumkur Lake,13.27726,77.51912
10129,Aralumallige,13.27367,77.50939
10130,RH Farm,13.26713,77.49761
10131,Broad Casting Compound Kadanur,13.25791,77.48905
10132,Kadanuru Hand post,13.23999,77.48374
10133,Kodipalya,13.2098,77.45158
10134,Anjaneya Temple Madhure,13.20992,77.44487
10135,Kodigehalli,13.30333,77.5114
10136,RL Jalappa Campus,13.30058,77.52437
10137,Doddaballapura Tollgate,13.29568,77.53639
10138,Bannimangala,13.26019,77.58847
10139,Arehalli,13.26528,77.56541
10140,Doddaballapura KEB Circle,13.31134,77.54187
10141,Palanajogahalli Church,13.31987,77.53553
10142,Kantanakunte,13.33358,77.53183
10143,Tirumagondanahalli Ghati Subramanya,13.35289,77.53889
10144,Hadohalli,13.36835,77.54398
10145,Palpaldinne,13.3878,77.54237
10146,Lagumenahalli Cross,13.40432,77.53495
10147,Ghati Subramanya,13.40789,77.52866
10148,Jakkur Layout,13.07161,77.59994
10149,Jakkur Layout 3rd Cross.,13.06952,77.60166
10150,Lagumenahalli Cross,13.40435,77.53498
10151,PalPaldinne,13.38783,77.5424
10152,Hadohalli,13.36837,77.54401
10153,Tirumagondanahalli Ghati Subramanya,13.35293,77.53895
10154,Kantaanakunte,13.33363,77.53195
10155,Palanajogahalli Church,13.31993,77.53562
10156,Byatarayanapura,13.06723,77.59354
10157,Bank Amruthahalli,13.06604,77.59824
10158,Jakkur 18th Cross,13.06888,77.60336
10159,Jakkur Layout Double Road,13.07271,77.60407
10160,Govt School Jakkur,13.07755,77.60617
10161,Tubagere,13.37522,77.57194
10162,S Nagenahalli Gate,13.37149,77.55778
10163,Gowdahalli,13.22737,77.52024
10164,Byrasandrapalya Gate,13.24243,77.52225
10165,Byrasandra Aralumallige,13.24803,77.52086
10166,Yekashipura,13.25876,77.51463
10167,Aralumallige Cross,13.26702,77.51161
10168,Aralumallige,13.27372,77.50935
10169,Chikka Tumkur Lake,13.27744,77.51903
10170,Alahalli,13.27755,77.52143
10171,KCP Kalyana Mantapa,13.28125,77.53137
10172,Sanjeeva Nagara,13.28564,77.53651
10173,Kanakadasa Circle,13.28776,77.53919
10174,Narasaiahna Agrahara,13.25458,77.454
10175,Kadanuru Hand post,13.23969,77.4836
10176,Gejjagadahalli Cross,13.23601,77.49775
10177,Gowdahalli,13.22733,77.52023
10178,Gejjagadahalli Cross,13.2359,77.49757
10179,Narasaiahna Agrahara,13.25463,77.45391
10180,T Agrahara,13.18151,77.57876
10181,Channasandra,13.20062,77.50809
10182,Challahalli,13.21742,77.50635
10183,Challahalli Colony,13.21663,77.50507
10184,Karlapura Gate BIT,13.20858,77.50091
10185,Seeresandra,13.19185,77.48341
10186,Bethan Byatha,13.19002,77.48136
10187,Junnasandra Cross,13.19206,77.47719
10188,Junnasandra,13.19053,77.4709
10189,Kumbalagunte Cross,13.20118,77.45816
10190,Kodipalya,13.20983,77.45156
10191,Kumbalagunte Cross,13.20124,77.45822
10192,Junnasandra,13.19059,77.47085
10193,Junnasandra Cross,13.19213,77.47712
10194,Challahalli Colony,13.21664,77.50502
10195,Adde Vishwanathapura,13.18672,77.55112
10196,Linganahalli Gate,13.15812,77.52392
10197,Dibbur,13.16685,77.5288
10198,Ittagalpura,13.1707,77.54239
10199,Dibbur,13.16687,77.52876
10200,Ittagalpura,13.17078,77.54228
10201,Harohalli Palya,13.17111,77.51169
10202,Harohalli Palya,13.1712,77.51164
10203,Linganahalli,13.1561,77.52291
10204,Jakkur,13.07936,77.60742
10205,Sri Venkateshwara Nagara,13.07482,77.61888
10206,Venkateshwara Nagara Cross,13.07187,77.61907
10207,Dr Shivaramkaranth Residents,13.06908,77.62542
10208,Dr.Shivaramakaranth Nagara,13.06831,77.62917
10209,Amruthahalli,13.06576,77.60081
10210,Sampigehalli,13.08187,77.61784
10211,Chokkanahalli,13.08235,77.62499
10212,Sri Ramapura,13.06588,77.62003
10213,Royal Enclave,13.06572,77.61698
10214,Sriramapura Cross,13.06767,77.61321
10215,Sriramapura Circle,13.06657,77.60977
10216,Dasarahalli Hebbala,13.05631,77.61148
10217,Maruthi Badavane Dasarahalli,13.05543,77.60782
10218,Sri Bhuvaneshwari Nagara,13.0552,77.60257
10219,Amruthanagara Canara Bank,13.05506,77.59974
10220,Dasarahalli Road Junction,13.05573,77.59451
10221,Jakkur 18th Cross,13.06883,77.60348
10222,Sriramapura Circle,13.06668,77.60981
10223,Sriramapura Cross,13.06771,77.61311
10224,Royal Enclave,13.06575,77.61693
10225,Sri Ramapura,13.0659,77.61998
10226,Sriramapura Circle,13.06658,77.60966
10227,Telecom Layout,13.06793,77.61654
10228,Telecom Layout,13.06791,77.61657
10229,Jakkur Layout Double Road,13.07265,77.60422
10230,K Narayanapura Cross,13.06756,77.63386
10231,Shirdi Sai Nagara,13.0668,77.63797
10232,K Narayanapura Main Bus Stand,13.06631,77.64068
10233,K Narayanapura Main Bus Stand,13.06635,77.64083
10234,BDS Nagara,13.06573,77.64309
10235,Byrathi Bande,13.07794,77.65355
10236,K Narayanapura Main Bus Stand,13.06642,77.64072
10237,Jakkur Layout Double Road,13.07255,77.60401
10238,GKVK GATE,13.07358,77.59306
10239,Jakkur Layout  Shanimahatma Temple,13.07302,77.60121
10240,Vishwanath Nagenahalli,13.03955,77.60495
10241,Coffee Board Layout,13.04843,77.60914
10242,Kempapura,13.05079,77.60067
10243,Kempapura Cross,13.04979,77.59987
10244,Sindhi High School Kuvempu Road,13.04994,77.59846
10245,SanjeeviniNagara,13.05759,77.59144
10246,Sterling Apartment,13.05778,77.58834
10247,Maruthi Nagara,13.05886,77.58107
10248,Kodigehalli,13.05979,77.57697
10249,Railway Gate Kodigehalli,13.06187,77.57404
10250,Virupakshapura,13.06378,77.57179
10251,Tennis Court Thindlu,13.06825,77.56946
10252,Thindlu,13.07339,77.56674
10253,Lakeshore Garden,13.06987,77.56481
10254,Big Market Sahakaranagara,13.06257,77.59289
10255,North Side Hospital,13.06369,77.58944
10256,Ganesha Temple Sahakara Nagara,13.06289,77.58517
10257,Sahakara Nagara Police Station,13.06409,77.58348
10258,Kodigehalli,13.05983,77.57682
10259,Maruthi Nagara,13.0589,77.58102
10260,Sahakara Nagara Police Station,13.06414,77.58336
10261,Ganesha Temple Sahakara Nagara,13.06342,77.58561
10262,Sahakara Nagara Post Office,13.06142,77.58731
10263,GPO,12.98137,77.59436
10264,Cauvery School Sahakara Nagara,13.06108,77.58779
10265,Ganesha Temple Sahakara Nagara,13.05955,77.58992
10266,Cauvery School Sahakara Nagara,13.06102,77.58772
10267,Sahakara Nagara Post Office,13.06133,77.58736
10268,Sahakara Nagara,13.06473,77.58385
10269,Suvarna Karnataka Bus Stand,13.06025,77.59009
10270,Suvarna Karnataka Bus Stand,13.06022,77.59
10271,Kodigehalli Canara Bank Colony,13.0715,77.57667
10272,Railway Gate Kodigehalli,13.06169,77.57429
10273,SanjeeviniNagara,13.05763,77.59146
10274,Kodigehalli Canara Bank Colony,13.07138,77.57645
10275,Sterling Apartment,13.05783,77.58845
10276,Cauvery Public School Sahakarnagara,13.06061,77.58162
10277,Ganesha Temple Sahakara Nagara,13.0596,77.59
10278,NCBS College,13.07521,77.58193
10279,Razakpalya Cross,13.14968,77.65884
10280,KIADB Hoovinayakanahalli Gate,13.15589,77.68108
10281,Cohera,13.17322,77.74122
10282,QFB Hotel,13.14822,77.71096
10283,Reva College Gate,13.12226,77.63053
10284,Country Club Bagaluru,13.12356,77.63933
10285,Srinivasapura Cross,13.126,77.64513
10286,Sathanur Colony,13.12788,77.64651
10287,Sathanur,13.13186,77.64742
10288,Bagalur Santhe,13.13351,77.66675
10289,Bagalur,13.1346,77.6679
10290,Bagalur Colony,13.14146,77.67118
10291,Navodaya School Bagalur,13.14888,77.67468
10292,KIADB Hoovinayakanahalli Gate,13.15589,77.68093
10293,Basavanna Temple Hoovinayakanahalli,13.1679,77.6885
10294,Bayalahalli Gate(Bande kodigehalli),13.17001,77.68996
10295,Bande kodigehalli,13.17202,77.69075
10296,Bande Kodigehallipalya Cross,13.17275,77.691
10297,Razakpalya,13.14592,77.65818
10298,Bagalur,13.13468,77.66816
10299,Byalahalli,13.16975,77.6813
10300,Bayalahalli Gate(Bande kodigehalli),13.16998,77.69009
10301,Basavanna Temple Hoovinayakanahalli,13.16788,77.6886
10302,Vijayapura Bus Stand Jangamakote,13.29499,77.80215
10303,Vijayapura Toll Gate,13.2915,77.80605
10304,Rajiv Nagara,13.28722,77.80521
10305,Dharmapura Gate,13.28389,77.80409
10306,Venkatapura Cross,13.28338,77.8058
10307,Dharmapura Cross,13.26441,77.80908
10308,Baluvanahalli Cross,13.26238,77.80811
10309,Dinnur,13.25255,77.80198
10310,Channarayapatna,13.24713,77.79652
10311,Channarayapatna School,13.24408,77.79694
10312,Naganayakanahalli,13.22612,77.79073
10313,Cheemachanahalli,13.21815,77.78611
10314,Nallapanahalli Gate,13.20669,77.78127
10315,Mallapura,13.20396,77.78
10316,Balepura,13.1992,77.77896
10317,Balepura Gate,13.19764,77.77686
10318,Arishinakunte,13.20051,77.77355
10319,Nallur Cross,13.20214,77.77149
10320,Doddanalluru,13.19142,77.76329
10321,Bidalapura Cross,13.18945,77.76202
10322,Nallur,13.18669,77.76038
10323,Nallur Cross,13.18514,77.75974
10324,Jonnahalli Gate,13.18158,77.75914
10325,Nagenahalli,13.17291,77.76141
10326,Somathanahalli Gate,13.17112,77.76021
10327,Kaggalahalli Gate,13.1532,77.75264
10328,Chowdappanahalli,13.14869,77.75372
10329,Budigere,13.1351,77.74751
10330,Deshnarayanaswamy Temple,13.13719,77.74576
10331,Spriling School,13.13772,77.74417
10332,Manchappanahalli Cross,13.13527,77.72547
10333,Hosahalli,13.13586,77.71815
10334,Maralakunte,13.13241,77.70526
10335,Yadiyuru Bagalur,13.13085,77.6955
10336,Gopalapura,13.13289,77.68848
10337,KIDB CIrcle Bagaluru,13.17501,77.71711
10338,Singahalli,13.16164,77.72407
10339,Are Bannimangala,13.154,77.71759
10340,Mahadeva Kodigehalli,13.14407,77.70282
10341,Gopalapura,13.13294,77.68847
10342,Yadiyuru Bagalur,13.13091,77.69547
10343,Mahadeva Kodigehalli,13.14409,77.70276
10344,Are Bannimangala,13.15398,77.71757
10345,Singahalli,13.16158,77.72403
10346,KIDB Circle Bagaluru,13.17488,77.71702
10347,Hunasuru,13.1801,77.71253
10348,Hoovinayakanahalli,13.14795,77.6898
10349,Hoovinayakanahalli,13.148,77.68982
10350,Elmeasure KIADB,13.15434,77.69361
10351,Shell Company,13.15427,77.70052
10352,Cipla Avalahalli,13.03243,77.73148
10353,Avalahalli Hosakote,13.03591,77.73531
10354,Dodda Gubbi,13.07144,77.67359
10355,Anagalipura Gate,13.07303,77.67888
10356,Bande Bommasandra,13.07664,77.68072
10357,Bande Bommasandra Cross,13.08121,77.68243
10358,Gollahalli,13.08363,77.67538
10359,Chikka Gubbi,13.08048,77.6663
10360,Alpha College Chikka Gubbi,13.077,77.66202
10361,Depot-48 Gate,13.07752,77.65472
10362,Marenahalli Gate,13.13318,77.67031
10363,Vijaya School,13.13048,77.6725
10364,Marenahalli,13.11959,77.67868
10365,Chokkanahalli,13.11358,77.68754
10366,Maralakunte,13.13225,77.70593
10367,Hosahalli,13.13567,77.71774
10368,Manchappanahalli Village,13.14165,77.72624
10369,Manchappanahalli Gate 1,13.14371,77.72931
10370,Spriling School,13.13775,77.74418
10371,Deshnarayanaswamy Temple,13.13726,77.74569
10372,Budigere,13.13511,77.74756
10373,Hittarahalli Gate,13.12337,77.74425
10374,Andhrahalli Gate,13.11545,77.74529
10375,Thirumenahalli Gate,13.11049,77.74515
10376,Jyothipura Gate,13.10266,77.74419
10377,Singarapura,13.09961,77.74376
10378,Kattu Gollahalli Gate,13.0944,77.74286
10379,Hancharahalli Gate,13.09183,77.74168
10380,Gnana Jyothi school,13.08458,77.73919
10381,Mandur,13.08153,77.73827
10382,Premium Farm Mandur,13.07918,77.73703
10383,New Baldwin International School,13.07254,77.73721
10384,Grandwell,13.06328,77.73995
10385,SKF Factory,13.06124,77.74195
10386,Budigere Cross,13.04651,77.75021
10387,SKF Factory,13.06116,77.74189
10388,Grandwell,13.06318,77.73989
10389,New Baldwin International School,13.07263,77.73716
10390,Premium Farm Mandur,13.07913,77.73699
10391,Mandur,13.08157,77.73818
10392,Gnana Jyothi school,13.08455,77.73915
10393,Hancharahalli Gate,13.09178,77.74163
10394,Kattu Gollahalli Gate,13.09438,77.74282
10395,Singarapura,13.09957,77.74372
10396,Jyothipura Gate,13.10258,77.74415
10397,Thirumenahalli Gate,13.11045,77.74512
10398,Andhrahalli Gate,13.11542,77.74525
10399,Hittarahalli Gate,13.12333,77.74424
10400,Manchappanahalli Gate,13.14368,77.7293
10401,Manchappanahalli Village,13.14161,77.72624
10402,Maralakunte Colony,13.12943,77.70565
10403,Manchappanahalli Cross,13.13515,77.72619
10404,Chokkanahali Government School,13.11135,77.69137
10405,Marasandra,13.09967,77.71519
10406,Hunasuru Junction,13.18086,77.71474
10407,Gundur,13.08676,77.71508
10408,Kammasandra Gate,13.08168,77.71596
10409,Kammasandra,13.07862,77.71644
10410,Amogha Layout,13.07507,77.71818
10411,Bayyappanahalli,13.07154,77.7207
10412,Bidarahalli,13.06538,77.71704
10413,Hosakote K E B Circle,13.07232,77.78701
10414,Santhe Gate,13.07696,77.79507
10415,Hosakote Govt Hospital,13.07754,77.80208
10416,Dandupalya Gate,13.07728,77.80786
10417,MVJ Medical Hospital,13.07944,77.81199
10418,Kannuru,13.09327,77.65429
10419,Gollahalli Cross,13.1504,77.72841
10420,Chowdappanahalli,13.14844,77.75364
10421,Gangavara,13.15294,77.76347
10422,Kammasandra,13.14992,77.78107
10423,Hasigaala,13.13523,77.77493
10424,Sun Valley Public School Thimmsandra,13.12852,77.77387
10425,Thimmasandra Gate,13.12419,77.77335
10426,Vabasandra Gate,13.12358,77.77328
10427,Lakkondahalli Gate,13.11721,77.77346
10428,Venkatapura Gate Lakkondahalli,13.1146,77.77366
10429,Lakkondahalli Temple,13.11071,77.77428
10430,Shankanipura Gate,13.10695,77.7762
10431,Halappanahalli,13.10211,77.77789
10432,Kaateramma Devasthana,13.09304,77.77907
10433,Upparahalli (Kumbalahalli Gate),13.08858,77.78078
10434,Raghavendra Tent,13.07959,77.78215
10435,Raghavendra Tent,13.07952,77.78213
10436,Upparahalli (Kumbalahalli Gate),13.08851,77.78079
10437,Kaateramma Devasthana,13.09309,77.77893
10438,Halappanahalli,13.10203,77.77788
10439,Shankanipura Gate,13.1069,77.77621
10440,Lakkondahalli Temple,13.11064,77.77428
10441,Venkatapura Gate Lakkondahalli,13.11453,77.77365
10442,Lakkondahalli Gate,13.11712,77.77344
10443,Vabasandra Gate,13.12358,77.77325
10444,Thimmasandra Gate,13.12414,77.77332
10445,Sun Valley Public School Thimmsandra,13.12839,77.77382
10446,Hasigaala,13.13525,77.77485
10447,Kammasandra,13.14985,77.78102
10448,Gangavara,13.15285,77.76346
10449,Gollahalli Cross,13.15037,77.72835
10450,Yalahanka Bakery,13.10329,77.57689
10451,Bande Kodigehalli,13.17216,77.69082
10452,Kadasonnappanahalli Gate,13.10165,77.65832
10453,Kadusonnappanahalli,13.09888,77.66373
10454,Reva College,13.11532,77.63411
10455,IT Park Bagalur,13.16111,77.70835
10456,National Cricket Academy,13.16511,77.70841
10457,KIADB Circle Bagalur,13.17469,77.71703
10458,SEZ Amadada Circle,13.17849,77.72023
10459,Aerospace Bagalur,13.17289,77.73066
10460,B Marenahalli,13.17023,77.73952
10461,Ramanahalli,13.18323,77.74408
10462,Baladimmanahalli,13.18959,77.74336
10463,Bettakote,13.19939,77.73921
10464,Rayasandra Cross,13.21175,77.74139
10465,Agalakote,13.21287,77.73615
10466,Rayasandra,13.21876,77.72563
10467,Bychapura Appartment,13.22216,77.71777
10468,Bychapura,13.22432,77.71283
10469,Anjaneya Temple Devanahalli,13.23506,77.713
10470,Devanahalli New Bus Station,13.24543,77.71274
10471,Giriyamma Circle,13.24475,77.71315
10472,Devanahalli New Bus Station,13.24528,77.71281
10473,Giriyamma Circle,13.24459,77.71329
10474,Anjaneya Temple Devanahalli,13.2351,77.71302
10475,Bychapura,13.22435,77.71285
10476,Bychapura Appartment,13.22219,77.71777
10477,Rayasandra,13.21882,77.7256
10478,Agalakote,13.21292,77.73612
10479,Rayasandra Cross,13.21176,77.74142
10480,Bettakote,13.19941,77.73925
10481,Baladimmanahalli,13.1898,77.74341
10482,Ramanahalli,13.18326,77.74412
10483,B Marenahalli,13.16635,77.73759
10484,Kondenahalli Gate,13.15551,77.73007
10485,Hebbala Bridge,13.04218,77.59387
10486,Kempapura,13.04379,77.6005
10487,Veerannapalya,13.04231,77.61382
10488,Manyatha Tech Park,13.0412,77.62095
10489,Nagawara Junction,13.04054,77.62435
10490,Nagavara Junction Petrol Bunk,13.04192,77.6248
10491,Vidyasagara,13.04564,77.62743
10492,Sarayipalya,13.04746,77.62858
10493,Ashwath Nagara,13.05274,77.63125
10494,Thanisandra,13.05611,77.63281
10495,Book Factory Thanisandra,13.06161,77.63322
10496,K Narayanapura Cross,13.06824,77.63353
10497,RK Hegde Nagara,13.0714,77.63359
10498,Koli Farm,13.07394,77.63362
10499,Noor Nagara,13.08,77.63398
10500,Chokkanahalli Gate,13.08471,77.63473
10501,Thirumenahalli Cross (KNS College),13.08853,77.63531
10502,Purvankara Northern Destiny Bellahalli,13.09583,77.63587
10503,Doddy,13.0026,77.61213
10504,Canara Bank Tannery Road,13.00615,77.61238
10505,Periyar Nagara Circle,13.00849,77.6132
10506,Muslim Colony,13.01045,77.61505
10507,Postal and Telecom Colony,13.01193,77.61602
10508,Venkateshapura,13.01537,77.61749
10509,Kadugondanahalli Police Station,13.02106,77.61901
10510,Kadugondanahalli Railway Gate,13.0259,77.61991
10511,Arebic College,13.02992,77.62084
10512,Govindapura Cross,13.03247,77.62194
10513,Glass Factory,13.034,77.62251
10514,Nagavara,13.03795,77.6234
10515,Nagawara Junction,13.03997,77.62419
10516,Bellahalli Cross,13.10124,77.63492
10517,Hazarath Tippu Nagara,13.10479,77.62972
10518,Russell Market,12.98486,77.60518
10519,Frazer Town,13.00082,77.61144
10520,Ashwath Nagara Cross,13.05078,77.63054
10521,Rachenahalli,13.05878,77.62407
10522,Thanisandra,13.05598,77.63222
10523,M S Nagara (Thirumenahalli ),13.09731,77.63592
10524,Nagawara Junction,13.0402,77.62454
10525,HBR Layout,13.03517,77.62857
10526,Hennur Junction,13.02964,77.63134
10527,Depot-10 Gate,13.02766,77.63242
10528,Ashwath Nagara Cross,13.05075,77.63067
10529,Kalyananagara Bus Stand,13.02642,77.63839
10530,M S Nagara (Thirumenahalli ),13.09726,77.63581
10531,St Johns High School Thomas Cafe,12.99458,77.60995
10532,Yalahanka Bakery,13.10345,77.57685
10533,Yelahanka Santhe Circle,13.09844,77.5968
10534,Chokkanahalli,13.08233,77.62497
10535,Shrusti School Yalahanka,13.10706,77.57596
10536,Vishal Mart 4th Phase Yelahanka,13.10367,77.57695
10537,K Narayanapura Cross,13.06736,77.63373
10538,Agrahara Layout,13.09838,77.62671
10539,Agrahara Layout Cross,13.10248,77.6277
10540,Thanisandra,13.05588,77.63225
10541,IBM Gate,13.05757,77.62631
10542,Rachenahalli,13.05879,77.62404
10543,Mestripalya,13.06146,77.62043
10544,IBM Gate,13.05762,77.62624
10545,Mestripalya,13.06055,77.61948
10546,Telecom Layout Ashwath Nagara,13.05156,77.63151
10547,Kadasonnappanahalli Gate,13.10154,77.65811
10548,Hosuru Bande,13.10601,77.66071
10549,Tavakkal Hospital,13.10594,77.66442
10550,Hamsa Farm,13.10772,77.66564
10551,Chakkalatti,13.12255,77.66823
10552,Mary Immaculate School,13.12579,77.66782
10553,Bagluru Old police Station,13.12952,77.66661
10554,B Palya Razakapalya,13.14436,77.6594
10555,Hazarath Tippu Nagara,13.1035,77.62441
10556,Hazarath Tippu Nagara,13.10478,77.62978
10557,Hazarath Tippu Nagara,13.10343,77.62421
10558,Nagawara Junction,13.04046,77.62408
10559,BEL Circle,13.04339,77.55713
10560,Mariyannanapalya,13.04928,77.61186
10561,Veerannapalya,13.04257,77.61369
10562,Nagawara Junction,13.03982,77.62421
10563,Dasarahalli Hebbala,13.05633,77.61159
10564,Mariyannanapalya,13.04932,77.61187
10565,Ambedkar Medical College Shampura,13.02327,77.6126
10566,Depot-10 Gate,13.0255,77.63049
10567,High School Tharahunase,13.17701,77.59027
10568,Embassy School,13.17391,77.59548
10569,BSF Yalahanka,13.12912,77.60492
10570,Govindapura,13.03304,77.61892
10571,Maramma Temple,12.96314,77.55906
10572,Mosque Road,13.00067,77.61578
10573,Devis Road,13.00426,77.61968
10574,Lingarajapura Bridge,13.00906,77.6232
10575,Lingarajapura,13.01254,77.62584
10576,Jyothi School,13.01455,77.62715
10577,Kacharakanahalli,13.02115,77.62864
10578,Hennuru Junction,13.0282,77.63291
10579,Hennur Cross,13.03157,77.63588
10580,Hennur Petrol Bunk,13.03299,77.6374
10581,Hennur Bande,13.03665,77.64051
10582,Hennur,13.03945,77.64139
10583,Janaki Rama Layout,13.04325,77.64228
10584,Geddalahalli,13.0484,77.64532
10585,K Narayanapura Cross,13.0528,77.64602
10586,Kristu Jayanti College,13.05877,77.64293
10587,K Narayanapura,13.06333,77.64216
10588,Nagaresh Nagenahalli,13.07029,77.64259
10589,Frazer Town,13.00098,77.61257
10590,Charls School Toll Gate,13.00616,77.62084
10591,K Narayanapura Main Bus Stand,13.06627,77.64073
10592,K Narayanapura,13.06332,77.64226
10593,Kristu Jayanti College,13.05855,77.6431
10594,K Narayanapura Cross,13.05278,77.64612
10595,Geddalahalli,13.04838,77.6454
10596,Janaki Rama Layout,13.04319,77.6424
10597,Hennur,13.03941,77.64152
10598,Hennur Bande Sai Baba Temple,13.03665,77.6407
10599,Hennuru Petrol Bunk,13.03296,77.63752
10600,Hennur Cross,13.03157,77.63592
10601,Hennur Junction,13.02812,77.63316
10602,Depot-10 Gate,13.02577,77.63181
10603,Kacharakanahalli,13.02141,77.62991
10604,Jyothi School,13.01447,77.62716
10605,Lingarajapura,13.01256,77.62588
10606,Lingarajapura Bridge,13.00906,77.62331
10607,Charls School Toll Gate,13.00616,77.62099
10608,Devis Road,13.00327,77.61899
10609,Clarence School,13.00309,77.61666
10610,Frazer Town,13.00115,77.61196
10611,Nagaraesh Nagenahalli Dinne,13.07727,77.64674
10612,Byrathi Cross,13.05702,77.64834
10613,Depot-10 Gate,13.02542,77.63059
10614,Kacharakanahalli,13.02107,77.62872
10615,Kanakashree Layout Chikka Gubbi,13.08675,77.6546
10616,St Vincent Palloti School,13.03196,77.65093
10617,Jyothi Nagara,13.03251,77.65372
10618,Horamavu Agara,13.0367,77.65485
10619,Shilpa Bakery Horamavu Road,13.03774,77.65061
10620,Vaddarapalya,13.03855,77.64658
10621,Hennur Bande Sai Baba Temple,13.03885,77.64352
10622,Kalyananagara,13.0264,77.63642
10623,Hennur Junction,13.02751,77.63268
10624,Hennur,13.03949,77.64171
10625,Hennur Bande Sai Baba Temple,13.03907,77.644
10626,Vaddarapalya,13.03869,77.64625
10627,Shilpa Bakery Horamavu Road,13.03778,77.6506
10628,Horamavu Agara,13.03672,77.65486
10629,Jyothi Nagara,13.03248,77.65376
10630,Bagluru Old police Station,13.12977,77.6667
10631,Mary Immaculate School,13.12589,77.66795
10632,Chakkalatti,13.12256,77.66836
10633,Sonnappanahalli,13.10764,77.66576
10634,Tavakkal Hospital,13.10578,77.66442
10635,Hosuru Bande,13.10601,77.66086
10636,Kanakashree Layout Chikka Gubbi,13.08678,77.65474
10637,Teachers Colony Geddalahalli,13.05521,77.63908
10638,Babusabpalya,13.02274,77.64721
10639,Puneethrajakumar Circle,13.03994,77.65461
10640,Depot-48 Gate,13.07756,77.65467
10641,Alpha College Chikka Gubbi,13.07702,77.662
10642,Chikka Gubbi,13.0805,77.66627
10643,Gollahalli,13.08368,77.67538
10644,Kada Agarahara Cross,13.07978,77.68549
10645,Kada Agrahara,13.07861,77.6917
10646,Central Silk Board,12.91803,77.62355
10647,SI Apartment HSR Layout,12.91677,77.62942
10648,14th Main HSR Layout,12.91637,77.63472
10649,Depot-25 Gate,12.91936,77.64255
10650,Agara Junction,12.92452,77.65028
10651,Sarjapura Ring Road Junction,12.92113,77.66604
10652,Bellanduru Petrol Bunk,12.92322,77.6702
10653,Bellanduru City light Apartment,12.92493,77.67394
10654,Eco Space,12.92838,77.6812
10655,Devarabisanahalli Ring Road,12.93218,77.68729
10656,New Horizon College,12.93525,77.69054
10657,Kadubisanahalli,12.94259,77.69704
10658,Multiplex Marathahalli,12.95154,77.69956
10659,Kalamandira  Marathahalli Bridge,12.96038,77.70135
10660,Karthik Nagara,12.96825,77.70153
10661,Dodda Nekkundi Bridge/Rainbow Hospital,12.97565,77.697
10662,EMC2,12.98239,77.69288
10663,Mahadevapura Ring Road,12.98868,77.68904
10664,B Narayanapura Ring Road,12.99589,77.68387
10665,KR Pura Railway Station,12.99998,77.67654
10666,Tin Factory,12.99645,77.66857
10667,Kasthurinagara,13.00397,77.66313
10668,B Channasandra Bridge(Ramamurthy Nagara Ring Road),13.0112,77.66232
10669,Vijaya Bank Colony Ring Road,13.01695,77.66021
10670,Horamavu Signal,13.01969,77.6539
10671,Babusabpalya,13.0226,77.64702
10672,Mylanahalli,13.18408,77.69597
10673,Central Silk Board,12.91756,77.62379
10674,Gollahalli,13.15159,77.72504
10675,Kadayarappanahalli,13.18405,77.70526
10676,Kadayarappanahalli Cross,13.18405,77.70432
10677,Hittarahalli,13.12338,77.74673
10678,Handarahalli,13.12139,77.75078
10679,Dasanayakanahalli,13.11823,77.68833
10680,Marenahalli,13.11958,77.67866
10681,Vijaya School,13.13045,77.67249
10682,Marenahalli Gate,13.13315,77.67029
10683,Kannuru Junction,13.09262,77.65484
10684,D Group Employees Layout,13.09134,77.69091
10685,Yarappana Bande,13.09432,77.68537
10686,Byalahalli,13.16978,77.68134
10687,The Light House International Academy,13.13364,77.72209
10688,Bychapura,13.22421,77.71283
10689,Devanahalli Old Bus Stand,13.24853,77.71547
10690,Vijayapura Cross,13.25678,77.71718
10691,Parvatapura Devanahalli,13.25749,77.71211
10692,Neeleri Gate,13.25857,77.70602
10693,Kodimanchanahalli Gate,13.2578,77.6989
10694,Savukanahalli Gate,13.25801,77.6956
10695,Bommawara Gate,13.26488,77.68053
10696,Pandurangapura,13.26936,77.66061
10697,Vishwanathapura,13.27181,77.64928
10698,Chapparadakallu,13.27904,77.62536
10699,Beerasandra Chapradakallu,13.28005,77.62042
10700,Nagadenahalli,13.28484,77.59853
10701,Raghunathapura Doddaballapura,13.28862,77.57741
10702,L and T Factory Doddaballapura,13.29211,77.57003
10703,Kaggalahalli Gate,13.15318,77.75262
10704,Somathanahalli Gate,13.1711,77.76016
10705,Nagenahalli,13.17288,77.76134
10706,Nallur Cross,13.18515,77.7597
10707,Nallur,13.18698,77.76044
10708,Doddanalluru,13.1915,77.76329
10709,Balepura Gate,13.19791,77.77734
10710,Mallapura,13.20406,77.77996
10711,Nallapanahalli Gate,13.20659,77.78116
10712,Cheemachanahalli,13.21814,77.78604
10713,Channarayapatna,13.24711,77.79649
10714,Dinnur Cross,13.25084,77.80132
10715,Dinnur,13.25263,77.80195
10716,Bidiganahalli Cross,13.25654,77.80487
10717,Dharmapura Cross,13.26444,77.80912
10718,Dharmapura,13.26845,77.80071
10719,Dharmapura Gate,13.28387,77.80407
10720,Rajiv Nagara,13.2873,77.80517
10721,Vijayapura Bus Stand Jangamakote,13.29479,77.80199
10722,Byrathi,13.05609,77.652
10723,Anagalipura Gate,13.07306,77.67885
10724,Anagalipura,13.06838,77.68241
10725,Dodda Gubbi,13.07146,77.67375
10726,Byrathi,13.05602,77.65196
10727,Bileshivale,13.0546,77.6709
10728,Bidarahalli Dargah,13.06834,77.70807
10729,Dodda Gubbi,13.07093,77.67401
10730,Gubbi Cross,13.0642,77.6519
10731,Visthar Gate,13.06655,77.66016
10732,Dattatreya Peeta Doddagubbi,13.06739,77.66465
10733,Anagalipura,13.06842,77.68234
10734,Dattatreya Peeta Doddagubbi,13.06732,77.66465
10735,Visthar Gate,13.06652,77.66016
10736,Bande Bommasandra,13.07672,77.6809
10737,4th Block HBR Layout,13.03435,77.63264
10738,5th Block HBR Layout,13.03582,77.6315
10739,Kada Agarahara Cross,13.07972,77.68546
10740,Yarappanahalli,13.08535,77.68716
10741,5th Block HBR Layout,13.03585,77.63142
10742,4th Block HBR Layout,13.03437,77.63268
10743,Marasandra,13.09962,77.71512
10744,Chokkanahali Government School,13.11131,77.69131
10745,Chokkanahalli,13.11348,77.68762
10746,Yarthiganahalli,13.19304,77.67265
10747,Kannamangala Gate,13.20708,77.66833
10748,Bachahalli Gate,13.21219,77.6732
10749,Bhuvanahalli Gate,13.2187,77.67964
10750,Palya Gate,13.22145,77.68232
10751,Dhaba Gate,13.22644,77.68707
10752,Chikka Sanne Gate,13.23038,77.69093
10753,Sanna Amanikere,13.23419,77.6946
10754,Hiranandani Villas,13.23894,77.69951
10755,Devanahalli Bypass NH-7,13.24207,77.70346
10756,Devanahalli Talluk Office,13.24363,77.70877
10757,Devanahalli Old Bus Stand,13.24845,77.7156
10758,Devanahalli Talluk Office,13.24358,77.70893
10759,Hiranandani Villas,13.23888,77.6997
10760,Sanna Amanikere,13.23411,77.69477
10761,Chikka Sanne Gate,13.23031,77.69109
10762,Dhaba Gate,13.22638,77.68726
10763,Palya Gate,13.22143,77.68249
10764,Bhuvanahalli Gate,13.21859,77.6798
10765,Bachahalli Gate,13.21205,77.67332
10766,Kannamangala Gate,13.20729,77.66878
10767,Kammasandra Gate,13.08163,77.71599
10768,Kada Agrahara,13.07854,77.69182
10769,Bande Bommasandra Cross,13.08122,77.68243
10770,Indrasanahalli,13.22581,77.61389
10771,Dyavarahalli Cross,13.23135,77.60747
10772,E Hosuru,13.22706,77.60587
10773,Hegganahalli Gate,13.21779,77.60468
10774,Hegganahalli,13.21821,77.6105
10775,Nagamangala,13.21665,77.61929
10776,Chowdanahalli,13.21432,77.62861
10777,Metrocorp Nirvana Layout,13.21355,77.63487
10778,Sadahalli,13.21208,77.64734
10779,Sadahalli Gate,13.19051,77.64626
10780,Thabarahalli,13.18848,77.64475
10781,ITC Factory,13.18644,77.64325
10782,Meenakunte Hosuru,13.1844,77.64161
10783,Devaganahalli,13.2531,77.64887
10784,Peddanahalli,13.24659,77.64813
10785,Uganawadi,13.23901,77.65698
10786,Uganawadi Cross,13.23219,77.65601
10787,Ilathore Cross,13.23071,77.64478
10788,Kempathimmanahalli Cross,13.22065,77.64394
10789,Bhovipalya,13.20166,77.64511
10790,Meenakunte Hosuru,13.18452,77.64142
10791,ITC Factory,13.18669,77.64285
10792,Thabarahalli,13.18861,77.64427
10793,Sadahalli Gate,13.19072,77.64583
10794,Navarathna Agrahara,13.19963,77.6358
10795,Bhovipalya,13.20209,77.62376
10796,Navarathna Agrahara,13.1997,77.63587
10797,Dodda Cheemanahalli,13.24782,77.622
10798,Dodda Cheemanahalli Cross,13.25053,77.62394
10799,Neragenahalli,13.23603,77.63007
10800,Neragenahalli Cross,13.229,77.62985
10801,Ilathore Cross,13.23075,77.64479
10802,Bhovipalya,13.20163,77.64509
10803,Sadahalli,13.21199,77.64726
10804,Neragenahalli Cross,13.22897,77.62986
10805,Neragenahalli,13.23602,77.63003
10806,Dodda Cheemanahalli Cross,13.2505,77.62393
10807,Dodda Cheemanahalli,13.24783,77.62204
10808,Hegganahalli,13.21818,77.61045
10809,Kundana Circle,13.25708,77.61716
10810,Cambridge North Campus,13.24591,77.6129
10811,Devarahalli Cross,13.24054,77.61099
10812,Pujanahalli Gate,13.21703,77.65068
10813,Jogahalli Cross,13.22199,77.65094
10814,Kempathimmanahalli,13.22322,77.65455
10815,Uganawadi Cross,13.23208,77.65594
10816,Uganawadi,13.23921,77.6569
10817,Peddanahalli,13.24693,77.64812
10818,Devaganahalli,13.25331,77.64888
10819,Kundana Cross,13.25465,77.64966
10820,Solur,13.26466,77.65541
10821,Solur Gate,13.26996,77.6563
10822,Vishwanathapura,13.27199,77.64898
10823,Solur Gate,13.27013,77.65629
10824,Solur,13.26459,77.65574
10825,Kundana Cross,13.25456,77.64986
10826,Kempathimmanahalli,13.22314,77.65463
10827,Jogahalli Cross,13.22208,77.65099
10828,Pujanahalli Gate,13.21702,77.65078
10829,Hegganahalli Gate,13.21777,77.60469
10830,Kempathimmanahalli Cross,13.22261,77.65323
10831,Uganawadi Cross,13.2319,77.65594
10832,Kempalingapura Cross,13.23058,77.66461
10833,Kannamangalapalya Cross,13.22954,77.67045
10834,Kannamangalapalya,13.22171,77.66999
10835,Devanahalli Bypass NH-7,13.24231,77.70399
10836,Navayuga Toll,13.201,77.66132
10837,Airport Trumpet,13.19905,77.6582
10838,Kempathimmanahalli Cross,13.22256,77.65327
10839,Kannamangalapalya Gate,13.22142,77.68218
10840,Devanahalli Govt Hospital,13.25751,77.72657
10841,Brigade Atmosphere,13.26543,77.73925
10842,Kurubarakunte Cross (Narsari),13.26679,77.74136
10843,Chatra (Yeliyuru Gate),13.27744,77.75845
10844,Chikka Tattamangala Gate,13.28017,77.76282
10845,Guduvanahalli Gate,13.28072,77.76369
10846,Dargha,13.28746,77.77446
10847,Shivagiri Choultry Vijyapura,13.29467,77.79103
10848,Govt Hospital Vijayapura,13.29565,77.79376
10849,Muncipal Office Vijayapura,13.29605,77.80025
10850,Airport Trumpet,13.19908,77.65792
10851,Navayuga Toll,13.20103,77.66089
10852,Bhuvanahalli,13.21793,77.68191
10853,Doddasanne,13.21846,77.69407
10854,Yarappanahalli,13.2178,77.70269
10855,Anneshwara Circle,13.21535,77.71058
10856,Kempalingapura,13.2369,77.66557
10857,T Hosahalli,13.23602,77.67022
10858,Kannamangalapalya Gate,13.22144,77.68213
10859,Kannamangala Gate,13.20694,77.66794
10860,Kannamangalapalya,13.22162,77.6699
10861,Kannamangalapalya Cross,13.22952,77.67042
10862,T Hosahalli,13.23604,77.67014
10863,Kempalingapura,13.23685,77.66548
10864,Sikayanahalli,13.25554,77.64558
10865,Sugalla,13.2574,77.63232
10866,Kundana,13.25728,77.6283
10867,Kundana Circle,13.25705,77.61707
10868,Beerasandra Chapradakallu,13.28046,77.62049
10869,Chapparadakallu,13.27935,77.62543
10870,Kundana,13.25735,77.62824
10871,Sugalla,13.25756,77.63244
10872,Sikayanahalli,13.25561,77.64546
10873,Vijayapura Kere Kodi,13.30336,77.79135
10874,Shanimahathma Temple,13.30425,77.78885
10875,Dandiganahalli,13.30949,77.76763
10876,Harohalli,13.31556,77.7481
10877,Bullahalli,13.30722,77.73069
10878,Avathi,13.29627,77.7256
10879,Rani Circle,13.26728,77.7198
10880,Vijayapura Cross,13.25686,77.7173
10881,Adrsha Savana,13.20859,77.60381
10882,Gadenahalli Cross,13.2028,77.60323
10883,Kuduregere Gate,13.18973,77.60059
10884,SLV Petrol Bunk,13.16059,77.5955
10885,Gangapura,13.153,77.6074
10886,Rani Circle,13.26859,77.71978
10887,Sai Baba Temple (Avathi),13.2829,77.72277
10888,Avathi,13.29638,77.72579
10889,Rani Circle,13.2674,77.71954
10890,Neeleri Cross,13.27775,77.71252
10891,Neeleri,13.27327,77.71059
10892,Neeleri Cross,13.2778,77.71253
10893,Pandurangapura,13.2695,77.66056
10894,Bommawara Gate,13.26496,77.68047
10895,Dorekavalu,13.26215,77.68632
10896,Savukanahalli Gate,13.25813,77.69537
10897,Kodimanchanahalli Gate,13.25781,77.69881
10898,Neeleri Gate,13.25862,77.70601
10899,Parvatapura Devanahalli,13.25752,77.712
10900,Savukanahalli,13.26741,77.69453
10901,Devasthana Bidluru,13.27826,77.68979
10902,Maligenahalli Bidaluru,13.28697,77.69095
10903,Muddanayakanahalli,13.2964,77.68022
10904,Sonnenahalli,13.30982,77.68272
10905,Maligenahalli Cross,13.28762,77.70566
10906,Kaatumariyammana Devasthana,13.29753,77.70154
10907,Kodalagurki,13.29928,77.70106
10908,Yamarahalli Nagara,13.30782,77.69771
10909,Kotalammana Devasthana,13.31922,77.69423
10910,Karahalli,13.32719,77.69198
10911,Karahalli Cross,13.34875,77.68626
10912,Dorekavalu,13.2621,77.68637
10913,Shettarahalli Cross,13.26615,77.67635
10914,Jyothipura Koyara,13.29208,77.62743
10915,Koyira,13.30346,77.64107
10916,Muncipal Office Vijayapura,13.296,77.80039
10917,Govt Hospital Vijayapura,13.29565,77.79391
10918,Shivagiri Choultry Vijyapura,13.29465,77.79109
10919,Dargha,13.28742,77.77445
10920,Guduvanahalli Gate,13.28069,77.76368
10921,Chikka Tattamangala Gate,13.28015,77.76282
10922,Chatra (Yeliyuru Gate),13.27743,77.75846
10923,Kurubarakunte Cross (Narsari),13.26681,77.74152
10924,Brigade Atmosphere,13.26541,77.73924
10925,Devanahalli Govt Hospital,13.25748,77.72655
10926,Kuvempu Circle,13.04465,77.56263
10927,Devinagara Cross,13.047,77.56904
10928,Bhadrappa Layout,13.04762,77.57598
10929,Hosakote Bus Stand (Old),13.07877,77.78704
10930,Yanagunte,13.15781,77.79075
10931,Sadhapanalli Gate,13.16294,77.7928
10932,Attibele Sulibele,13.1698,77.79387
10933,Devanahalli Cross Sulibele,13.18487,77.79804
10934,Sulibele KEB,13.18568,77.80048
10935,Sulibele,13.18673,77.80293
10936,Sulibele KEB,13.18552,77.80023
10937,Devanahalli Cross Sulibele,13.18495,77.79797
10938,Papanahalli Gate,13.18862,77.79465
10939,Bidalapura Cross,13.19664,77.77773
10940,Chikkahosahalli Gate,13.20711,77.76307
10941,STRR Devanahalli Toll,13.20732,77.76248
10942,Channahalli Gate,13.21278,77.75462
10943,Haraluru Gate,13.2188,77.75166
10944,Thellahalli Gate,13.22041,77.74816
10945,Air Lines Dhaba Gate,13.2225,77.74086
10946,Budihal Gate,13.22417,77.73861
10947,Sowthegowdanahalli,13.23103,77.7304
10948,Rayasandra Gate,13.23351,77.72712
10949,Vijayapura Toll Gate,13.29156,77.80606
10950,I Basapura,13.24219,77.82194
10951,Gopasandra Cross,13.22841,77.81029
10952,Dodda Kurabarahalli,13.22553,77.8092
10953,Varadenahalli,13.21643,77.80343
10954,Papanahalli,13.21389,77.80222
10955,Ankanahalli,13.20433,77.79846
10956,Arasanahalli,13.20148,77.79737
10957,Ramapura,13.19126,77.79511
10958,Papanahalli Gate,13.18867,77.79459
10959,Sulibele,13.18673,77.80311
10960,Devanahalli Cross Sulibele,13.18482,77.79795
10961,Attibele Sulibele,13.16987,77.79388
10962,Sadhapanalli Gate,13.16299,77.79286
10963,Venkatapura,13.2798,77.82075
10964,Hosapete,13.27191,77.84476
10965,Jangamakote Cross,13.27051,77.84879
10966,Jangamakote,13.26136,77.84691
10967,Sugaturu,13.25697,77.83283
10968,I Basapura,13.2427,77.82258
10969,Papanahalli Gate,13.18865,77.79454
10970,L and T Factory Doddaballapura,13.29225,77.56981
10971,Raghunathapura Doddaballapura,13.28869,77.57724
10972,Nagadenahalli,13.28518,77.59849
10973,Chapradakallu,13.27924,77.62536
10974,Yeliyur,13.25947,77.7653
10975,Dodda Thimmanahalli,13.26947,77.76217
10976,Aliyuru,13.263,77.76564
10977,Chikkamaranahalli,13.25705,77.76374
10978,Yeliyur Cross,13.25271,77.76262
10979,Binnamangala Gokare,13.25355,77.74266
10980,Gokare,13.24897,77.72681
10981,Binnamangala Gokare,13.25365,77.74268
10982,Yeliyur Cross,13.25277,77.76266
10983,Yadala,13.25169,77.78949
10984,Devanayakanahalli,13.17536,77.77256
10985,Reddyhalli,13.18941,77.7545
10986,Doddahosahalli,13.19782,77.75047
10987,Thabarahalli Gate,13.18856,77.64409
10988,Tharabanahalli,13.19037,77.62759
10989,Tharabanahalli Colony,13.19084,77.62535
10990,Gadenahalli Gate,13.19583,77.6195
10991,Gadenahalli,13.18817,77.61756
10992,Gadenahalli,13.18823,77.61752
10993,Millers Road,12.99545,77.60216
10994,Coles Park,12.99308,77.60928
10995,Indian Oil,13.00598,77.63877
10996,Subbayyanapalya/Ayyappa Temple,13.00747,77.64063
10997,Chowdary Line,13.00521,77.63878
10998,Indian Oil,13.00548,77.63871
10999,Banasawadi,13.01441,77.65102
11000,Steel Factory Banasawadi,13.01306,77.64934
11001,Maruthi School,13.00961,77.64413
11002,Subbayyanapalya/Ayyappa Temple,13.00755,77.64093
11003,Krishnaraja Pura Govt Hospital,13.00804,77.69217
11004,ITI Colony Gate,13.00503,77.68506
11005,KR Pura Railway Station,13.00133,77.67814
11006,ITI Colony Gate,13.00516,77.6849
11007,ITI Circle,13.00782,77.68335
11008,Ramamurthy Nagara Church,13.01169,77.67891
11009,Ramamurthy Nagara Alada Mara,13.01139,77.67668
11010,Yarayyanapalya,13.01149,77.67342
11011,Ramamurthy Nagara Manipal,13.01164,77.67054
11012,Ramamurthy Nagara Police Station,13.01205,77.66778
11013,B Channasandra Bridge(Ramamurthy Nagara Ring Road),13.01329,77.66193
11014,New Baldwin School,13.01433,77.65818
11015,Steel Factory Banasawadi,13.01333,77.6498
11016,Maruthi School,13.00987,77.64409
11017,Banaswadi Fire Station,13.01131,77.64604
11018,Banasawadi,13.01452,77.65234
11019,New Baldwin School,13.01456,77.65779
11020,B Channasandra Bridge(Ramamurthy Nagara Ring Road),13.01229,77.66199
11021,Chowdeshwari Temple B Channasandra,13.01094,77.65918
11022,B Channasandra,13.01006,77.6575
11023,SRR Kalyana Mantapa,13.00902,77.65617
11024,SRR Kalyana Mantapa,13.00744,77.65464
11025,Srinidhi Hotel,13.01175,77.64728
11026,OMBR Layout,13.00824,77.65233
11027,Shivaparvathi Kalyanamantapa,13.00861,77.65134
11028,B Channasandra Bridge(Ramamurthy Nagara Ring Road),13.01318,77.66272
11029,Ramamurthy Nagara Police Station,13.01212,77.66735
11030,Ramamurthy Nagara Manipal,13.01169,77.67044
11031,Yarayyanapalya,13.01155,77.67317
11032,Ramamurthy Nagara Alada Mara,13.01146,77.67644
11033,Ramamurthy Nagara Church,13.01177,77.67878
11034,ITI Circle,13.0079,77.68338
11035,ITI Colony Gate,13.00532,77.68522
11036,Krishnaraja Pura Govt Hospital,13.00798,77.69271
11037,Depot-24 Gate,13.00341,77.6825
11038,Sir M Vishweshwaraiah Railway Station,12.99966,77.64099
11039,ADMC Quarters Office,13.00438,77.64131
11040,TC Palya,13.02161,77.69986
11041,Anandapura,13.0241,77.6927
11042,Bhakthi Yoga Ashrama,13.02256,77.68928
11043,Akshayanagara,13.02068,77.68354
11044,Koshys Hospital Kalkere,13.02067,77.67701
11045,Kalkere Cross,13.0213,77.67891
11046,Raghavendra Circle,13.01994,77.67445
11047,Muneshwara Nagara,13.01785,77.67118
11048,Hoysala Nagara,13.01668,77.66891
11049,RK Apartment,13.01459,77.66526
11050,Yeshawanthapura New Railway Station,13.02349,77.55066
11051,Banasawadi 100 Feet Road,13.01513,77.64963
11052,Indira Canteen (DESI MASALA),13.01772,77.65219
11053,Horamavu Signal,13.0194,77.65576
11054,RK Medical,13.02255,77.65781
11055,Horamavu,13.02646,77.66083
11056,Jayanthinagara,13.02888,77.66386
11057,Sun Shine School,13.03098,77.66837
11058,Kalkere School,13.03332,77.67318
11059,Kalkere,13.03367,77.67465
11060,Pooja Garden,13.03898,77.67742
11061,K Channasandra,13.04016,77.67947
11062,Maragondanahalli,13.0372,77.69297
11063,City Civil Court (CHAKRA),12.97339,77.58237
11064,N R I  Layout,13.02988,77.67733
11065,Kalkere,13.03363,77.67475
11066,Kalkere School,13.03326,77.6732
11067,Sun Shine School,13.03088,77.66821
11068,Jayanthinagara,13.02875,77.66385
11069,Horamavu,13.02653,77.66096
11070,RK Medical,13.02331,77.65832
11071,Horamavu Signal,13.01889,77.65551
11072,Indira Canteen (DESI MASALA),13.01759,77.65205
11073,Banasawadi 100 Feet Road,13.01508,77.64969
11074,Rampura Cross,13.05198,77.6811
11075,K Channasandra,13.04009,77.67967
11076,Pooja Garden,13.03889,77.67756
11077,FAZ FARMS,13.02553,77.66747
11078,RK Apartment,13.01465,77.66531
11079,Hoysala Nagara,13.01669,77.66888
11080,Muneshwara Nagara,13.01793,77.67123
11081,Raghavendra Circle,13.01994,77.67428
11082,Koshys Hospital Kalkere,13.02077,77.67708
11083,Akshayanagara,13.02072,77.68339
11084,Bhakthi Yoga Ashrama,13.02262,77.6893
11085,Anandapura,13.02423,77.69285
11086,TC Palya,13.0216,77.69998
11087,TC Palya Cross,13.02087,77.70493
11088,TC Palya  Gate Hosakote Road,13.01705,77.7045
11089,KR Pura Extension,13.01143,77.69869
11090,KR Pura Market,13.00821,77.69535
11091,TC Palya Cross,13.02084,77.7049
11092,Garden City College TC Palya,13.02443,77.70712
11093,Kittaganuru Cross,13.03622,77.70881
11094,Kittaganuru,13.03736,77.71053
11095,Kittaganuru,13.03733,77.71055
11096,Kittaganuru Cross,13.03624,77.7089
11097,Garden City College TC Palya,13.02432,77.70708
11098,B Channasandra Bridge(Ramamurthy Nagara Ring Road),13.01311,77.66257
11099,Bayyappanahalli Metro Station  Back Gate,12.99166,77.65212
11100,Sadananda Nagara,12.99442,77.65799
11101,Benniganahalli Bridge,12.99718,77.66274
11102,Kasthuri Nagara,13.00258,77.66119
11103,Doctors Layout Kasturinagara,13.00609,77.65948
11104,Krishnaraja Pura Govt Hospital,13.00821,77.69214
11105,KR Pura Market,13.00841,77.69403
11106,KR Pura Extension,13.01172,77.69862
11107,TC Palya  Gate Hosakote Road,13.01738,77.70438
11108,Sir M Vishweshwaraiah Railway Station,12.99897,77.64057
11109,IOC Circle,13.00488,77.63714
11110,Ramaswamypalya,13.00964,77.63534
11111,Oil Mill Road Junction,13.01274,77.63535
11112,Kammanahalli Empire Hotel,13.01472,77.63579
11113,Kammanahalli,13.01766,77.6364
11114,Jalavayu Vihara,13.02117,77.63695
11115,8th Main 3rd Cross  Junction,13.02248,77.63714
11116,Kalyananagara Junction,13.02585,77.63699
11117,80 feet Road Kalyananagara,13.02564,77.6406
11118,Babusabpalya 302,13.02285,77.64747
11119,HRBR Layout Cross,13.02382,77.64337
11120,Kalyananagara 1st Block,13.02188,77.64331
11121,80ft Road HRBR Layout,13.02035,77.64328
11122,80ft Road Banasawadi,13.01538,77.6429
11123,Patel Public School Kalyananagara,13.01364,77.64251
11124,Maruthi School,13.00957,77.64327
11125,Kalyananagara Junction,13.02589,77.63709
11126,8th Main 3rd Cross  Junction,13.02254,77.63723
11127,Jalavayu Vihara,13.02137,77.63701
11128,Kammanahalli,13.01792,77.6365
11129,Kammanahalli Empire Hotel,13.01475,77.63587
11130,Kullappa Circle,13.01405,77.63956
11131,Maruthi School,13.00948,77.64318
11132,Patel Public School Kalyananagara,13.01387,77.64233
11133,80ft Road Banasawadi,13.01511,77.64267
11134,80ft Road HRBR Layout,13.02095,77.64317
11135,Kalyananagara 1st Block,13.022,77.64313
11136,HRBR Layout Cross,13.02386,77.64321
11137,Kalyananagara 302,13.02605,77.63708
11138,Chelekere Circle,13.0307,77.64396
11139,Jayanthinagara,13.02884,77.6637
11140,Kasthurinagara,13.004,77.66328
11141,Benniganahalli Bridge,12.99714,77.66288
11142,Sadananda Nagara,12.99446,77.65825
11143,Krishnayyana Palya NGEF,12.99191,77.65161
11144,Bayyappanahalli Metro Station,12.98967,77.65404
11145,NGEF,12.98771,77.64986
11146,Suranjan Das Road/NGEF,12.98643,77.6481
11147,GTRE Engine Division,12.9836,77.64942
11148,Banjara Layout,13.03832,77.66516
11149,Om Shakthi Temple,13.03961,77.6681
11150,Om Shakthi Temple,13.03955,77.66814
11151,Banjara Layout,13.03826,77.66533
11152,Koraluru,12.9979,77.7842
11153,Koraluru Railway Gate,12.99608,77.78371
11154,Thirumalashettyhalli  Cross,12.9862,77.7811
11155,Channasandra,12.98334,77.76702
11156,MVJ College Channasandra,12.98286,77.76121
11157,Hope Farm,12.9839,77.75189
11158,BPL,12.98531,77.74768
11159,GR Tech Park ITPL,12.98666,77.74351
11160,ITPL,12.98754,77.73636
11161,Pattandur Agrahara Gate,12.9878,77.73366
11162,Big Bazzar ITPL,12.98827,77.73061
11163,Prestige Shantiniketana /Manipal Hospital,12.98872,77.72844
11164,Rajapalya,12.99138,77.72084
11165,Hoodi,12.99191,77.71576
11166,Hoodi Metro Station,12.98863,77.7115
11167,Graphite Junction,12.98524,77.70808
11168,Brook Steel ESI,12.99295,77.70547
11169,Garudacharpalya,12.99388,77.70172
11170,Singaianapalya Phoenix,12.99542,77.6954
11171,Mahadevapura,12.9972,77.69069
11172,B Narayanapura,13.00028,77.68415
11173,Benniganahalli,12.99406,77.6632
11174,Gurudwara/Lido,12.97506,77.6201
11175,Philips Millenium Halasuru,12.98196,77.62443
11176,Halasuru,12.97949,77.62949
11177,Depot-06 Gate,12.98255,77.63434
11178,Binnamangala,12.98331,77.63834
11179,NGEF,12.98787,77.64987
11180,Bayyappanahalli Metro Station,12.99001,77.65454
11181,Benniganahalli,12.99428,77.6633
11182,Tin Factory,12.99698,77.66937
11183,KR Pura Railway Station,13.00022,77.67597
11184,B Narayanapura,13.00039,77.68399
11185,Mahadevapura,12.99738,77.69064
11186,Singaianapalya Phoenix,12.9956,77.69531
11187,Garudacharpalya,12.99403,77.70158
11188,Brook Steel ESI,12.9931,77.70535
11189,Hoodi,12.99223,77.71576
11190,Rajapalya,12.99129,77.72123
11191,Prestige Shantiniketana /Manipal Hospital,12.98916,77.72667
11192,Big Bazzar ITPL,12.98823,77.73197
11193,Pattandur Agrahara Gate,12.98803,77.73354
11194,ITPL,12.98766,77.73704
11195,GR Tech Park ITPL,12.98681,77.74338
11196,BPL,12.98525,77.74828
11197,Hope Farm,12.98376,77.75305
11198,MVJ College Channasandra,12.98283,77.76082
11199,Channasandra,12.98348,77.7683
11200,Thirumalashettyhalli  Cross,12.98602,77.78128
11201,Samethanahalli,12.98027,77.78987
11202,Bhodhana Hosahalli,12.97886,77.80248
11203,Dodda Dunnasandra,12.97685,77.81653
11204,Dodda Dunnasandra Cross,12.97585,77.82046
11205,Anugondanahalli Cross,12.95895,77.81599
11206,Obalapura Gate,12.95627,77.8241
11207,Medi Mallasandra,12.95283,77.83036
11208,MG Road Electric B Station,12.97403,77.61279
11209,Lido Talkies,12.97346,77.62005
11210,Mata Mallasandra,12.94743,77.83412
11211,Arehalli Cross,12.94227,77.83669
11212,Kalkunte Agrahara,12.93282,77.84095
11213,Arehalli,12.93738,77.82992
11214,Shiva Ittige Factory,12.92749,77.85018
11215,Yettu Kodi,12.92116,77.85567
11216,Ganagaluru Cross,12.91373,77.86184
11217,Anche Muskuru,12.9043,77.86795
11218,Chikka Thirupathi,12.89538,77.86704
11219,Alambadi,12.89273,77.88659
11220,Sonnur Gate,12.89106,77.89368
11221,Christ International School Cross,12.88587,77.89049
11222,Sampangere,12.87444,77.88294
11223,Anugondanahalli,12.95716,77.81546
11224,Ganagaluru,12.91118,77.85165
11225,Ganagaluru Cross,12.91382,77.86169
11226,Yettu Kodi,12.92118,77.85556
11227,Shiva Ittige Factory,12.92781,77.84935
11228,Kalkunte Agrahara,12.93291,77.84089
11229,Arehalli Cross,12.94222,77.83665
11230,Medi Mallasandra,12.95289,77.8302
11231,Obalapura Gate,12.95626,77.82408
11232,Anugondanahalli Cross,12.95894,77.81583
11233,Dodda Dunnasandra Cross,12.97608,77.82017
11234,Dodda Dunnasandra,12.97683,77.81661
11235,Bhodhana Hosahalli,12.97884,77.80247
11236,Samethanahalli,12.98027,77.78981
11237,Helicopter Division,12.95582,77.67735
11238,HAL Kalyana Mantap,12.9546,77.68215
11239,Yamalur Cross,12.95525,77.68829
11240,Marathahalli,12.95626,77.69409
11241,Marathahalli Bridge,12.9569,77.70215
11242,Munnekolalu Cross (Spice Garden),12.95636,77.70953
11243,Kundalahalli Gate,12.95593,77.71574
11244,Thubarahalli,12.95592,77.72057
11245,Siddapura,12.95634,77.73191
11246,Ramagondanahalli,12.95704,77.74039
11247,Varthur kodi,12.95897,77.74642
11248,Forum Mall,12.95977,77.74683
11249,Brooke Bond,12.96392,77.74833
11250,White Field Post Office,12.97056,77.75
11251,Sai Baba General Hospital,12.97383,77.75042
11252,Munish Singh Hospital,12.97703,77.75104
11253,Coffee Day Hope Farm,12.97998,77.75162
11254,Mata Mallasandra,12.94782,77.83359
11255,Kalkunte Agrahara School,12.9365,77.84126
11256,Narayanakere,12.94398,77.85776
11257,Handenahalli,12.9584,77.84704
11258,BN Bachegowda Badavane,12.9627,77.84542
11259,Handenahalli,12.95841,77.84709
11260,Narayanakere,12.94391,77.85785
11261,Kalkunte Agrahara School,12.93636,77.8412
11262,Chikka Thirupathi,12.89536,77.86697
11263,Anche Muskuru,12.90452,77.8678
11264,Kadugodi Bridge,12.99448,77.75769
11265,Sathya Sai Baba Mandir,13.00118,77.75753
11266,Bellathur,13.00417,77.75694
11267,Seegehalli Gate  Kadugodi,13.01331,77.76101
11268,Shell Petrol Bunk,13.01756,77.7621
11269,Chaithanya Samarpan Apartment,13.0207,77.76206
11270,Sai Lakshmi Industries,13.02454,77.76162
11271,Bevina Mara Kannamangala,13.02801,77.76027
11272,Kannamangala Gate,13.03245,77.75855
11273,Khaji Sonnenahalli Gate,13.03461,77.75898
11274,Safal Market,13.03799,77.75976
11275,Gorivegere Gate,13.04412,77.76033
11276,Sannathammanahalli,13.04814,77.76054
11277,Chikka Thirupathi,12.89532,77.867
11278,Ganagaluru Circle,12.89332,77.85016
11279,Maranagere,12.88233,77.8522
11280,Gundur Colony,12.87506,77.84533
11281,Shivanapura,12.87417,77.85416
11282,Thirumalashettyhalli Cross,12.98638,77.78122
11283,Soukya Hospital Junction,12.98811,77.78194
11284,Koraluru Railway Gate,12.99608,77.78364
11285,Koraluru,12.99789,77.78411
11286,Mallasandra,13.0082,77.7841
11287,Bhaktharahalli Cross,13.01852,77.78438
11288,Bhaktharahalli,13.02196,77.79627
11289,Mallasandra,13.00818,77.78415
11290,Naduvatti,13.00614,77.79651
11291,Bisanahalli,13.00891,77.81306
11292,Bisanahalli Cross,13.00916,77.81418
11293,Kacharakanahalli Cross,13.00934,77.81536
11294,Hunasenahalli,13.00966,77.82599
11295,Makanahalli,13.0097,77.82892
11296,Hebbala Bridge,13.04259,77.5925
11297,Kalyananagara,13.02654,77.63688
11298,Horamavu Signal,13.01966,77.65437
11299,Vijaya Bank Colony Ring Road,13.01726,77.65992
11300,B Channasandra Bridge(Ramamurthy Nagara Ring Road),13.01128,77.66242
11301,Naduvatti Colony,12.99985,77.79982
11302,Bisanahalli Cross,13.00916,77.81419
11303,Kodihalli,13.01806,77.81237
11304,Devashettyhalli,13.02419,77.82104
11305,Kattigenahalli,13.0236,77.877
11306,Bommanabande,13.01208,77.87171
11307,Khaji Hosahalli,13.00843,77.86588
11308,Paramanahalli,13.00853,77.84304
11309,Makanahalli,13.00967,77.8289
11310,Makanahalli 1st stop,13.00997,77.82842
11311,Hunasenahalli,13.00964,77.82591
11312,Kacharakanahalli Cross,13.00932,77.81529
11313,Naduvatti,13.0061,77.79657
11314,Mallasandra,13.0081,77.78412
11315,Soukya Hospital Junction,12.98795,77.78205
11316,Vagata,13.02308,77.83578
11317,Makanahalli Cross,13.01873,77.82965
11318,Kateramma Temple Makanahalli,13.01245,77.82804
11319,Bisanahalli,13.00884,77.81304
11320,Makanahalli 1st stop,13.00999,77.82839
11321,Dodda Dasarahalli,13.00454,77.83087
11322,Geddalapura,12.99577,77.84056
11323,Tharabanahalli,12.99641,77.84401
11324,Tharabanahalli,12.99654,77.84406
11325,Paramanahalli,13.00855,77.84306
11326,Kattigenahalli,13.02364,77.87696
11327,Pitchguntarahalli,13.00018,77.88352
11328,Devalapura Circle,12.98268,77.82829
11329,Biscuits Factory,12.98904,77.81303
11330,KSWH Gowdon,12.98921,77.78469
11331,Depot-24 Gate,13.00331,77.6825
11332,KSWH Gowdon,12.98932,77.78456
11333,Biscuits Factory,12.989,77.81324
11334,Devalapura Circle,12.98272,77.82842
11335,Devanagondi,12.97405,77.83873
11336,Shrunga School Devangondi,12.97406,77.83262
11337,Hosahalli Cross Devanagondi,12.9747,77.82966
11338,Hope Farm,12.98429,77.75261
11339,Dodda Dunnasandra Cross,12.97599,77.82056
11340,Hosahalli Cross Devanagondi,12.97479,77.82971
11341,Shrunga School Devangondi,12.97414,77.8326
11342,Devanagondi,12.97407,77.83869
11343,Santhe Devanagondhi,12.96585,77.83932
11344,Medahalli Cross,12.96545,77.84349
11345,Medahalli Colony,12.96723,77.85228
11346,Domlur Cross,12.97476,77.8556
11347,Lingadeera Mallsandra Cross,12.98353,77.87114
11348,Lingadeera Mallsandra,12.97917,77.87117
11349,AL-Agro Factory,12.98697,77.88059
11350,Marasandra Gate,12.98431,77.87375
11351,Domlur Cross,12.97456,77.8559
11352,Medahalli Colony,12.96719,77.85235
11353,Medahalli Cross,12.96541,77.84352
11354,Santhe Devanagondhi,12.96581,77.83936
11355,Hosahalli Cross Devanagondi,12.97485,77.82955
11356,Devalapura Circle,12.98277,77.82836
11357,Devalapura,12.98466,77.82936
11358,Devanagondi Railway Station,12.98534,77.82956
11359,Devanagondi LPG,12.98996,77.83009
11360,Devanagondi IOC,12.98799,77.83728
11361,Thindlu,12.99053,77.86493
11362,Thindlu,12.99049,77.86492
11363,Dodda Dasarahalli Cross,12.99815,77.84145
11364,Geddalapura,12.9956,77.84059
11365,Devanagondi IOC,12.98789,77.83736
11366,Devanagondi LPG,12.98996,77.83018
11367,Devanagondi Railway Station,12.98547,77.82975
11368,Devalapura,12.98457,77.82944
11369,Hosahalli Cross Devanagondi,12.9747,77.82951
11370,Mayohall,12.97266,77.61083
11371,Kanekallu Cross,12.99611,77.82644
11372,Karekal,12.9932,77.82295
11373,BN Bachegowda Badavane Colony,12.96279,77.84504
11374,D Hosahalli,12.96831,77.83242
11375,D Hosahalli,12.96839,77.83253
11376,BN Bachegowda Badavane Colony,12.96278,77.84512
11377,Banarahalli,12.95716,77.86284
11378,Depot-41 Gate,12.9213,77.74239
11379,Hosahalli,12.92025,77.7417
11380,Gunjuru,12.92142,77.73638
11381,Vinayakanagara Varthur,12.92883,77.73962
11382,Varthuru Police Station,12.93828,77.74692
11383,Varthuru,12.94016,77.74727
11384,Varthuru Govt College,12.94276,77.74697
11385,Whitefiled ACP Police Station,12.97538,77.7507
11386,Medahalli,12.96824,77.84543
11387,Somalapura,12.9689,77.86114
11388,Domlur,12.96758,77.87192
11389,Marasandra Gate,12.98446,77.87381
11390,Marasandra,12.98074,77.87469
11391,Lingadeera Mallsandra Cross,12.98345,77.87104
11392,Lakkur,12.92756,77.88596
11393,Pura,12.94025,77.88498
11394,Koduru,12.9421,77.89357
11395,Pura,12.94028,77.88498
11396,Lakkur,12.92739,77.88634
11397,Kodihalli,12.92813,77.89844
11398,KodIhalli,12.92808,77.8986
11399,Hulimangala Hosakote,12.96212,77.89883
11400,Hulimangala,12.95653,77.89965
11401,Baraguru,12.95115,77.88386
11402,Arasanahalli,12.96478,77.88863
11403,Kundalahalli Gate,12.95674,77.71499
11404,Kundalahalli,12.95832,77.71566
11405,BEML Layout Gate,12.96083,77.71641
11406,AECS Layout Cross,12.96511,77.71827
11407,CMRIT College,12.96764,77.71389
11408,Kundalahalli Colony,12.97022,77.71248
11409,Graphite India,12.97821,77.71135
11410,SAP Labs,12.9778,77.7144
11411,Kundalahalli Metro Station,12.97753,77.71632
11412,I Gate,12.97734,77.71863
11413,KTPO,12.97702,77.72225
11414,White Field Bus Station (Vydehi Hospital),12.9774,77.72693
11415,Sathya Sai Hospital,12.9823,77.72773
11416,TC Palya  Gate Hosakote Road,13.01736,77.70462
11417,Bhattarahalli,13.02046,77.70985
11418,SJES College,13.02393,77.71589
11419,Medahalli,13.02647,77.72054
11420,Cipla Avalahalli,13.03263,77.73114
11421,Cipla Avalahalli,13.03229,77.73139
11422,Veeranahalli,13.02714,77.73642
11423,Veeranahalli,13.0273,77.73639
11424,Vindyagiri BDA Nivasa,13.03405,77.75151
11425,Doddabannahalli,13.02625,77.74816
11426,Doddabannahalli,13.02641,77.74836
11427,Vindyagiri BDA Nivasa,13.03406,77.75148
11428,Medahalli,13.02597,77.72036
11429,SJES College,13.023,77.715
11430,Bhattarahalli,13.01951,77.70898
11431,Bayyappanahalli,13.07164,77.7208
11432,Amogha Layout,13.07509,77.71806
11433,Kammasandra,13.07856,77.71636
11434,Gundur,13.0867,77.71501
11435,Vasavi Vidya Mandira,12.94832,77.57564
11436,Ayyappa Nagara Muneshwara Temple Sadaramangala,13.00451,77.7124
11437,Ayyappa Nagara  Sadaramangala,13.00426,77.70997
11438,Chikka Devasandra KR Puram,13.00423,77.70605
11439,Venugopala Temple Devasandra,13.00525,77.7023
11440,Devasandra,13.00618,77.70009
11441,Medahalli,13.02616,77.72082
11442,Kurudu Sonnenahalli Cross,13.02057,77.72096
11443,Manjunatha Nagara Layout Cross,13.01858,77.72011
11444,Priyanka Nagar Cross,13.01667,77.72019
11445,Seegehalli Junction,13.01627,77.71693
11446,Bhattarahalli Cross,13.01618,77.70932
11447,Bhattarahalli Cross,13.01616,77.70931
11448,Seegehalli Junction,13.01628,77.71696
11449,Priyanka Nagar Cross,13.0167,77.72025
11450,Manjunatha Nagara Layout Cross,13.0186,77.72009
11451,Kurudu Sonnenahalli Cross,13.02057,77.72094
11452,Seegehalli,13.01426,77.71697
11453,Devasandra,13.00621,77.70012
11454,Venugopala Temple Devasandra,13.00529,77.70232
11455,Chikka Devasandra KR Puram,13.00442,77.70583
11456,Ayyappa Nagara Sadaramangala,13.00431,77.71002
11457,Kodigehalli Gate,13.00361,77.72341
11458,Depot-51 Sadaramangala Departure,12.99606,77.72622
11459,Sadaramangala Gate,12.99782,77.73669
11460,Sadaramangala,12.99921,77.73677
11461,Sadaramangala Gate,12.99778,77.73666
11462,Depot-51 Sadaramangala Arrival,12.99596,77.72624
11463,Kodigehalli Gate,13.00356,77.72327
11464,Ayyappa Nagara Muneshwara Temple Sadaramangala,13.00445,77.71243
11465,East Point College,13.05085,77.71401
11466,Maragondanahalli,13.03735,77.693
11467,NGEF,12.98738,77.64856
11468,Krishnayyana Palya NGEF,12.99182,77.65184
11469,B Channasandra,13.0102,77.6576
11470,Nagavarapalya,12.98948,77.6639
11471,CV Raman Nagara,12.98564,77.66401
11472,A P J Abdul Kalam Statue,12.97977,77.65418
11473,CV Raman Nagara,12.98555,77.66382
11474,Geetanjali Layout,12.97692,77.65471
11475,Bagmane Tech Park,12.98076,77.65642
11476,DRDO Quarters,12.98546,77.66133
11477,GM Palya,12.97519,77.66605
11478,Byrasandra Cross,12.97556,77.66801
11479,Malleshpalya,12.97482,77.67035
11480,Maruthinagara Malleshpalya,12.9734,77.67492
11481,CV Raman Nagara Railway Gate,12.98353,77.67997
11482,Malleshpalya New Bus Station(Vignananagar),12.97274,77.67796
11483,Malleshpalya New Bus Station(Vignananagar),12.97269,77.67765
11484,Maruthinagara Malleshpalya,12.97334,77.67506
11485,Malleshpalya,12.97476,77.6704
11486,Byrasandra Cross,12.97546,77.66812
11487,GM palya,12.97518,77.66618
11488,Srirama Reddy Layout,12.97182,77.68145
11489,Basavanagara,12.96682,77.68276
11490,Basavanagara,12.96664,77.68279
11491,Srirama Reddy Layout,12.97175,77.68157
11492,Rameshnagara,12.96408,77.68213
11493,Abbaiah Layout,12.97933,77.68082
11494,B Channasandra,13.01,77.6576
11495,Kasthuri Nagara,13.00247,77.6613
11496,Karnataka High Court Staff Quarters,12.99494,77.65412
11497,Krishnayyana Palya NGEF,12.99212,77.65163
11498,Philips Millenium Halasuru,12.98182,77.62397
11499,Gurudwara,12.97604,77.62001
11500,RBANMS College,12.98074,77.61586
11501,Commercial Street,12.97994,77.60981
11502,Dickenson Road,12.98081,77.61058
11503,ESI Hospital Indiranagara,12.97136,77.63627
11504,Doctors Layout Kasturinagara,13.00611,77.65951
11505,Jeevanbheema Nagara Cross,12.96686,77.66166
11506,Annasandrapalya Cross,12.96039,77.66622
11507,HAL Main Gate,12.95862,77.6664
11508,Ramesh Nagara Cross,12.95464,77.67998
11509,HAL ARDC,12.96235,77.68871
11510,Hittarahalli,13.12333,77.74674
11511,Bommenahalli Colony,13.07103,77.74504
11512,Bommenahalli,13.07449,77.7468
11513,Lagumenahalli Circle,13.07218,77.75427
11514,Bendiganahalli,13.06721,77.75758
11515,Huskur,13.06053,77.76261
11516,Hancharahalli Circle,13.091,77.74932
11517,Hancharahalli,13.09366,77.75053
11518,Cheemasandra,13.04772,77.73938
11519,Kattu Gollahalli,13.09588,77.73511
11520,Kaggalahalli,13.15854,77.74543
11521,Kondenahalli,13.15519,77.73712
11522,Bidalapura,13.18779,77.7708
11523,Somathanahalli,13.16917,77.76858
11524,Balepura,13.19917,77.77892
11525,Naganayakanahalli,13.2261,77.79069
11526,Channarayapatna School,13.24409,77.79689
11527,Bidiganahalli Cross,13.25652,77.80481
11528,Hosakote Ayyappa Temple,13.07001,77.787
11529,Nanda Shree,13.06021,77.78446
11530,Pettanahalli Cross,13.0515,77.78479
11531,Sarakari Guttahalli Cross,13.04637,77.7849
11532,Doddagattiganabbe Cross,13.03341,77.78551
11533,Doddagattiganabbe,13.03369,77.78788
11534,Poojena Agrahara Cross,13.03544,77.79275
11535,Poojena Agrahara,13.03198,77.79306
11536,Vivekananda School,13.06917,77.79127
11537,Om Shree Circle,13.06917,77.79366
11538,Kannurahalli Cross/Bekary,13.06919,77.79826
11539,Kannurahalli,13.06,77.80713
11540,Kumbalahalli,13.09187,77.79366
11541,Pethanahalli Tank,13.04842,77.79514
11542,Ganagalu Cross,13.04599,77.79768
11543,Chikkagattiganabbe,13.0416,77.79554
11544,Poojena Agahara Dinne,13.03714,77.79583
11545,Koli Farm,13.0335,77.80284
11546,Ashwathkatte Kodihalli,13.01858,77.81063
11547,Kodihalli,13.01802,77.81233
11548,Kacharakanahalli,12.99484,77.8147
11549,Koli Farm,13.03352,77.80276
11550,Poojena Agahara Dinne,13.03714,77.79574
11551,Chikkagattiganabbe,13.04166,77.79549
11552,Ganagalu Cross,13.04597,77.79761
11553,Pettanahalli,13.0513,77.79206
11554,Pettanahalli Apartment,13.0512,77.78931
11555,Pettanahalli Cross,13.05153,77.78474
11556,Nanda Shree,13.06017,77.78441
11557,Hosakote Ayyappa Temple,13.06988,77.78696
11558,Hosakote Govt Hospital,13.07772,77.80173
11559,Siddartha Nagara,13.08098,77.80616
11560,Sonadenahalli Gate,13.08779,77.80761
11561,Sonadenahalli Hosakote,13.08995,77.80607
11562,Kurubarahalli,13.1022,77.79773
11563,Hotel Emerald,13.08306,77.81843
11564,Kolathuru Gate,13.08501,77.82512
11565,Halasahalli Cross,13.09001,77.83611
11566,Halasahalli,13.09344,77.83551
11567,Dasarahalli,13.09998,77.83611
11568,Gottipura Gate,13.09488,77.84646
11569,Gottipura,13.1081,77.8501
11570,MVJ Medical Hospital,13.07909,77.81229
11571,Dandupalya Gate,13.07689,77.80804
11572,Hosakote Govt Hospital,13.07725,77.80168
11573,Santhe Gate,13.07669,77.79532
11574,AL Ameen Residential School,13.06983,77.80832
11575,Devanagundi Cross,13.06044,77.82737
11576,Haraluru Gate,13.058,77.83646
11577,Jadigenahalli,13.05191,77.85434
11578,Jadigenahalli Hospital,13.04648,77.85875
11579,Karibeeranahosahalli Cross,13.04554,77.86469
11580,Karibeeranahosahalli,13.03865,77.8615
11581,Govindapura Colony,13.03063,77.85819
11582,Honachenahalli,13.01836,77.85491
11583,Kamarasanahalli,13.01628,77.86155
11584,Kannamangala,13.02624,77.7697
11585,Khaji Sonnenahalli,13.03343,77.77007
11586,Dodda Hulluru School Gate,13.0973,77.81685
11587,Dodda Hullur Gate,13.10193,77.82162
11588,Chikkahullur,13.1051,77.82485
11589,Chokkahalli Gate,13.11222,77.83213
11590,Pillagumpa Factory Gate,13.11518,77.83515
11591,Cholappanahalli Gate,13.1191,77.83923
11592,Mallimakanapura,13.12694,77.84731
11593,Bhimakanahalli Gate,13.13529,77.85584
11594,D Shettihalli Gate,13.15048,77.86833
11595,K Sathyavara Gate,13.15915,77.87365
11596,Karapanahalli Gate,13.16714,77.87852
11597,Shivanapura Cross,13.17693,77.88456
11598,Chokkasandra Gate,13.18333,77.8867
11599,Kannurahalli Ittige Factory,13.05444,77.80995
11600,Cheemandahalli,13.05063,77.81171
11601,Beguru,13.13887,77.84328
11602,Siddapura Nallurhalli,13.12947,77.86869
11603,Doddanallurahalli,13.11876,77.86296
11604,Cheemandahalli Cross,13.0449,77.81356
11605,Jinnagara,13.03301,77.82081
11606,Jinnagara Cross,13.02978,77.82616
11607,Dodda Dasarahalli Cross,12.99821,77.84148
11608,Depot-39 Gate,13.06905,77.78178
11609,Ganagalu,13.04925,77.802
11610,Govindapura,13.03128,77.85143
11611,Vijayapura Gate,13.03928,77.88171
11612,Kattigenahalli Gate,13.03737,77.88741
11613,Kattigenahalli Colony,13.02831,77.88434
11614,Honachenahalli,13.01845,77.85492
11615,Jinnagara Cross,13.02988,77.82598
11616,Kateramma Temple Makanahalli,13.01236,77.82797
11617,Jyothipura Budigere,13.10275,77.75065
11618,Nimbekaipura Gate,13.05306,77.7596
11619,Nimbekaipura,13.05853,77.75585
11620,Bendiganahalli,13.0671,77.75759
11621,Lagumenahalli Circle,13.07214,77.75426
11622,Bommenahalli Colony,13.07128,77.74521
11623,Khaji Sonnenahalli,13.03341,77.77009
11624,Kannamangala Gate,13.03217,77.75872
11625,Kadugodi Bus Station,12.99563,77.75855
11626,Kadugodi Metro Station,12.99532,77.75796
11627,Channasandra,12.98349,77.76808
11628,Kadugodi Bapuji Circle,12.99667,77.76357
11629,Dinnur,12.99159,77.7515
11630,Dinnur,12.99165,77.75146
11631,Lalbagh West Gate,12.94838,77.57966
11632,Lalbagh Main Gate,12.95408,77.58554
11633,Shanthinagara KH Road,12.95505,77.59178
11634,Ayurvedic Hospital Bodhanahosahalli,12.96969,77.8004
11635,Naganayakanakote Cross,12.96515,77.79988
11636,Naganayakanakote,12.96622,77.79481
11637,Muthkur,12.95501,77.80727
11638,Ayurvedic Hospital Bodhanahosahalli,12.96962,77.80022
11639,Tattanuru,12.91515,77.82413
11640,Anjan Vidya Kendra School,12.92411,77.82445
11641,Muthugadahalli,12.9294,77.82065
11642,Byalahalli,12.93962,77.81532
11643,Byalahalli Garment,12.94531,77.81545
11644,Yadagondanahalli,12.94952,77.81091
11645,Muthkur,12.95498,77.80714
11646,Naganayakanakote Cross,12.96533,77.79989
11647,Yadagondanahalli,12.9497,77.81089
11648,Byalahalli Garment,12.9455,77.81544
11649,Byalahalli,12.93978,77.81526
11650,Muthugadahalli,12.92943,77.82047
11651,Anjan Vidya Kendra School,12.92427,77.82438
11652,Tattanuru,12.91531,77.82413
11653,Hosahalli,12.92032,77.74169
11654,Depot-41 Gate,12.92131,77.74234
11655,Gunjuru,12.92089,77.73635
11656,Halasahalli Cross,12.93299,77.75816
11657,Vagdevi Vilas School,12.93238,77.7606
11658,Surya Nagara Apartment,12.9314,77.76252
11659,Chikka Nekkundi,12.92992,77.76569
11660,Nekkundi Dommasandra,12.92787,77.77594
11661,Janthagundanahalli Cross,12.92663,77.78176
11662,Janthagundanahalli,12.92431,77.78545
11663,Madappanahalli Cross,12.91767,77.79623
11664,Gonighattapura Cross,12.91278,77.79444
11665,Gonighattapura,12.91374,77.7888
11666,Gonighattapura Cross,12.9128,77.79446
11667,Kamanahalli Circle,12.9081,77.79268
11668,Kamanahalli,12.90795,77.7961
11669,Koli Farm,12.90335,77.80102
11670,Kuguru Gate,12.89972,77.80842
11671,Kuguru,12.9092,77.80969
11672,Janthagundanahalli,12.92421,77.78562
11673,Janthagundanahalli Cross,12.92649,77.78187
11674,Nekkundi Dommasandra,12.92785,77.77604
11675,Chikka Nekkundi,12.92985,77.76583
11676,Surya Nagara Apartment,12.9313,77.76268
11677,Vagdevi Vilas School,12.93227,77.76075
11678,Halasahalli Cross,12.9329,77.75829
11679,Gunjuru,12.92081,77.73649
11680,Thippasandra Gate,12.91823,77.75457
11681,Kathriguppe,12.9156,77.76558
11682,Nerige,12.91165,77.77684
11683,Kuthaganahalli Cross,12.89774,77.79057
11684,Bhovipalya,12.8935,77.79742
11685,Kuthaganahalli,12.88893,77.80201
11686,Rama Devasthana Sarjapur,12.85988,77.78933
11687,Abbaiah Circle Sarjapura,12.85976,77.79411
11688,Thindlu Gate,12.86044,77.79885
11689,Mahal Chowdadenahalli,12.87217,77.8085
11690,Dodda Thimmasandra Gate,12.87879,77.81277
11691,Pandithana Agrahara Junction,12.88486,77.81578
11692,Mugaluru,12.89488,77.82094
11693,Thiruvaranga Gate,12.89588,77.82878
11694,Baguru,12.89677,77.84224
11695,Baguru Colony,12.89469,77.84648
11696,Ganagaluru Circle,12.89343,77.85012
11697,Sonnur Gate,12.8911,77.89364
11698,Thippasandra,12.913,77.75308
11699,Ramanayakanahalli,12.90955,77.75593
11700,Ramanayakanahalli,12.90953,77.75587
11701,Thippasandra,12.91287,77.75307
11702,Thippasandra Gate,12.91818,77.75441
11703,Varthur Kodi,12.95664,77.74472
11704,Ramagondanahalli,12.95695,77.73949
11705,Siddapura,12.95607,77.73057
11706,Thubarahalli,12.95575,77.72042
11707,Kundalahalli Gate,12.95592,77.71378
11708,Munnekolalu Cross (Spice Garden),12.95634,77.70878
11709,Marathahalli Bridge,12.95694,77.70062
11710,Marathahalli,12.95611,77.69372
11711,Yamalur Cross,12.95498,77.68756
11712,HAL Kalyana Mantap,12.95448,77.68225
11713,Helicopter Division,12.95662,77.67535
11714,Varthuru Police Station,12.93798,77.74674
11715,Alambadi,12.8927,77.88656
11716,Baguru Colony,12.89457,77.8465
11717,Baguru,12.89645,77.84275
11718,Thiruvaranga Gate,12.89583,77.82879
11719,Mugaluru,12.89478,77.82101
11720,Mahal Chowdadenahalli,12.87219,77.80876
11721,Thindlu Gate,12.86036,77.79888
11722,Abbaiah Circle Sarjapura,12.85974,77.79402
11723,Rama Devasthana Sarjapur,12.85983,77.78929
11724,Sarjapura Circle,12.86089,77.78331
11725,Sompura Gate,12.86202,77.772
11726,Crystal Apartment Sarjapura Road,12.8677,77.76709
11727,Yamare,12.87198,77.76652
11728,Chambenahalli,12.87932,77.7616
11729,Thigalara Chowdenahalli Cross,12.88176,77.75687
11730,Dommasandra,12.87953,77.75375
11731,Dommasandra Circle,12.8833,77.75237
11732,TISB Boys Hostel,12.89192,77.74945
11733,Green Wood High School,12.90114,77.74775
11734,Heggondanahalli,12.90594,77.74651
11735,White Field Post Office,12.96982,77.75016
11736,Immadihalli,12.96669,77.76309
11737,Nagondanahalli,12.97524,77.77134
11738,Gandhipura,12.9697,77.75241
11739,Immadihalli,12.96674,77.76313
11740,Nagondanahalli,12.97526,77.77131
11741,Sorahunse Gate,12.9434,77.75108
11742,Sorahunse,12.94666,77.75419
11743,Valepura 1,12.95621,77.76515
11744,Ajjagondanahalli,12.95709,77.7684
11745,Thimmadanahalli Gate,12.95762,77.77544
11746,Harohalli,12.95681,77.78609
11747,Ramesh Nagara Cross,12.95469,77.67999
11748,Dommasandra Circle,12.88311,77.75246
11749,Gunjurpalya,12.92213,77.71782
11750,Panathuru Dinne,12.92927,77.71295
11751,Panathuru Dinne,12.92931,77.71296
11752,Gunjurpalya,12.92244,77.71772
11753,Domlur Marriad Accomodation,12.96188,77.63378
11754,Sarjapura,12.86125,77.78568
11755,Sarjapura Circle,12.86073,77.78363
11756,Handenahalli,12.85356,77.78255
11757,Garments Factory Borugunte,12.84552,77.7829
11758,Boorugunte,12.84231,77.78376
11759,Billapura,12.83768,77.78504
11760,Exide Gate,12.83507,77.78537
11761,Thyavakanahalli Gate,12.82794,77.78634
11762,S Medahalli,12.82365,77.78618
11763,Silk Farm,12.81704,77.78543
11764,Sriram Properties,12.81068,77.78464
11765,Bidaraguppe,12.80593,77.7836
11766,Anjaneya Temple Bidaraguppe,12.80086,77.78283
11767,Indlubele,12.79099,77.77632
11768,Jigala Cross,12.78206,77.77197
11769,Attibele Bus Stand,12.77896,77.77086
11770,Bhoganahalli,12.92644,77.70108
11771,Panathuru,12.93657,77.70368
11772,Panathuru Circle,12.93561,77.7058
11773,Kodathi Village,12.88835,77.7163
11774,Kodathi Gate,12.89653,77.7203
11775,Mulluru,12.90438,77.72449
11776,Kachamaranahalli,12.91221,77.73346
11777,Janthamane,12.94204,77.75742
11778,Madhura Nagara Hostel,12.9398,77.76027
11779,Madhura Nagara,12.94117,77.76421
11780,Valepura Cross,12.94638,77.7668
11781,Valepura Gate,12.94893,77.77237
11782,Shanimahathma Temple,12.94948,77.77042
11783,Valepura,12.95576,77.76635
11784,Varthuru Govt College,12.9425,77.74709
11785,Madhura Nagara Hostel,12.93975,77.76039
11786,Halasahalli,12.92416,77.76232
11787,Attibele Bus Stand,12.77954,77.77046
11788,Jigala Cross,12.78208,77.77188
11789,Indlubele,12.79085,77.77618
11790,Anjaneya Temple Bidaraguppe,12.80131,77.78276
11791,Bidaraguppe,12.80585,77.78349
11792,Sriram Properties,12.81145,77.78476
11793,Silk Farm,12.81695,77.78539
11794,S Medahalli,12.82387,77.78611
11795,Thyavakanahalli Gate,12.82757,77.78636
11796,Exide Gate,12.83503,77.78528
11797,Billapura,12.83742,77.785
11798,Boorugunte,12.8422,77.78376
11799,Garments Factory Borugunte,12.8445,77.78312
11800,Handenahalli,12.85363,77.7824
11801,KK School,12.93309,77.74289
11802,Attibele Bus Stand,12.77958,77.77061
11803,Muttanalluru Cross,12.8872,77.73836
11804,Aspire bee School,12.87915,77.72373
11805,Chikka Bellanduru,12.91219,77.71442
11806,Carmelram School Railway Gate,12.90975,77.70602
11807,Carmelram Railway Station,12.90719,77.70544
11808,Carmelram Gate,12.90352,77.70401
11809,Ambedkar Nagara,12.89929,77.71273
11810,Sarjapura Wipro Campus,12.89903,77.71354
11811,Kodathi Gate,12.8966,77.72037
11812,Sulikunte,12.89246,77.72846
11813,Muttanalluru Cross,12.88744,77.73839
11814,Depot-38 Gate,12.84902,77.69251
11815,Doddamma Temple,12.8472,77.69068
11816,Singena Agrahara Cross Fruits Market,12.84235,77.68709
11817,Huskur Gate,12.8361,77.67942
11818,Hebbagodi,12.82752,77.68224
11819,Bommasandra,12.81865,77.6894
11820,BTL College,12.81185,77.69485
11821,Hennagara Gate,12.80676,77.69892
11822,Chandapura,12.80258,77.70457
11823,Hale Chandapura,12.80182,77.71151
11824,Tirumagondanahalli,12.79407,77.72165
11825,Neraluru Gate,12.79229,77.72844
11826,Guddahatti Gate,12.78811,77.73702
11827,Guestline Hotel,12.78673,77.7419
11828,Yadavanahalli,12.78558,77.75079
11829,Whitefiled ACP Police Station,12.97533,77.75079
11830,Chokkasandra Cross,12.87348,77.73409
11831,Kammasandra Gate,12.87093,77.73389
11832,Harohalli Gate,12.8652,77.73261
11833,Head Start School Kommasandra,12.86055,77.73473
11834,Depot-42 Gate Departure,12.89553,77.7057
11835,KK School,12.93312,77.74279
11836,Dodda Thimmasandra Gate,12.87911,77.81302
11837,Nandi Kitchen Doddakannahalli,12.9078,77.69362
11838,Doddakannalli,12.90731,77.69556
11839,Kuthaganahalli Cross,12.89754,77.7905
11840,Chikka Dasarahalli Cross,12.88192,77.78783
11841,Ittanguru,12.87861,77.78724
11842,Kere Devasthana,12.87396,77.786
11843,Varthur Kodi,12.95679,77.74555
11844,Madhura Nagara,12.94124,77.76427
11845,Janthamane,12.94196,77.75743
11846,Sorahunse Gate,12.94331,77.75094
11847,Madappanahalli Cross,12.91784,77.79606
11848,Sheganayakanahalli Cross,12.92269,77.80882
11849,Madappanahalli,12.92246,77.81039
11850,Muthsandra,12.93813,77.78534
11851,Gullakaipura,12.9386,77.78171
11852,Kotur Gate,12.94765,77.77562
11853,Valepura Cross,12.94645,77.76694
11854,Kotur Gate,12.94767,77.77563
11855,Kotur,12.94532,77.78267
11856,Gullakaipura,12.93866,77.78159
11857,Bellikere,12.93038,77.79723
11858,Bellikere Cross,12.93664,77.79729
11859,Muthsandra,12.93781,77.78643
11860,Muthsandra,12.93784,77.78636
11861,Bellikere,12.93031,77.79724
11862,Damodhar Nagara,12.9536,77.79708
11863,Anugondanahalli,12.95726,77.81527
11864,Sheganayakanahalli,12.9263,77.80927
11865,Sheganayakanahalli Cross,12.9227,77.80893
11866,GTRE Engine Division,12.98352,77.64929
11867,Suranjan Das Road/NGEF,12.98648,77.64797
11868,Rameshnagara,12.96412,77.68212
11869,Dodda Nekkundi,12.97154,77.69429
11870,Dodda Nekkundi Cross,12.96793,77.6933
11871,Dodda Nekkundi Junction,12.95617,77.69173
11872,Military Accounts Office,12.96707,77.6203
11873,Trinity Circle,12.97071,77.61959
11874,Dodda Nekkundi Cross,12.96796,77.6934
11875,Kendriya Vidyalaya DRDO Quarters,12.98675,77.66408
11876,Nagavarapalya,12.98946,77.66387
11877,Trinity Metro Station,12.97295,77.61689
11878,Marathahalli Bridge,12.95715,77.70096
11879,Dodda Nekkundi,12.97146,77.69418
11880,Munnekolalu Junction,12.95646,77.7049
11881,Munnekolalu,12.94854,77.70802
11882,Electric B Station,12.97405,77.61394
11883,Balagere,12.9396,77.72902
11884,Balagere,12.93963,77.72901
11885,GBJ Colony Gate Doddanekkundi,12.95769,77.69141
11886,Siddapura,12.95637,77.73108
11887,Nallurahalli,12.96926,77.73563
11888,Munnekolalu Junction,12.9565,77.7049
11889,Dr Ambedkar Nagara,12.97981,77.75279
11890,Seetharampalya,12.98042,77.72192
11891,Graphite India,12.97705,77.71005
11892,Kundalahalli Colony,12.97052,77.71245
11893,CMRIT College,12.96763,77.71447
11894,AECS Layout Cross,12.96495,77.71832
11895,BEML Layout Gate,12.96054,77.7165
11896,Kundalahalli,12.95815,77.71571
11897,Big Bazzar  ITPL,12.98795,77.7318
11898,Sathya Sai Hospital,12.98263,77.72823
11899,Wind Tunnel Road (Murugeshpalya),12.9592,77.65427
11900,Golf Club HAL,12.95262,77.65257
11901,Challaghatta,12.94603,77.64913
11902,B Nagasandra,12.94368,77.65363
11903,Hosakote K E B Circle,13.07183,77.78673
11904,Domlur Flyover,12.9606,77.64155
11905,Dr BR Ambedkar Bus Terminal (Domlur),12.96191,77.63853
11906,Vibhuthipura Samudaya Bhavan,12.9647,77.67763
11907,Annasandrapalya,12.96444,77.67252
11908,ITPL Back Gate Big Bazzar,12.9863,77.73171
11909,White Field Bus Station (Vydehi Hospital),12.97642,77.72684
11910,KTPO,12.9768,77.72242
11911,I Gate,12.97717,77.71882
11912,Kundalahalli Metro Station,12.97737,77.71639
11913,SAP Labs,12.97765,77.71448
11914,HAL Main Gate,12.95852,77.66629
11915,Jeevan Bheemanagara Cross1,12.96687,77.66151
11916,HAL New Public School,12.95679,77.68215
11917,Annasandrapalya Cross,12.96044,77.66607
11918,KDLHG,12.95605,77.71488
11919,Bashyam Circle Rajajinagara,12.98441,77.55398
11920,Dhobi Ghat Rajajinagara,12.98701,77.55087
11921,Industrial Town Rajajinagara,12.98447,77.54837
11922,Dasarahalli Kere,12.98595,77.54179
11923,Havanur Circle,12.98797,77.53717
11924,Basaveshwaranagara New Bus Stand,12.98832,77.5336
11925,Sharada Colony,12.99239,77.53358
11926,Kamalanagara,12.99268,77.53082
11927,Kamalanagara BEML Layout,12.9929,77.52925
11928,ITPL Back Gate Big Bazzar,12.98658,77.73165
11929,Mahalakshmi Layout,13.01199,77.54408
11930,Srinivasa Temple,13.00835,77.54499
11931,Mahalakshmi Layout Entrance,13.00736,77.54879
11932,Rajajinagara 1st Block,13.00476,77.54923
11933,Diacon Hospital,13.00398,77.55002
11934,Bashyam Circle Rajajinagara,12.98441,77.5544
11935,Rajajinagara Entrance,12.98445,77.55716
11936,Yamalur,12.94844,77.68076
11937,Kempapura,12.94658,77.67305
11938,Multiplex Marathahalli,12.95227,77.70002
11939,Kadu bisanahalli,12.93934,77.6957
11940,Shanthinagara KH Road,12.95501,77.59193
11941,Lalbagh Hopcoms,12.95184,77.59079
11942,Srinivasa Nagara,12.93822,77.55649
11943,Shankarnagh Circle,12.93657,77.55949
11944,Vidyapeeta Circle,12.9352,77.56073
11945,ITI Layout,12.93347,77.55782
11946,Krishnasagara,12.93204,77.55573
11947,Vivekananda Nagara,12.93036,77.55344
11948,Pramod Layout,12.93878,77.5286
11949,Veerabhadra Nagara,12.93807,77.53368
11950,PES College,12.93522,77.53674
11951,Hosur Road Junction,12.93214,77.61329
11952,St Johns Hospital,12.92959,77.61584
11953,Koramangala Water Tank,12.92739,77.62144
11954,St francis College,12.92441,77.63086
11955,Bellanduru Gate SJP Road,12.91858,77.66991
11956,Kaikondrahalli,12.91404,77.67756
11957,Junnasandra Gate Wipro Regional Office,12.91086,77.68439
11958,Radhareddy Layout,12.90883,77.6897
11959,Carmelram School Railway Gate,12.9095,77.7059
11960,Chikka Bellanduru,12.91227,77.71435
11961,Gunjurpalya Gate,12.91726,77.72541
11962,HSR Layout Police Station,12.92025,77.65161
11963,HSR Layout Petrol Bunk,12.91976,77.65163
11964,19th Main 13th Cross HSR Layout,12.91593,77.65176
11965,CPWD Quarters HSR Layout,12.91413,77.65182
11966,NIFT College,12.91191,77.65192
11967,HSR Layout KEB,12.90356,77.64963
11968,Parangipalya,12.9089,77.6493
11969,HSR Layout 2nd Sector,12.91223,77.64475
11970,HSR Layout Bescom Office,12.9119,77.64952
11971,NIFT College,12.91198,77.65178
11972,19th Main 13th Cross HSR Layout,12.91582,77.65175
11973,HSR Layout Petrol Bunk,12.91964,77.65161
11974,CPWD Quarters HSR Layout,12.914,77.65181
11975,Agara Junction,12.92464,77.64937
11976,Jakkasandra,12.92454,77.63826
11977,Basappa Circle,12.95636,77.57717
11978,7th Cross Wilson Garden,12.94684,77.59465
11979,Chikkanayakanahalli,12.89231,77.69445
11980,Primus Public School,12.88838,77.69601
11981,Chikkanayakanahalli Dinne,12.88383,77.69706
11982,Doddamma Temple,12.87835,77.69884
11983,Gattahalli,12.86831,77.70361
11984,Huskur,12.86143,77.70516
11985,Chikka Nagamangala Gate,12.85921,77.70367
11986,Sumuka Layout,12.85473,77.70018
11987,Depot-38 Gate,12.84901,77.69247
11988,Somasandra Palya,12.89881,77.65121
11989,SVR College,12.90225,77.65058
11990,Parangipalya Cross,12.90835,77.65178
11991,St francis College,12.92432,77.63124
11992,Kudure Mukha Colony,12.92553,77.62563
11993,Koramangala Water Tank,12.92753,77.62075
11994,St Johns Hospital,12.92933,77.61594
11995,Hosur Road junction,12.93201,77.61316
11996,7th Cross Wilson Garden,12.94699,77.59436
11997,Lalbagh Hopcoms,12.95122,77.59132
11998,Lalbagh Main Gate,12.95427,77.58449
11999,Haraluru,12.90149,77.66039
12000,Haraluru Cross,12.91853,77.66864
12001,Ibbaluru,12.92135,77.66195
12002,Kasavanahalli,12.90489,77.67605
12003,Amrutha Engineering College,12.8968,77.6752
12004,Choodasandra Circle,12.88853,77.67299
12005,Bhovi Colony,12.8884,77.67617
12006,Choodasandra,12.88926,77.68133
12007,Choodasandra,12.88928,77.68135
12008,Bhovi Colony,12.88837,77.67608
12009,Choodasandra Circle,12.88855,77.67294
12010,Amrutha Engineering College,12.89689,77.67517
12011,Kasavanahalli,12.90495,77.67599
12012,Kaikondrahalli,12.91392,77.67761
12013,Bellanduru Gate SJP Road,12.91864,77.66931
12014,Halanayakanahalli,12.90152,77.68829
12015,Kodandaramanagara,12.89948,77.68479
12016,Halanayakanahalli,12.90147,77.6883
12017,Balaji Apartment HSR Layout,12.90496,77.64895
12018,HSR Layout Bescom Office,12.91194,77.64942
12019,Agara Junction,12.9239,77.65172
12020,Hadosiddapura,12.89493,77.70109
12021,Depot-42 Gate  Arrival,12.89538,77.70565
12022,Muttanalluru Cross,12.88733,77.73836
12023,Sulikunte,12.89228,77.72851
12024,Sarjapura Wipro Campus,12.89886,77.71369
12025,Ambedkar Nagara,12.89914,77.71286
12026,Carmelram Gate,12.90343,77.70399
12027,Doddakannalli,12.90719,77.69557
12028,Radhareddy Layout,12.90869,77.68985
12029,Junnasandra Gate Wipro Regional Office,12.91068,77.68451
12030,Chokkasandra Cross,12.87348,77.73397
12031,Avalahalli Electronic City,12.86966,77.71175
12032,Chikka Nagamangala Gate,12.85921,77.7036
12033,Harohalli,12.86247,77.72005
12034,Chokkasandra,12.87059,77.7211
12035,Chokkasandra Cross,12.87355,77.73402
12036,Thigalara Chowdenahalli,12.88551,77.7583
12037,Head Start School Gate,12.86118,77.73246
12038,Kaggalipura Cross,12.85555,77.73111
12039,Gopasandra Gate,12.85251,77.73
12040,Muttanalluru Gate,12.84306,77.72752
12041,Muttanalluru,12.83246,77.73463
12042,Chokkasandra,12.87066,77.7212
12043,Thindlu Sarjapura,12.86346,77.80806
12044,Genius Global School Kodathi,12.87841,77.7167
12045,Hosur Road junction,12.93337,77.6128
12046,Parangipalya,12.90906,77.64933
12047,Balaji Apartment HSR Layout,12.90497,77.64899
12048,HSR Layout KEB,12.90361,77.64961
12049,Sompura Gate,12.86187,77.7718
12050,Bikkana Hosahalli,12.84754,77.7638
12051,Belenus Hospital Near Carmelram Gate,12.90255,77.709
12052,Kuguru,12.9091,77.80962
12053,Kuguru Gate,12.8997,77.80842
12054,Koli Farm,12.9034,77.80087
12055,Kamanahalli,12.90792,77.79581
12056,Valagere Kallahalli Cross,12.88182,77.76551
12057,Valagere Kallahalli,12.88243,77.77592
12058,Adigara Kallahalli,12.82534,77.8033
12059,Thindlu Gate Penesola Park,12.86359,77.79456
12060,Dodda Thimmasandra,12.88087,77.80619
12061,Pandithana Agrahara Junction,12.88504,77.81592
12062,Gundur,12.87694,77.83781
12063,Ganagaluru,12.91119,77.85169
12064,Kodathi Village,12.88828,77.71635
12065,Kotiganahalli,12.83638,77.76865
12066,Bikkanahalli,12.83672,77.76003
12067,Sollepura,12.83008,77.75638
12068,Handenahalli Attibele,12.82542,77.76617
12069,Bikkanahalli,12.83667,77.75999
12070,Kotiganahalli,12.83635,77.76852
12071,Pandithana Agrahara,12.88201,77.82744
12072,Bidaraguppe,12.80605,77.7833
12073,Arenur,12.80975,77.7749
12074,Kere Devasthana,12.87356,77.78587
12075,Ittanguru,12.87788,77.78696
12076,Chikka Dasarahalli Cross,12.88197,77.78777
12077,Chikka Dasarahalli,12.89201,77.78445
12078,Kuthaganahalli,12.88902,77.80211
12079,Chikka Dunnasandra,12.86297,77.76192
12080,Kada Agrahara,12.86057,77.74129
12081,Thiruvanga Gate,12.89598,77.82871
12082,Thiruvaranga,12.90186,77.82659
12083,Muttanahalli,12.86896,77.82196
12084,Kachamaranahalli,12.91226,77.7335
12085,Mulluru,12.90443,77.72452
12086,Bikkana Hosahalli,12.84762,77.7637
12087,Hanuman Temple Beguru,12.87284,77.62465
12088,Niranjan Genises Apartment,12.86516,77.6232
12089,Mylasandra,12.85403,77.62071
12090,Mylasandra Road Junction,12.84227,77.61866
12091,Jalli Machine,12.83636,77.62501
12092,Hullahalli Cross,12.82761,77.62325
12093,Hullahalli Village,12.8263,77.61561
12094,Beguru,12.87361,77.62535
12095,Beguru Lake,12.87783,77.62549
12096,Aralimara (PK Kalyana Mantapa ),12.87985,77.62456
12097,Vishwapriya Layout Cross,12.88185,77.62471
12098,Canara Bank Begur,12.88501,77.62508
12099,St Francis School,12.8888,77.62563
12100,Galaxy Paradise (Tent),12.89162,77.62585
12101,Hongasandra,12.89713,77.62618
12102,Kalyanamantapa (Oxford College),12.89968,77.62682
12103,Deccan,12.90247,77.62741
12104,Bommanahalli,12.90696,77.6285
12105,Roopena Agrahara,12.91158,77.62579
12106,Hongasandra MICO Layout,12.88994,77.63036
12107,Ayyappaswamy Temple Madivala,12.92478,77.61791
12108,St Johns Hospital,12.92909,77.61531
12109,9th Block Jayanagara,12.91964,77.5928
12110,4th T Block Jayanagara,12.92308,77.59345
12111,18th Main Jayanagara,12.92328,77.58898
12112,Nobel Residency,12.85876,77.61194
12113,Radiant Redwood Apartment Koppa Road,12.85676,77.61084
12114,Beguru Nice Road Junction,12.85446,77.60949
12115,St Marys School,12.84594,77.60942
12116,Vaddarapalya,12.84389,77.61194
12117,Mylasandra Cross,12.84352,77.61332
12118,Hulimangala Cross,12.82719,77.62316
12119,Bingipura Cross,12.82587,77.62304
12120,Dharmapura,12.81279,77.62759
12121,Koppa,12.80449,77.62654
12122,Koppa Gate,12.79637,77.61611
12123,Harapanahalli,12.79188,77.62351
12124,Jigani Double Road,12.78862,77.62959
12125,Jigani Tent,12.78737,77.63331
12126,Jigani Bus Stand,12.78664,77.63743
12127,Jigani APC Circle,12.77896,77.64381
12128,Jigani KEB,12.77695,77.64496
12129,Madapatna,12.77262,77.64815
12130,Haragadde,12.76507,77.65365
12131,Bettadasanapura,12.84157,77.63177
12132,Jalli Machine,12.83626,77.62503
12133,Mylasandra Cross,12.84347,77.61347
12134,Vaddarapalya,12.84383,77.61206
12135,St Marys School,12.84573,77.60954
12136,Beguru Nice Road Junction,12.85445,77.60943
12137,Radiant Redwood Apartment Koppa Road,12.85673,77.61073
12138,Nobel Residency,12.85879,77.61186
12139,Lakshmi Layout,12.86814,77.62803
12140,NICE Bridge,12.86562,77.6295
12141,Vittasandra Bettadasanapura,12.85737,77.6357
12142,Vittasandra Cross,12.84382,77.63482
12143,Podu Cross,12.84255,77.64159
12144,Podu Village,12.83281,77.63906
12145,Hanuman Temple Beguru,12.87289,77.62476
12146,SNN Raj Serenity Apartment Yelenahalli,12.85977,77.6125
12147,Mylasandra Road Junction,12.84231,77.61865
12148,Jigani Double Road,12.78868,77.62948
12149,Jigani APC Circle,12.77937,77.64359
12150,Jigani APC Circle,12.7793,77.6436
12151,Jigani Bus Stand,12.78661,77.63762
12152,Jigani Tent,12.78728,77.63353
12153,Harapanahalli,12.79194,77.62341
12154,Koppa Gate,12.79646,77.61586
12155,Koppa,12.8044,77.62647
12156,Dharmapura,12.81294,77.62756
12157,Hulimangala Cross,12.81394,77.63736
12158,Hulimangala,12.81771,77.63712
12159,Kempapura,12.81945,77.6373
12160,Podu Cross,12.82546,77.63523
12161,Bingipura,12.82575,77.6324
12162,Bingipura Cross,12.82578,77.62297
12163,Hullahalli Cross,12.82802,77.62331
12164,Bingipura,12.8257,77.63222
12165,Podu Cross,12.82553,77.63524
12166,Kempapura,12.81949,77.63744
12167,Hulimangala,12.81782,77.63721
12168,Hulimangala Cross,12.8139,77.63752
12169,Nanjapura Cross,12.81365,77.64231
12170,Nanjapura,12.80971,77.64137
12171,Nanjapura,12.80974,77.64123
12172,Nanjapura Cross,12.81361,77.64228
12173,Vabasandra,12.81454,77.65059
12174,Kyalasanahalli Cross,12.80304,77.65165
12175,Kyalasanahalli,12.80094,77.65267
12176,Loyola School,12.87108,77.59337
12177,Nobo Nagara,12.8682,77.59783
12178,AECS Dental College,12.86541,77.59832
12179,Haragadde Cross,12.76432,77.65403
12180,Nayanahalli Cross,12.76144,77.65501
12181,Kumbaranahalli,12.74786,77.66047
12182,Suragajakkanahalli,12.73972,77.66906
12183,Indluvadi Cross,12.73197,77.67088
12184,Honnakalasapura Cross,12.72897,77.67656
12185,Gowrenahalli,12.72321,77.68125
12186,Muthyalamadu Cross,12.72005,77.69052
12187,Shanimahathma Temple,12.7162,77.69523
12188,Anekal Circle,12.71677,77.70018
12189,Chowdareddy Circle,12.71119,77.69949
12190,Anekal,12.70939,77.69641
12191,Bannerughatta Circle,12.81386,77.58123
12192,Vijaya Bank Bannerughatta,12.81549,77.58299
12193,Ryan International School,12.81953,77.58473
12194,Sampangiram Nagara,12.82495,77.58593
12195,AMC College,12.83007,77.5878
12196,Kalkere,12.83233,77.58883
12197,Koli Farm Gate,12.84146,77.58845
12198,CK Palya Cross,12.84055,77.59357
12199,Hommadevanahalli Cross,12.84075,77.59725
12200,Hommadevanahalli,12.84448,77.59802
12201,Basavanna Devasthana CK Palya,12.84393,77.60596
12202,Basavanna Devasthana CK Palya,12.84391,77.60611
12203,Hommadevanahalli,12.84446,77.59807
12204,Hommadevanahalli Cross,12.84072,77.59734
12205,CK Palya Cross,12.84049,77.59373
12206,Koli Farm Gate,12.84172,77.58876
12207,Kalkere,12.8326,77.58905
12208,AMC College,12.82933,77.58759
12209,Sampangiram Nagara,12.8254,77.58623
12210,Ryan International School,12.81955,77.58483
12211,Vijaya Bank Bannerughatta,12.81559,77.58317
12212,New MICO Gate,12.87041,77.6583
12213,Dodda Nagamangala,12.86238,77.67481
12214,Bengaluru Central Jail,12.8737,77.66617
12215,Rayasandra Circle,12.8757,77.67112
12216,Rayasandra Circle,12.87569,77.67126
12217,Bengaluru Central Jail,12.87368,77.66638
12218,New MICO Gate,12.87029,77.6583
12219,Hosa Road,12.87041,77.65403
12220,Singasandra,12.8774,77.64704
12221,Kudlu Gate,12.88977,77.63918
12222,Garvebhavipalya,12.89609,77.63534
12223,Bommanahalli,12.90477,77.62999
12224,Karnataka Slum Board Development Apartment,12.8759,77.67242
12225,Chikka Nagamangala,12.85997,77.69504
12226,Dodda Nagamangala Tirumala Bekary,12.86224,77.67794
12227,Dodda Nagamangala,12.86231,77.67491
12228,Parappana Agrahara,12.88102,77.65777
12229,Channakeshavanagara,12.87791,77.65491
12230,Vabasandra,12.81462,77.65048
12231,Shikaripalya,12.83388,77.65573
12232,Electronic City Wipro Main Gate,12.83594,77.65742
12233,Wipro Gate Shikaripalya Cross,12.83902,77.659
12234,BHEL,12.8452,77.66026
12235,Siemens,12.84556,77.66215
12236,Electronic City,12.84549,77.6653
12237,Electronic City,12.84717,77.67049
12238,Konappana Agarhara,12.8548,77.66502
12239,Electronic City PESIT College,12.85897,77.66179
12240,Hosa Road,12.86988,77.65299
12241,Central Silk Board,12.91472,77.62452
12242,ElC City Phase-2 Xavier Institute of Management,12.84756,77.67529
12243,Electronic City,12.84536,77.66543
12244,Siemens,12.84542,77.66228
12245,BHEL,12.84492,77.66026
12246,Wipro Gate Shikaripalya Cross,12.83905,77.6591
12247,Shikaripalya,12.83386,77.65582
12248,Gollahalli Cross,12.83037,77.6641
12249,Gollahalli Cross,12.82969,77.66876
12250,Gollahalli Electronic City,12.83145,77.66902
12251,Konappana Agarhara,12.85577,77.66411
12252,Crown Plaza,12.85082,77.66023
12253,Velankani Drive,12.85104,77.65748
12254,Dodda Thoguru,12.85055,77.65512
12255,BTR Garden,12.89033,77.64645
12256,Kudlu Panchayath Office,12.88973,77.64895
12257,Kudlu,12.88957,77.65506
12258,Chikka Beguru,12.87873,77.63767
12259,Adugodi,12.94384,77.60761
12260,Pothalappa Garden,12.94962,77.60587
12261,Anepalya,12.95303,77.60518
12262,Basapura Electronic City,12.86416,77.65023
12263,AECS Layout Singasandra,12.88286,77.65018
12264,Kudlu Panchayath Office,12.88965,77.64904
12265,BTR Garden,12.89028,77.64662
12266,AECS Layout Singasandra,12.88306,77.64991
12267,Hosapalya Kudlu Gate,12.89737,77.64538
12268,Somasandra palya  Lake,12.89949,77.64863
12269,Electronic City,12.84756,77.6707
12270,Kudlu Gate,12.88936,77.6402
12271,Somasundra Palya Lake,12.89955,77.64881
12272,Subhashnagara Hosa Road,12.87083,77.63833
12273,Hosapalya Kudlu Gate,12.89735,77.64534
12274,Mangammanapalya,12.90725,77.63524
12275,Srirangam Silk House HSR Layout,12.9124,77.63527
12276,BDA Complex HSR Layout,12.91282,77.63805
12277,14th Main HSR Layout,12.91619,77.63521
12278,SI Apartment HSR Layout,12.91668,77.6294
12279,Central Silk Board,12.91736,77.6236
12280,Bommanahalli,12.90631,77.62987
12281,Veerasandra,12.84012,77.67674
12282,Veerasandra,12.83997,77.67709
12283,Huskur Gate,12.83628,77.6796
12284,Singena Agrahara Cross Fruits Market,12.84257,77.68718
12285,Sampige Nagara Gate,12.83936,77.69793
12286,Ebenezer International School,12.83948,77.70655
12287,Singena Agrahara Cross Fruits Market,12.84243,77.68732
12288,Singena Agrahara Cross,12.83498,77.71894
12289,Narayanaghatta Gate,12.83781,77.72456
12290,Muttanalluru Gate,12.84288,77.72749
12291,Samanahalli 1,12.8327,77.74768
12292,Handenahalli Attibele,12.82534,77.76604
12293,Sumuka Layout,12.85481,77.6999
12294,Huskur,12.86147,77.70524
12295,Chinthala Madivala Cross,12.85459,77.71233
12296,Kaggalipura,12.85321,77.71868
12297,Gattahalli,12.86832,77.70359
12298,Huskur Gate,12.83603,77.67916
12299,Chinthala Madivala,12.85266,77.71179
12300,Doddamma Temple,12.8474,77.69092
12301,Avalahalli Electronic City,12.86957,77.71163
12302,Harohalli,12.86241,77.71998
12303,IGNOU Singena Agrahara,12.83776,77.70283
12304,Sampige Nagara 1,12.83929,77.69798
12305,Johnson Market,12.96351,77.60681
12306,Elgin Floor Mill,12.95814,77.60612
12307,Hosur Road junction 1,12.93214,77.61363
12308,Gavi Gangadareshwara Temple,12.94898,77.5625
12309,Kempegowda Swimming Pool,12.94823,77.55926
12310,SFS High School Hebbagodi,12.83381,77.6802
12311,GRG Dairy Thirupalya,12.81863,77.67176
12312,Thirupalya Govt Hospital,12.81801,77.66858
12313,Thirupalya Circle,12.82337,77.66897
12314,Thirupalya,12.82316,77.66572
12315,Thirupalya Muneshwara Temple,12.82312,77.66968
12316,Lakshmisagara,12.81084,77.72418
12317,Ali Bommasandra,12.82033,77.73644
12318,Muthanallur Amanikere,12.82786,77.73674
12319,Sampige Nagara,12.83451,77.69736
12320,Electronic City,12.84697,77.6707
12321,Heelalige Cross,12.80873,77.70889
12322,Ramasagara,12.82079,77.71873
12323,Nursery Farm,12.82884,77.71973
12324,Narayanaghatta Gate,12.83787,77.72469
12325,Narayanaghatta,12.83613,77.72525
12326,Singena Agrahara,12.83771,77.71612
12327,IGNOU Singena Agrahara,12.83766,77.70293
12328,Singena Agrahara,12.83766,77.7161
12329,Singena Agrahara Cross,12.83499,77.719
12330,Nursery Farm,12.829,77.71995
12331,Ramasagara,12.82089,77.71885
12332,Heelalige Cross,12.80867,77.70897
12333,Chandapura,12.80227,77.7045
12334,Hennagara Gate,12.80586,77.69939
12335,BTL College,12.8117,77.69472
12336,Bommasandra,12.81932,77.68858
12337,Hebbagodi,12.8257,77.683
12338,SFS High School Hebbagodi,12.83342,77.6801
12339,Sollepura,12.83007,77.75644
12340,Samanahalli,12.83268,77.74766
12341,Muthanallur Colony,12.83621,77.73723
12342,Muttanalluru,12.83243,77.73456
12343,Kithiganahalli,12.80089,77.69074
12344,Kachanayakanahalli,12.79919,77.68684
12345,Hosahalli,12.79285,77.67837
12346,Hennagara,12.78816,77.67337
12347,Kachanayakanahalli,12.79919,77.6867
12348,Hennagara,12.78804,77.67308
12349,Masthenahalli,12.78692,77.66763
12350,Mahadeshwara Badavane,12.78943,77.66009
12351,Masthenahalli,12.78697,77.66788
12352,Hennagara,12.78874,77.67303
12353,Hosahalli,12.79323,77.67861
12354,Kithiganahalli,12.80094,77.69049
12355,Hennagara Gate,12.80589,77.69851
12356,Rajapura,12.77542,77.67482
12357,Hinnakki,12.77784,77.68057
12358,Hinnakki Gate,12.77861,77.68416
12359,Ramakrishnapura Circle,12.78106,77.69426
12360,Ramakrishnapura Gate,12.77904,77.70183
12361,Iggluru,12.7865,77.70328
12362,Surya Nagara,12.79071,77.70562
12363,Suryacity Gate,12.79258,77.70601
12364,Chandapura KEB,12.79852,77.70598
12365,Chandapura,12.80181,77.70512
12366,Chandapura KEB,12.79869,77.70605
12367,Suryacity Gate,12.79268,77.70616
12368,Surya Nagara,12.79081,77.70578
12369,Iggluru,12.78653,77.7033
12370,Ramakrishnapura Gate,12.77908,77.70215
12371,Ramakrishnapura Circle,12.78098,77.69426
12372,Hinnakki,12.77773,77.68075
12373,Rajapura,12.77541,77.67466
12374,Seethanayakanahalli,12.76923,77.65995
12375,Haragadde,12.76503,77.65364
12376,Madapatna,12.77244,77.64824
12377,Jigani KEB,12.77686,77.64491
12378,Seethanayakanahalli,12.76926,77.65996
12379,Marasur Gate,12.76983,77.70145
12380,Marsuru,12.76198,77.71383
12381,Shettyhalli Anekal Road,12.75303,77.73077
12382,Marsuru,12.76198,77.71376
12383,Marsuru Gate,12.76964,77.70141
12384,Hale Ooru,12.76044,77.72307
12385,Shettyhalli Anekal Road,12.75312,77.7309
12386,Hale Ooru,12.76049,77.72209
12387,Ramakrishnapura Gate,12.77889,77.70211
12388,Bommasandra,12.81893,77.68939
12389,Govt Primary School Bommasandra,12.81707,77.69366
12390,Bommasandra Village,12.8169,77.69891
12391,Bommasandra,12.82097,77.68687
12392,Hebbagodi,12.82583,77.68271
12393,Sriramapura Bommasandra Road,12.80224,77.66201
12394,Yarandahalli,12.80444,77.66268
12395,Biocon Jigani Road,12.80824,77.66382
12396,Rupesh Hotel,12.81176,77.66589
12397,Aravinda Limited,12.81485,77.67002
12398,Industrial Area Water Tank Bommasandra,12.817,77.67616
12399,Bommasandra,12.81857,77.68864
12400,Kottanayakana halli,12.81302,77.68262
12401,Industrial Area Water Tank Bommasandra,12.81695,77.67627
12402,Aravinda Limited,12.81475,77.67016
12403,Rupesh Hotel,12.81165,77.66601
12404,Biocon Jigani Road,12.80784,77.6638
12405,Yarandahalli,12.80472,77.66291
12406,Sriramapura Bommasandra Road,12.80234,77.66218
12407,OMEX Circle,12.79879,77.66117
12408,Maruthi Nagara,12.7914,77.65766
12409,Navya Badavane,12.78723,77.65396
12410,Jigani APC CIrcle,12.77903,77.64342
12411,Depot-27 Gate,12.78003,77.63445
12412,Chowdareddy Circle,12.71125,77.69931
12413,Anekal Circle,12.71674,77.70009
12414,Janatha Colony,12.72419,77.70376
12415,Kavala Hosahalli,12.72591,77.70433
12416,Chikka Hagade Gate,12.73141,77.70639
12417,Karpura Gate,12.73568,77.70798
12418,Avadadenahalli Gate,12.74649,77.7078
12419,Byagadadenahalli Gate,12.75211,77.70668
12420,VBHC Apartment Gate,12.7574,77.70466
12421,RK Farm,12.75903,77.70379
12422,RK Farm,12.75921,77.70372
12423,VBHC Apartment Gate,12.75757,77.7046
12424,Byagadadenahalli Gate,12.75232,77.70668
12425,Avadadenahalli Gate,12.74668,77.70779
12426,Thattanahalli,12.74546,77.72474
12427,Karpura Gate,12.73588,77.70808
12428,Karpura,12.72699,77.72014
12429,Roopena Agrahara FLY,12.91212,77.62589
12430,Roopena Agrahara Toll,12.91166,77.62617
12431,Bommanahalli Fly Over,12.9056,77.62989
12432,Kudlu Gate Flyover,12.88977,77.6396
12433,Singasandra FLY,12.87879,77.64637
12434,Hosa Road FLY,12.87051,77.65297
12435,Konappana Agrahara,12.85607,77.66437
12436,Electronic City FLY,12.84811,77.67068
12437,BHEL,12.84506,77.65993
12438,Velankani Drive,12.85116,77.65763
12439,Infosys Parking Lot,12.84993,77.66299
12440,BDA Complex HSR Layout,12.91296,77.63807
12441,Ado Sonnahatti,12.77796,77.71546
12442,Tirumagondanahalli,12.79438,77.72032
12443,Hale Chandapura,12.80167,77.71143
12444,Navya Badavane,12.78732,77.65385
12445,Maruthi Nagara,12.79194,77.65788
12446,OMEX Circle Sriramapura,12.7992,77.66107
12447,Rachammanahalli,12.72289,77.73924
12448,Vinayaka Nagara Rachammanahalli,12.71645,77.73146
12449,Bidaragere,12.71566,77.72302
12450,Karpura Gate,12.7242,77.72072
12451,Brundavana Badavane,12.72147,77.71783
12452,Haldenahalli,12.72017,77.71288
12453,Dinnur Sudhamanagara,12.71445,77.70591
12454,Anjaneya Temple Anekal,12.71729,77.70025
12455,Electronic City FLY,12.84598,77.67202
12456,Konappana Agrahara Flyover,12.85236,77.66721
12457,Hosa Road FLY,12.86927,77.65376
12458,Singasandra FLY,12.87741,77.64708
12459,Kudlu Gate Flyover,12.88972,77.63953
12460,Bommanahalli Fly Over,12.90488,77.63017
12461,Chikka Hagade Gate,12.73157,77.70647
12462,Kavala Hosahalli,12.72589,77.70442
12463,Janatha Colony,12.72429,77.70393
12464,Sri Ramadevasthana,12.70916,77.69834
12465,Vishwa Chethana College,12.70081,77.70334
12466,Anjaneya Temple Anekal,12.7173,77.70046
12467,Vishwa Chethana College,12.70076,77.70327
12468,Sri Ramadevasthana,12.70912,77.69837
12469,Balageranahalli Cross,12.78744,77.73468
12470,Marsuru Madivala,12.77345,77.72861
12471,Bandapura,12.76981,77.72655
12472,Marasur Madivala,12.76156,77.7231
12473,Bandapura,12.76982,77.72653
12474,Marasur Madivala,12.77344,77.72852
12475,Ichangur,12.77163,77.74207
12476,Kambalipura,12.7591,77.7433
12477,Mayasandra,12.75204,77.74675
12478,Guddahatti,12.80313,77.74263
12479,Adigondanahalli,12.81457,77.75116
12480,Bendiganahalli,12.81443,77.74051
12481,Guddahatti Cross,12.80604,77.74276
12482,Guddahatti,12.80299,77.74261
12483,Guddahatti Gate,12.78847,77.73576
12484,Neraluru Gate,12.79217,77.72813
12485,Sajjan Rao Circle,12.95301,77.57738
12486,Girinagara Extension,12.94112,77.53938
12487,Girinagara 2nd Stage,12.94081,77.54524
12488,Nagalakshmi Kalyana Mantapa,12.92713,77.56811
12489,Banashankari Post Office,12.92629,77.56991
12490,Muneshwara Block,12.94519,77.54744
12491,Kalidasa Layout,12.94843,77.55288
12492,Telecom Layout,12.94843,77.54937
12493,Avalahalli BDA Park Girinagara,12.94328,77.54311
12494,Attibele Bus Stand,12.77865,77.77077
12495,Yadavanahalli,12.78543,77.75071
12496,Guestline Hotel,12.78658,77.74192
12497,Bommasandra Canara Bank,12.82135,77.68772
12498,Attibele,12.77799,77.76984
12499,Balluru,12.75424,77.78728
12500,Balluru Cross,12.74971,77.77934
12501,Anekal Road Junction,12.76853,77.77016
12502,Ramohalli,12.77405,77.77113
12503,Attibele,12.77787,77.76968
12504,Manchanahalli,12.76671,77.75353
12505,Manchanahalli Cross,12.77514,77.7701
12506,Ramohalli,12.77436,77.77124
12507,Anekal Road Junction,12.76837,77.77016
12508,Arehalli,12.76352,77.76729
12509,Bhakthipura Cross,12.75735,77.76188
12510,Harohalli,12.75412,77.75624
12511,Mayasandra Gate,12.75037,77.74774
12512,Kodalipura,12.74569,77.75703
12513,Jigala Colony,12.79709,77.76297
12514,Jigala,12.79985,77.76079
12515,KHB Surya Nagara,12.80651,77.76049
12516,ELC Toll Point,12.84621,77.67184
12517,Roopena Agrahara FLY,12.9116,77.62604
12518,Kranthiveera Sangolli Rayanna Railway Station,12.97849,77.56986
12519,Malenahalli Bidaraguppe,12.80585,77.79669
12520,Narasapura 1,12.80052,77.80172
12521,Dasanapura,12.74761,77.77447
12522,Balluru Cross,12.74978,77.77932
12523,Halehalli,12.73817,77.75207
12524,Halehalli Cross,12.73095,77.75625
12525,Muneshwara Temple,12.7245,77.75701
12526,Samanduru,12.71526,77.753
12527,Dinnur Sudhamanagara,12.71452,77.70584
12528,Brundavana Badavane,12.72147,77.71776
12529,Samanduru,12.71526,77.75291
12530,Muneshwara Temple,12.72467,77.75693
12531,Halehalli Cross,12.73092,77.75603
12532,Halehalli,12.73816,77.75177
12533,Mayasandra Gate,12.75049,77.74785
12534,Harohalli,12.75411,77.75607
12535,Bhakthipura Cross,12.75742,77.76182
12536,Arehalli,12.76327,77.76696
12537,Depot-38 Chikkanagamangala,12.85019,77.69176
12538,Chikka Hagade,12.7337,77.69927
12539,Chikka Hagade,12.73354,77.69923
12540,Konappana Agarhara Flyover,12.85563,77.6648
12541,Chowdeshwari Temple,12.75911,77.69019
12542,Chowdeshwari Temple,12.75914,77.69013
12543,Naganayakanahalli,12.76982,77.6939
12544,Jambu Savari Dinne,12.86571,77.58097
12545,Bhagya Nagara,12.86091,77.58543
12546,Gottigere,12.85652,77.5889
12547,T John College,12.84984,77.58834
12548,Basavanapura Gate,12.8463,77.58821
12549,Koli Farm Gate,12.84178,77.58865
12550,Yelenahalli,12.86787,77.61623
12551,MICO Shramajeevi Colony Arakere,12.88958,77.59391
12552,Arakere Gate,12.89057,77.59804
12553,Apollo Hospital,12.89635,77.59972
12554,Bilekahalli,12.90051,77.6009
12555,Devarachikkanahalli,12.88887,77.61556
12556,Vijaya Bank Layout Petrol Bunk,12.89223,77.61162
12557,Vijaya Bank Layout Devarachikkanahalli,12.89279,77.61053
12558,Vijaya Bank Colony Ayyappa Temple,12.89123,77.60631
12559,HSBC,12.89276,77.59902
12560,Nyanappanahalli Arakere,12.87913,77.61414
12561,Akshayanagara New Town,12.87657,77.61101
12562,Double Road,12.87874,77.60967
12563,Shiradi Sai Temple Arakere,12.88302,77.61003
12564,BPL,12.88691,77.59676
12565,HSBC,12.89261,77.59876
12566,Kodichikkanahalli,12.89826,77.61804
12567,DUO Heights Layout,12.89486,77.61468
12568,JP Nagara 3rd Phase,12.90809,77.60045
12569,Bilekahalli,12.90079,77.60112
12570,Apollo Hospital,12.89662,77.6
12571,HSBC,12.89202,77.59882
12572,Arakere Gate,12.89053,77.59817
12573,BPL,12.88702,77.59697
12574,Hulimavu Gate,12.88204,77.59616
12575,Meenakshi Temple,12.87467,77.5949
12576,Loyola School,12.87101,77.59361
12577,Kalena Agrahara,12.86619,77.5919
12578,Himagiri,12.86233,77.59058
12579,Gottigere,12.85744,77.58887
12580,Bhagya Nagara,12.86084,77.58551
12581,Bannerughatta National Park,12.80092,77.57748
12582,Sampigehalli Bannerughatta,12.80519,77.57879
12583,Prabasnagara,12.81157,77.57848
12584,Basavanapura Gate,12.8463,77.58818
12585,T John College,12.84923,77.58832
12586,Gottigere,12.85619,77.58884
12587,Koli Farm Gate,12.84145,77.58859
12588,Prabasnagara,12.81172,77.57851
12589,Sampigehalli Bannerughatta,12.80536,77.57887
12590,Bannerughatta National Park,12.80079,77.57787
12591,Active Public School Hommadevanahalli,12.8402,77.59467
12592,Jayaram Layout (Hale Sampigehalli),12.81357,77.58964
12593,Sarala Birla Academy,12.81159,77.58449
12594,Himagiri,12.86232,77.59055
12595,Kalena Agrahara,12.86612,77.59186
12596,Loyola School,12.87078,77.59333
12597,Meenakshi Temple,12.87463,77.59469
12598,Hulimavu Gate,12.88178,77.59591
12599,JP Nagara 3rd Phase,12.90763,77.60039
12600,MICO Layout Checkpost Gopalan mall,12.91355,77.59985
12601,Gurappanapalya,12.9191,77.59999
12602,Ananda Ashrama (BGT Rd),12.92644,77.60037
12603,Malenallasandra Junction,12.8354,77.5893
12604,Tulips Resort,12.8286,77.59556
12605,Sakalavara,12.82073,77.60909
12606,Malenallasandra,12.80662,77.6046
12607,Bilavaradahalli,12.83624,77.57677
12608,Maruthi Badavane,12.84005,77.58062
12609,Weavers Colony,12.84446,77.58375
12610,Weavers Colony,12.84445,77.58379
12611,Maruthi Badavane,12.83994,77.58055
12612,Bilavaradahalli,12.83622,77.57676
12613,Muneshwara Temple,12.83576,77.57221
12614,Shanubhoganahalli 1st Cross,12.828,77.56254
12615,Shanubhoganahalli Bannerughatta,12.8267,77.56146
12616,Kencharayana Doddy,12.81951,77.55612
12617,Shanubhoganahalli Bannerughatta,12.82672,77.56141
12618,Shanubhoganahalli 1st Cross,12.82804,77.56248
12619,Muneshwara Temple,12.83574,77.57206
12620,Kencharayana Doddy,12.81955,77.55618
12621,Byatarayana Doddy,12.8163,77.5508
12622,Kasuvinakunte,12.76752,77.5974
12623,Nisarga Badavane Cross,12.78033,77.60237
12624,Begihalli,12.79788,77.60381
12625,Ragihalli Gate,12.80026,77.5989
12626,Mantapa Cross,12.80281,77.59627
12627,Junglepalya Gate,12.80829,77.59043
12628,Sarala Birla Academy,12.81171,77.58446
12629,Junglepalya Gate,12.80834,77.59049
12630,Mantapa Cross,12.80306,77.59614
12631,Ragihalli Gate,12.80036,77.59897
12632,Begihalli,12.79796,77.60381
12633,TATA Advance Jigani Industrial Area,12.77495,77.64143
12634,Ultra Violatt Automotion Jigani,12.7657,77.64074
12635,CK Palya,12.83337,77.60874
12636,CK Palya Dinne,12.83828,77.60498
12637,YHK Hospital,12.77945,77.63652
12638,OTC Circle,12.78123,77.63076
12639,Kallabalu Cross,12.77216,77.62242
12640,Kallabalu,12.76964,77.62246
12641,Giddenahalli,12.75666,77.62456
12642,Shanimahathma Temple,12.71611,77.69522
12643,Muthyalamadu Cross,12.72004,77.69048
12644,Gowrenahalli,12.72307,77.68131
12645,Indluvadi Cross,12.73193,77.67082
12646,Suragajakkanahalli,12.73946,77.66911
12647,Kumbaranahalli,12.7476,77.66058
12648,Nayanahalli Cross,12.7614,77.65501
12649,Haragadde Cross,12.7643,77.65404
12650,Basavanapura Church,12.84671,77.59313
12651,Harapanahalli Village,12.79075,77.62216
12652,Nisarga Badavane East Gate,12.78733,77.62163
12653,Bukkasagara,12.77881,77.61964
12654,Mahanthalingapura,12.76664,77.61854
12655,Yallammana doddi,12.75463,77.6122
12656,Krishnayyana Doddy,12.75264,77.61167
12657,Mutturayanaswamy Doddy,12.74764,77.61494
12658,Bukkasagara,12.77898,77.61961
12659,Narasimha Temple,12.7762,77.63615
12660,Vaderamanchanahalli Jigani,12.76832,77.63032
12661,Honnakalasapura Cross,12.72875,77.67683
12662,M Medahalli,12.73392,77.73928
12663,Thattanalli Gate,12.73535,77.7308
12664,Besthamanahalli,12.73084,77.72668
12665,Karpura Gate,12.7243,77.72083
12666,Haldenahalli,12.72024,77.7132
12667,Dyavasandra,12.75753,77.64803
12668,Nosenuru,12.74882,77.65036
12669,HSBC,12.89278,77.59902
12670,Vijaya Bank Colony Ayyappa Temple,12.89127,77.60628
12671,Vijaya Bank Layout Devarachikkanahalli,12.89284,77.61051
12672,Devarachikkanahalli,12.88899,77.61555
12673,Kallabala Cross,12.77093,77.62734
12674,Vaderamanchanahalli Jigani,12.76836,77.63031
12675,Konasandra Cross,12.76429,77.63551
12676,Dyavasandra Cross,12.75797,77.64048
12677,Bommandahalli,12.75406,77.64278
12678,Nosenuru Cross,12.74921,77.64429
12679,Kallabala Cross,12.77094,77.62718
12680,Krishnayyana Doddy,12.75264,77.61165
12681,Mahanthalingapura,12.76681,77.61844
12682,Kallabalu,12.76962,77.62235
12683,Kallabala Cross,12.77105,77.62728
12684,OTC Circle,12.78132,77.63086
12685,YHK Hospital,12.77955,77.63659
12686,Depot-27 Gate,12.7801,77.63448
12687,Nosenuru,12.74886,77.65034
12688,Dyavasandra,12.75752,77.648
12689,Vaddarapalya,12.76579,77.64079
12690,Vaddarapalya,12.76574,77.64077
12691,TATA Advance Jigani Industrial Area,12.77498,77.64136
12692,Nayanahalli,12.76002,77.67255
12693,Lingapura,12.76222,77.67852
12694,Pujaganapalya,12.7509,77.6097
12695,Mahadevanana Doddy,12.74515,77.6062
12696,Mahadevana Doddy Colony,12.74262,77.60487
12697,Kuppa SiddanaDoddy,12.73528,77.60288
12698,Uragana Doddy,12.73343,77.60076
12699,Siddayyana Doddy,12.71708,77.59416
12700,Chinnaiahnapalya,12.72257,77.65589
12701,Siddanapalya,12.7247,77.65966
12702,Sakalavara,12.8207,77.60905
12703,Malenallasandra,12.80691,77.6056
12704,Ramasandra,12.80759,77.61469
12705,Ramasandra,12.80755,77.61473
12706,Malenallasandra,12.80688,77.60562
12707,Tulips Resort,12.82857,77.59552
12708,Malenallasandra Junction,12.8354,77.58949
12709,Lal Bahaddur Shastri Nagara,12.85723,77.57356
12710,Kembathahalli,12.85596,77.57793
12711,Kembathahalli Cross,12.85524,77.58038
12712,Sri Adishakthi Temple,12.8556,77.58514
12713,Lakshmipura Kalkere,12.81022,77.59168
12714,Jambu Savari Dinne,12.86562,77.58098
12715,Shiradi Sai Temple Arakere,12.88304,77.61011
12716,Double Road,12.87874,77.6097
12717,DLF Home Town,12.8758,77.61776
12718,Hulimavu,12.87702,77.6024
12719,Fire Station Brigade Hulimavu,12.87196,77.59875
12720,Fire Station Brigade Hulimavu,12.87204,77.59873
12721,Hulimavu,12.87718,77.60221
12722,Shanthiniketan Layout,12.88282,77.60342
12723,Govt Hospital Arakere,12.88719,77.60317
12724,Royal Meenakshi Mall BG Road,12.8765,77.59615
12725,Govt Hospital Arakere,12.88724,77.60321
12726,Shanthiniketan Layout,12.88283,77.60348
12727,Chikka Kammanahalli,12.84966,77.59993
12728,Doddakammanahalli,12.85302,77.59989
12729,AECS Dental College,12.86534,77.59831
12730,Nobo Nagara,12.86809,77.59783
12731,DLF Home Town,12.87565,77.61775
12732,Akshayanagara New Town,12.87657,77.61166
12733,Fullinfaws College Yelenahalli,12.89524,77.61154
12734,Kaleshwari Bannerughatta Road,12.79346,77.5941
12735,Mutturayanaswamy Temple,12.76847,77.58492
12736,RamanayakanaDoddy Cross,12.74564,77.57584
12737,Ragihalli,12.73881,77.57435
12738,Koratagere Doddy,12.72935,77.57047
12739,Hongemara Shivanahalli,12.72442,77.5699
12740,Shivanahalli,12.72333,77.57256
12741,Jaypura Doddy,12.70869,77.56939
12742,Kariyappana Doddy,12.71068,77.5793
12743,UjinappanaDoddy,12.71749,77.58762
12744,UjinappanaDoddy,12.71754,77.58787
12745,Kariyappana Doddy,12.7107,77.57932
12746,Jaypura Doddy,12.70871,77.56932
12747,Shivanahalli,12.72333,77.57245
12748,Hongemara Shivanahalli,12.72445,77.56985
12749,Koratagere  Doddy,12.72938,77.57039
12750,Ragihalli,12.73896,77.57426
12751,RamanayakanaDoddy Cross,12.74561,77.57574
12752,Mutturayanaswamy Temple,12.76851,77.58489
12753,Kaleshwari Bannerughatta Road,12.79365,77.59401
12754,KoratagereDoddy Bannerughatta,12.73267,77.58318
12755,Mudalayyana Doddy,12.7336,77.57767
12756,Mudalayyana Doddy,12.7336,77.57775
12757,KoratagereDoddy Bannerughatta,12.7327,77.58321
12758,Sevanayakanahalli,12.74031,77.58373
12759,RamanayakanaDoddy,12.73818,77.58891
12760,Sevanayakanahalli,12.74039,77.58325
12761,Bannerughatta Circle,12.81382,77.58103
12762,Sipgere Gate,12.82207,77.57724
12763,Bilavaradahalli Cross,12.82244,77.57238
12764,Kesaraguppe,12.81662,77.56701
12765,Boothanahalli,12.80452,77.56044
12766,Hakki Pikki Colony Cross,12.80242,77.55888
12767,Shylendra Doddy,12.80071,77.55289
12768,Byatarayana Doddy Cross,12.80368,77.54362
12769,C R P F Kaggalipura Main Road,12.79562,77.53931
12770,Nallakkana Doddy Cross,12.79807,77.52601
12771,Hakki Pikki Colony Bannerughatta,12.79826,77.55819
12772,Gollahalli,12.74195,77.64609
12773,Aduru,12.73301,77.6544
12774,Aladamara Chikkanahalli Cross,12.72796,77.64801
12775,Indluvadi,12.72815,77.63868
12776,Chikka Indluwadi,12.71634,77.64069
12777,Chikkanahalli,12.71757,77.64672
12778,Konasandra,12.76209,77.63461
12779,Nisarga Badavane,12.78292,77.61295
12780,Nisarga Badavane,12.78304,77.61287
12781,Aduru,12.73303,77.65433
12782,Gollahalli,12.74191,77.64597
12783,Nosenuru Cross,12.74919,77.64426
12784,Bommandahalli,12.75404,77.64274
12785,Dyavasandra Cross,12.75791,77.64044
12786,Nagayyana Doddy,12.71169,77.64159
12787,Chikka Hosahalli,12.70587,77.64521
12788,Punugumaranahalli,12.91667,77.40344
12789,Mantri Alpyne Apartment,12.90449,77.5271
12790,Kengeri,12.91237,77.4854
12791,Sondekoppa Circle,13.09289,77.39476
12792,Bande Inorpalya,12.9366,77.36241
12793,Byramangala Cross,12.80181,77.39781
12794,Medanahalli,12.78919,77.39851
12795,Shanimahathma Temple,12.78641,77.39989
12796,Coca Cola Byramangala,12.78103,77.40411
12797,Jogera Doddy 1,12.77968,77.40517
12798,Abbanakuppe,12.77419,77.4095
12799,Depot-36 Gate,12.76845,77.41403
12800,Vrishabavatipura,12.7663,77.41567
12801,Thimmegowdana Doddy,12.76223,77.41606
12802,Byramangala Circle,12.74986,77.42207
12803,Kanchugaranahalli,12.72367,77.44624
12804,Meda Maranahalli,12.70146,77.45186
12805,Gullahatti Kaval,12.72968,77.547
12806,Shanimahathma Temple,12.74265,77.52776
12807,Nishane,12.73194,77.52191
12808,Muttarayanapura Cross,12.72574,77.51392
12809,Meda Maranahalli,12.70143,77.45173
12810,Kempashetty Doddy,12.7411,77.43094
12811,Concord Apartment Electronic City,12.84056,77.65185
12812,Neeladri Nagara,12.84147,77.64797
12813,Thogur Cross,12.84346,77.64425
12814,Bettadasanapura,12.84158,77.63194
12815,Ragi Machine,12.8916,77.56035
12816,Sharadanagara,12.8925,77.5595
12817,Sharadanagara,12.89261,77.55948
12818,Ragi Machine,12.89166,77.56026
12819,Vittasandra Cross,12.84379,77.63471
12820,Thogur Cross,12.84356,77.64427
12821,Neeladri Nagar,12.84151,77.64788
12822,Concord Apartment Electronic City,12.84061,77.65172
12823,Chandapura,12.80275,77.7046
12824,Gopasandra Gate,12.85252,77.72986
12825,Kaggalipura Cross,12.85588,77.73117
12826,Ajmeer Apartment Neeladri Road,12.84181,77.64675
12827,Sanabil Education Trust,12.84441,77.60334
12828,PAPAS Trading PVT LTD,12.89154,77.59422
12829,Neeladri Nagar SNN Raj Neeladri Apartment,12.843,77.64426
12830,Ajmeer Apartment Neeladri Road,12.84185,77.64673
12831,Basavanapura,12.84561,77.59433
12832,Lakshmi Temple,12.88637,77.49841
12833,Manjunatha Kalyana Mantapa,12.87459,77.53825
12834,Chikkegowdanapalya,12.87872,77.51476
12835,Gattigerepalya,12.88356,77.50221
12836,Lakshmi Temple,12.88632,77.4985
12837,Gottigere,12.85518,77.58868
12838,Sri Adishakthi Temple,12.85514,77.58484
12839,Kembathahalli Cross,12.85513,77.58042
12840,JP Nagara 15th Cross,12.90624,77.58563
12841,Puttenahalli,12.89688,77.58613
12842,Gottigere Nice Road Junction,12.85081,77.58818
12843,Avalahalli,12.87275,77.56653
12844,Kariyanapalya Cross (80ft Road Junction),12.89216,77.51434
12845,Ganakal2,12.89789,77.51221
12846,Milk Booth,12.90268,77.5107
12847,Aditya Bakery,12.9035,77.51067
12848,Gottipura Gate,13.0948,77.84653
12849,Attivatta Gate,13.09743,77.85521
12850,Attivatta,13.08812,77.85348
12851,Thavatahalli,13.07707,77.86954
12852,Haraluru,13.0655,77.83827
12853,Dandupalya Cross,13.07638,77.81149
12854,Kolathuru Gate,13.07484,77.82501
12855,Solur,13.07085,77.84313
12856,Ashwathkatte Kodihalli,13.0186,77.81054
12857,Devashettyhalli,13.02425,77.82109
12858,Dandupalya,13.07461,77.81115
12859,Dandupalya Cross,13.07636,77.81145
12860,Kolathuru Gate,13.07484,77.82489
12861,Harohalli,13.06065,77.87421
12862,Injanahalli,13.06308,77.88382
12863,Appasandra,13.06317,77.89659
12864,Sulibele Quarters,13.18904,77.80538
12865,Bettahalli Gate,13.19325,77.81307
12866,Chikka Haralagere,13.20059,77.825
12867,Bendiganahalli Cross,13.20626,77.83458
12868,Bendiganahalli,13.2175,77.8312
12869,Anupahalli,13.21548,77.85612
12870,Cheemasandra,13.21365,77.86867
12871,Ramagovindapuram,13.20924,77.87895
12872,Haleyur,13.20408,77.88961
12873,Lakkondahalli,13.11767,77.77041
12874,(Theneyuru)I Basapura Gate,13.22602,77.83624
12875,Theneyuru,13.22639,77.83658
12876,Byrasandra Dinne,13.23955,77.84697
12877,Jangamakote,13.26142,77.84676
12878,Jangamakote Cross,13.2707,77.84867
12879,Venkatapura,13.27979,77.82066
12880,Hosapete,13.27163,77.84464
12881,Byrasandra Dinne,13.23972,77.84812
12882,Theneyuru,13.22637,77.83666
12883,Bendiganahalli,13.21756,77.8313
12884,Bendiganahalli Cross,13.20652,77.83465
12885,Thammarasanahalli,13.19527,77.83353
12886,Bettahalli Gate,13.1821,77.83163
12887,Gullahalli Gate,13.1722,77.82961
12888,Nagarenahalli,13.16663,77.82808
12889,Chikka Kogilu Gate,13.15719,77.82487
12890,Muthasandra Gate,13.14462,77.82392
12891,Kamblipura Gate,13.12782,77.82095
12892,Chokkahalli Factory Gate,13.12052,77.81861
12893,Medicine Factory,13.10221,77.81268
12894,Kurubarahalli Gate,13.09779,77.81119
12895,Sonadenahalli Gate,13.08776,77.80763
12896,Siddartha Nagara,13.08105,77.80643
12897,Kamblipura Cross,13.13559,77.7874
12898,Sonnallipura,13.13602,77.78981
12899,M Sathyawara,13.14397,77.79809
12900,E Muthsandra,13.14543,77.81562
12901,Kateramma Temple Kambalipura,13.12497,77.80047
12902,Kambalipura,13.13071,77.80385
12903,Sonnallipura,13.13464,77.78981
12904,Kamblipura Cross,13.13553,77.78732
12905,Sonnallipura,13.13466,77.78983
12906,Kambalipura,13.13073,77.80387
12907,Vabasandra,13.12245,77.78
12908,Dodda Haralegere,13.19409,77.83881
12909,T Agrahara,13.1903,77.852
12910,Bhuvanahalli,13.18513,77.8616
12911,Bhavapura,13.18427,77.8704
12912,Atturu,13.09877,77.85841
12913,Channapura Gate,13.10328,77.86663
12914,Mylapura Gate,13.10731,77.87333
12915,M Hosahalli Gate,13.1094,77.87758
12916,Mugabala,13.11977,77.88853
12917,Kembaliganahalli Gate,13.13264,77.89921
12918,Chennathimmana Gollahalli Gate,13.14109,77.89828
12919,Shivanapura Cross Hosakote,13.15328,77.8966
12920,Shivanapura Cross Hosakote,13.15326,77.89668
12921,Chennathimmana Gollahalli Gate,13.14104,77.89838
12922,Kembaliganahalli Gate,13.13265,77.89922
12923,Mugabala,13.11945,77.88874
12924,M Hosahalli Gate,13.10917,77.87763
12925,Mylapura Gate,13.10712,77.87341
12926,Channapura Gate,13.10304,77.86669
12927,Atturu,13.09855,77.85864
12928,Attivatta Gate,13.09724,77.85527
12929,Gottipura Gate,13.09467,77.8465
12930,Halasahalli Cross,13.08981,77.83619
12931,Kolathuru Gate,13.08494,77.82519
12932,Hotel Emerald,13.08266,77.81852
12933,Nidaghatta,13.09565,77.87034
12934,Dodda Nallala,13.08402,77.89655
12935,Chikka Nallala,13.09694,77.89533
12936,Poojena Agrahara,13.03202,77.79304
12937,Poojena Agrahara Cross,13.03539,77.79277
12938,Doddagattiganabbe,13.03366,77.78798
12939,Doddagattiganabbe Cross,13.03345,77.78547
12940,Sarakari Guttahalli Cross,13.04632,77.78485
12941,Jinnagara Cross,13.02985,77.82616
12942,Koppa Gate,12.79644,77.61613
12943,Jigani APC Circle,12.77926,77.64385
12944,Gopasandra Gate,12.85241,77.72991
12945,Chandapura,12.80285,77.70476
12946,Mahathma Vidhyalaya Muttanalluru,12.83194,77.73502
12947,Head Start School Gate,12.86121,77.73234
12948,Harohalli Gate,12.86523,77.73251
12949,Kammasandra Gate,12.87093,77.73381
12950,Muttanalluru Cross,12.88761,77.73841
12951,Mayasandra Kodi,12.74805,77.74235
12952,Ramalinga Reddy Estate,12.74575,77.74018
12953,Shobha Apartment,12.73955,77.73454
12954,Doddamma Temple,12.87848,77.69872
12955,Chikkanayakanahalli Dinne,12.88392,77.69698
12956,Chikkanayakanahalli,12.89224,77.69443
12957,Karpura Gate,12.72449,77.72088
12958,Besthamanahalli,12.73087,77.72666
12959,Tattanalli Gate,12.73549,77.73079
12960,Shobha Apartment,12.73965,77.73453
12961,Ramalinga Reddy Estate,12.74574,77.74012
12962,Mayasandra Kodi,12.74808,77.74234
12963,Oxford Medical College Yadavanahalli,12.78964,77.75776
12964,Adishwara Bombay Dying,13.02126,77.55609
12965,Bombay Dyeing Yashwanthapura,13.02491,77.55748
12966,Mathikere Post Office,13.0289,77.55907
12967,Jalli Machine,13.086,77.55526
12968,Iskcon Temple,13.01174,77.55174
12969,1st Block Rajajinagara,13.0047,77.54909
12970,Rajajinagara Metro Station,12.99983,77.54991
12971,Manjunatha Nagara,12.99593,77.55068
12972,ESI Hospital Rajajinagara,12.99075,77.55091
12973,Dhobi Ghat Rajajinagara,12.98551,77.54934
12974,Industrial Area Rajajinagara,12.98205,77.54911
12975,Aralimara Industrial Area  Rajajinagara,12.97859,77.54909
12976,Magadi Road TollGate,12.97516,77.54866
12977,Hampi Nagara 7th Main,12.96217,77.53757
12978,Hampi Nagara Post Office,12.96514,77.53814
12979,Magadi Road TollGate,12.97537,77.54845
12980,Aralimara Industrial Area  Rajajinagara,12.97857,77.54871
12981,Industrial Area Rajajinagara,12.98206,77.5487
12982,Dhobi Ghat Rajajinagara,12.98565,77.54912
12983,ESI Hospital Rajajinagara,12.99101,77.55084
12984,Manjunatha Nagara,12.99548,77.55068
12985,Rajajinagara Metro Station,12.99967,77.54976
12986,Mahalakshmi Layout Entrance,13.00782,77.54867
12987,Iskcon Temple,13.0116,77.55103
12988,Govardhan Talkies,13.01781,77.55374
12989,Mallasandra Health Center,13.05342,77.51184
12990,Shankar Mutt,12.99939,77.54103
12991,GKW Layout,12.96802,77.52845
12992,Marenahalli,12.96993,77.53215
12993,Goraguntepalya  Ring Road,13.02997,77.53707
12994,Reliance Petrol Bunk Goraguntepalya,13.02866,77.5363
12995,Modern Food Goraguntepalya,13.02483,77.53414
12996,Gopal Estate,12.818,77.48312
12997,Badekatte,12.8181,77.48975
12998,Uttari Cross,12.80844,77.51048
12999,Muneshwara Layout,12.87433,77.47137
13000,Nayandahalli Junction,12.94381,77.53029
13001,Malleshwara Circle,12.99713,77.56844
13002,Rajajinagara Old Police Station,12.98992,77.55545
13003,Rama Mandira Rajajinagara,12.98623,77.55636
13004,Kadirenahalli Park,12.91762,77.56447
13005,Hosakerehalli  Junction,12.93044,77.54342
13006,Hosakerehalli Petrol Bunk,12.933,77.54018
13007,PES College,12.93489,77.53707
13008,Veerabhadranagara,12.93828,77.53343
13009,Nayandahalli Junction,12.94509,77.52857
13010,1st Stage 3rd Block Nagarabhavi (Summanahalli),12.95286,77.52017
13011,Nagarabhavi Circle,12.95894,77.51681
13012,BDA Complex Cross Nagarabhavi,12.97199,77.51278
13013,Malagala,12.97856,77.51502
13014,Siddaiah Puranik Road Junction,12.98212,77.53716
13015,Havanur Circle,12.98898,77.53767
13016,8th Main Kamalanagara,12.99163,77.53839
13017,Water Tank Kamalanagara,12.99546,77.53977
13018,Shankar Mutt,12.99915,77.54161
13019,Modi Hospital,12.99749,77.54586
13020,MS Ramayya Hospital,13.02847,77.57141
13021,Depot-31 Gate,12.99311,77.5213
13022,Govt First Grade College Bidadi,12.80684,77.38906
13023,KHB Colony,12.80269,77.38586
13024,Lakkasandra,12.79512,77.3245
13025,Lakkaiahana Doddy,12.77912,77.3351
13026,Mayaganahalli,12.76852,77.3355
13027,Kapayana Doddy,12.77263,77.35414
13028,Kallugopahalli,12.77713,77.3622
13029,Heggadagere Cross,12.78787,77.37426
13030,Kenchanakuppe Colony,12.79003,77.37627
13031,Atturu Layout Vegetable Market,13.10079,77.56685
13032,Atturu,13.10649,77.56577
13033,Shrusti School Yalahanka,13.10703,77.57594
13034,Atturu,13.10653,77.56578
13035,Atturu Layout Vegetable Market,13.10082,77.56687
13036,Veerasagara,13.10482,77.55409
13037,Chokkanahalli,13.18306,77.53932
13038,Huskur Bare,13.13701,77.43924
13039,Dodda Byalakere,13.11354,77.52473
13040,Poultry Farm,13.14925,77.47651
13041,Shanubhoganahalli,13.17917,77.5313
13042,Bettahalasuru Village,13.16278,77.60861
13043,Addiganahalli Extension,13.1728,77.57126
13044,Indo Dyanish Farm,13.16133,77.48019
13045,Nruthyagrama Gate,13.15419,77.473
13046,Kalathammanahalli,13.10346,77.51687
13047,Mallasandra Bagalakunte,13.05709,77.50954
13048,Kalikanagara Shiva Temple,13.0086,77.49011
13049,Sri Sai Packaging Company,12.99764,77.46319
13050,Summanahalli,12.98631,77.51934
13051,Malagala,12.97863,77.51525
13052,Nagarabhavi Circle,12.95907,77.51686
13053,BDA Complex Cross Nagarabhavi,12.97211,77.51293
13054,1st Stage 3rd Block Nagarabhavi (Nayandahalli),12.95302,77.52026
13055,Chowdeshwarinagara,13.00054,77.52472
13056,Kalamandira Marathahalli Bridge,12.95993,77.70143
13057,Kadubisanahalli,12.94259,77.69717
13058,New Horizon College,12.93544,77.69123
13059,Devarabisanahalli Ring Road,12.93145,77.68686
13060,Eco Space,12.92776,77.68049
13061,Bellanduru City Light Appartment,12.92412,77.67278
13062,Bellanduru Petrol Bunk,12.92309,77.6705
13063,Sarjapura Ring Road Junction,12.92203,77.66825
13064,Ibbaluru,12.92129,77.66217
13065,Agara Junction,12.92433,77.65073
13066,Depot-25 Gate (Central Silk Board),12.91952,77.64294
13067,ITC Factory,12.99839,77.62389
13068,Sindhi Colony,12.99557,77.61708
13069,Cox Town,12.99648,77.62157
13070,Pankaj Dairy,12.99591,77.62385
13071,Jeevanahalli Water Tank,12.99456,77.62694
13072,Jeevanahalli Cross,12.99434,77.62909
13073,Jeevanahalli Graveyard,12.99383,77.63174
13074,Kattalepalya,12.99301,77.63601
13075,Bayyappanahalli Gate,12.9916,77.6433
13076,Bayyappanahalli Cross,12.98559,77.64255
13077,Swamy Vivekananda Metro Station,12.98583,77.64547
13078,Dhoopanahalli,12.96336,77.64146
13079,Bayyappanahalli Cross,12.98525,77.64246
13080,Bayyappanahalli Gate,12.99157,77.64327
13081,Kattalepalya,12.99285,77.63631
13082,Jeevanahalli Graveyard,12.99378,77.63176
13083,Jeevanahalli Cross,12.99424,77.62893
13084,Jeevanahalli Water Tank,12.99382,77.62666
13085,Pankaj Dairy,12.99543,77.62348
13086,Cox Town,12.99629,77.62153
13087,Sindhi Colony,12.9962,77.6177
13088,ITC Factory Fly,12.99847,77.62384
13089,Bhuvaneshwari Nagara,13.0322,77.60487
13090,MM Medicals,13.0314,77.60839
13091,KHB Colony Sultanpalya,13.02815,77.607
13092,P and T Colony,13.02466,77.60525
13093,Bhuvaneshwari Nagara,13.03216,77.60482
13094,Vishwanath Nagenahalli,13.03951,77.60495
13095,Manjushree Hospital,13.02138,77.60704
13096,Chinnappa Layout,13.02822,77.60958
13097,LR Bande,13.02899,77.61058
13098,2nd Stage  H B R Layout (2nd Cross),13.03172,77.61208
13099,2nd Stage H B R Layout (1st Main),13.02881,77.61556
13100,Amarajyothi Badavane,13.05526,77.62929
13101,Kanaka Nagara,13.03953,77.60736
13102,Amarajyothi Badavane,13.05525,77.62932
13103,Vivekananda Nagara,12.9304,77.55325
13104,Krishnasagara,12.932,77.55565
13105,ITI Layout,12.93346,77.55777
13106,Vidyapeeta Circle,12.93521,77.56066
13107,Shankarnagh Circle,12.93651,77.55954
13108,Hoskerehalli,12.93085,77.53971
13109,Hoskerehalli Kerekodi,12.92955,77.53471
13110,D Souza Nagara,12.93199,77.53289
13111,D Souza Nagara,12.93179,77.53331
13112,Hoskerehalli Kerekodi,12.92961,77.5347
13113,AGS Layout Arehalli,12.91252,77.53704
13114,Pramod Layout,12.93877,77.52878
13115,H Krishnappa Layout,12.92327,77.52981
13116,Shaneshwara Temple Hoskerehalli,12.92611,77.53131
13117,Haridasa Nagara,12.91848,77.52736
13118,Gaviyappa Thimayya Layout,12.91383,77.53175
13119,Shaneshwara Temple Hoskerehalli,12.92619,77.53138
13120,Ittamadu Cross,12.92781,77.54612
13121,Srinivasa Kalyana Mantapa,12.926,77.54438
13122,SLV Bakery,12.92127,77.54322
13123,Ittamadu,12.91966,77.5424
13124,AGS Layout Cross,12.91347,77.54088
13125,Bhuvaneshwari Nagara Mahalakshmi Temple,12.92191,77.55084
13126,Bhuvaneshwari Nagara,12.92295,77.54897
13127,Kathriguppe,12.9251,77.54983
13128,Bhuvaneshwari Nagara,12.92298,77.54904
13129,Kamakya Talkies,12.92402,77.55333
13130,Srikanteshwara Park,12.92643,77.55369
13131,Banashankari 3rd Stage 3rd Phase,12.92761,77.55125
13132,Sapthagiri Badavane,12.9222,77.53457
13133,Water Tank,12.93063,77.54705
13134,Brundavana Nagara,12.95042,77.5555
13135,Vittal Nagara,12.95414,77.55696
13136,TR Mill,12.95683,77.55921
13137,Raghavendra Colony,12.95773,77.55941
13138,Marathahalli Bridge,12.95671,77.70131
13139,Marathahalli Bridge,12.95488,77.70053
13140,Hennur Junction,13.02948,77.63125
13141,HBR Layout,13.035,77.62849
13142,80 feet Road Kalyananagara,13.02546,77.64042
13143,BEL Circle,13.04402,77.55489
13144,MES Road,13.04392,77.55436
13145,Jalahalli Bakery,13.04254,77.54977
13146,Jalahalli Village,13.04165,77.54718
13147,Alisda,13.03404,77.54112
13148,CQAEL CQEAE Complex,13.03713,77.54174
13149,B Narayanapura Ring Road,12.99583,77.68417
13150,Mahadevapura Ring Road,12.98823,77.6895
13151,EMC2,12.98256,77.69301
13152,Dodda Nekkundi Bridge/Rainbow Hospital,12.97499,77.69764
13153,Karthik Nagara,12.96821,77.7017
13154,Yeshawanthapura,13.01878,77.55758
13155,Yeshawanthapura Railway Station,13.0216,77.55331
13156,Kalkere Cross,13.02125,77.67889
13157,Sarjapura Road Ibbaluru Junction,12.9204,77.66585
13158,Sarjapura Road Ibbaluru Junction,12.92043,77.66518
13159,Bhattarahalli Bank Of India,13.01521,77.70947
13160,Central Silk Board,12.91816,77.62232
13161,HAL Gnanajyothi School,12.96063,77.69327
13162,Shahi Exports PVT Ltd Unit-7,12.91926,77.6679
13163,BEL Circle,13.04376,77.55806
13164,Chowdeshwarinagara JP Park,13.03272,77.55408
13165,Mathikere,13.03466,77.55705
13166,Bagmane Tech Park (Graphite India),12.97028,77.70706
13167,Seetharampalya Metro Station,12.98014,77.7089
13168,Military Dairy Farm (Esteem Mall),13.04931,77.59324
13169,Hoodi,12.99199,77.71498
13170,Hope Farm,12.98424,77.75145
13171,Seetharampalya Metro Station,12.98077,77.70891
13172,St Bentic School,12.88709,77.45876
13173,Dubasipalya,12.92747,77.4952
13174,Nayandahalli Junction,12.94574,77.52821
13175,ITI Colony Gate,13.00519,77.685
13176,B Channasandra Bridge(Ramamurthy Nagara Ring Road),13.01354,77.66209
13177,KR Pura Metro Station,13.00014,77.67664
13178,Dasarahalli Road Junction,13.05583,77.5941
13179,Amruthanagara Hebbala,13.05598,77.59791
13180,Sunkadakatte,12.98931,77.50583
13181,Rajiv Gandhi,12.98686,77.50424
13182,Kebbahaala,12.98553,77.50346
13183,Muneshwara Temple,12.98316,77.50257
13184,KLE Society College,12.96835,77.48137
13185,KLE Society College Cross,12.9731,77.48347
13186,Annapoorneshwarinagara,12.98077,77.50687
13187,Kebbahaala,12.9856,77.50347
13188,Rajiv Gandhi,12.98702,77.50431
13189,Ilyas Nagara Junction,12.90856,77.57039
13190,Sarakki Signal,12.90657,77.57367
13191,Vinayaka Nagara Hesarghatta,13.13859,77.47477
13192,Kangovi PVT LTD Kukkanahalli,13.15427,77.43826
13193,Gunjurpalya Gate,12.91724,77.72546
13194,Krupanidhi College Gunjur Road,12.91556,77.72356
13195,Mount Carmel,12.9129,77.71304
13196,Kaikondrahalli,12.91372,77.67763
13197,KSRP Training Centre,12.88588,77.67244
13198,Rayasandra,12.87939,77.67211
13199,Hosa Road,12.87033,77.65368
13200,Rayasandra,12.87945,77.67206
13201,KSRP Training Centre,12.88594,77.67239
13202,Carmelaram Railway Station,12.9072,77.70537
13203,Mount Carmel,12.91293,77.71303
13204,Krupanidhi College Gunjur Road,12.91559,77.72346
13205,Belenus Hospital Near Carmelram Gate,12.90247,77.70891
13206,CMR College,13.11772,77.65499
13207,Kempegowda Garden,13.07733,77.52161
13208,Ashoka Polytechnic,13.06557,77.53308
13209,Ashoka Polytechnic,13.06553,77.53307
13210,National Public School Ullala,12.95594,77.4786
13211,Ullala Satellite Town Cross,12.96212,77.4785
13212,Gangondanahalli,13.02162,77.46776
13213,Kannalli,12.96755,77.45894
13214,Hosahalli,12.96315,77.4539
13215,Kenchanapura,12.95713,77.44971
13216,Byrohalli Gate,12.93438,77.44817
13217,Banglow Sulikere,12.93304,77.45183
13218,Ramasandra Cross,12.93259,77.46163
13219,Kommaghatta,12.93007,77.46502
13220,Vinayaka Talkies,12.96333,77.56779
13221,Railway Gate Kempapura,12.96902,77.55934
13222,Kempapura Agarahara,12.96904,77.55459
13223,Kempapura Agarahara,12.96912,77.55465
13224,Kempapura Agarahara Railway Gate,12.96913,77.55925
13225,Shanthi Talkies,12.93669,77.57899
13226,Bharathi Nursing Home Jayanagara,12.93683,77.57396
13227,Nagasandra Circle,12.93691,77.57191
13228,Chamarajapet,12.95707,77.56705
13229,Rama Mandira Chamarajapet,12.957,77.56302
13230,Vittal Nagara,12.95464,77.55713
13231,Vinayaka Layout,12.96491,77.53041
13232,Subbanna Garden,12.96468,77.5322
13233,Vijayanagara Garage,12.96449,77.53437
13234,Jai Bheema Nagara,12.91944,77.61568
13235,Gangothri Circle,12.91965,77.61299
13236,16th Main Hopcoms BTM Layout,12.91971,77.61036
13237,Udupi Garden Petrol Bunk,12.91714,77.61023
13238,Crown Plaza,12.85092,77.66
13239,Electronic City Toll,12.8458,77.66797
13240,Depot-32 Suryacity,12.79047,77.70677
13241,Electronic City East Phase-II,12.84498,77.68094
13242,Vinayaka Layout,12.96486,77.53038
13243,Bapuji Layout Saraswathi Nagara,12.97203,77.52938
13244,Saraswathipuram,13.00911,77.53816
13245,Nandini Layout Bus Stand,13.01183,77.53574
13246,East West Public School,13.00556,77.55638
13247,Canara Bank Subramanyanagara,13.0047,77.55996
13248,Subramanyanagara,13.00415,77.56136
13249,Kodandarama Temple,13.00155,77.56089
13250,SBM Gayathri Nagara,12.99991,77.5604
13251,Gayathri Nagara,12.99824,77.55996
13252,MD Block,12.99324,77.56954
13253,Ramamandira,12.99343,77.56781
13254,Chowdeshwari Temple,12.99483,77.56638
13255,5th Cross Sriramapura,12.99214,77.56647
13256,Bandi Reddy Circle,12.99141,77.56389
13257,Malleshwara Railway Station,13.00075,77.56321
13258,Subramanyanagara,13.00409,77.56133
13259,Milk Colony 1,13.00906,77.55967
13260,Mysore Lamp,13.01546,77.55939
13261,Yeshawanthapura,13.01782,77.558
13262,Saraswathipuram,13.00915,77.53824
13263,Ramakrishna Nagara,13.01763,77.53428
13264,Jai Bhuvaneshwari Nagara,13.01572,77.53202
13265,Lakshmidevi Nagara Cross,13.02129,77.52651
13266,Lakshmidevi Nagara,13.0155,77.52607
13267,Vidhana Soudha Layout,13.01543,77.52245
13268,Vidhana Soudha Layout,13.01542,77.52232
13269,Lakshmidevi Nagara,13.01552,77.52594
13270,Sanjay Gandhi Nagara,13.01872,77.52633
13271,Kanteerava Studio,13.02164,77.53523
13272,Krishnananda Nagara,13.01816,77.5413
13273,Shankara Nagara,13.01593,77.54381
13274,Nandhini Talkies,13.00383,77.54339
13275,Geleyara Balaga Extension Rajajinagara,13.00595,77.54112
13276,Kurubarahalli,13.00084,77.53588
13277,Nandini Layout Police Station,13.01235,77.53666
13278,SSVB Bakery Kanteerava Studio,13.01365,77.53397
13279,Jai Maruthi Nagara,13.00758,77.53111
13280,Jai Maruthi Nagara Circle,13.0099,77.53277
13281,Jai Maruthi Nagara,13.00759,77.53118
13282,Ravi Badavane Jai Maruthi Nagara,13.00673,77.5323
13283,Jai Maruthi Nagara Circle,13.00993,77.53281
13284,2nd Stage Kanteeravanagara,13.01505,77.53901
13285,Krishnananda Nagara,13.01856,77.53963
13286,Jai Bhuvaneshwari Nagara,13.01572,77.53211
13287,SSVB Bakery Kanteerava Studio,13.01371,77.53391
13288,Ramakrishna Nagara,13.01761,77.53422
13289,Sakamma Layout,13.00723,77.52867
13290,Gayathri Nagara,12.99828,77.55991
13291,SBM Gayathri Nagara,12.99993,77.56035
13292,Kodandarama Temple,13.00141,77.56074
13293,Canara Bank Subramanyanagara,13.00466,77.55993
13294,East West Public School,13.00547,77.55647
13295,Govt Soap Factory,13.01284,77.55373
13296,Orion Mall Malleshwaram,13.01123,77.55439
13297,Pipe Line Park,12.97032,77.54639
13298,Pipeline Binni Layout,12.96753,77.54513
13299,Attiguppe,12.95787,77.53446
13300,Cauvery Nagara,12.99965,77.53073
13301,Kamalanagara Market,12.99608,77.53079
13302,Gudde Devastana Kamalanagara,12.99533,77.53324
13303,Sharadha Colony,12.99184,77.53436
13304,3rd Stage Basaveshwaranagara,12.98912,77.54249
13305,Manjunatha Nagara,12.99145,77.54288
13306,Pushpanjali Talkies,12.99136,77.54616
13307,Shivanahalli 4th Main,12.98895,77.54683
13308,Dhobi Ghat Rajajinagara,12.98761,77.551
13309,Shivanahalli 4th Main,12.98886,77.54683
13310,Manjunatha Nagara,12.99156,77.54296
13311,3rd Stage Basaveshwaranagara,12.98898,77.54254
13312,Cauvery Nagara,12.99965,77.53048
13313,Kurubarahalli,13.00085,77.53586
13314,Bheemajyothi Nagara Shankara Mutt,13.00257,77.54096
13315,1st Block Rajajinagara,13.00592,77.54867
13316,Geleyara Balaga Extension Rajajinagara,13.00592,77.54107
13317,Nandhini Talkies,13.00386,77.54344
13318,JC Nagara Kurubarahalli,13.00592,77.53494
13319,JC Nagara,13.00606,77.53499
13320,Havanur Circle,12.98769,77.5375
13321,Bheemajyothi Nagara Shankara Mutt,13.00219,77.54073
13322,Chowdeshwarinagara,13.0006,77.525
13323,Malleshwara 8th Cross (8th Main),13.00011,77.56541
13324,Malleshwara 13th Cross  (8th Mian),13.00323,77.56526
13325,Malleshwara 15th Cross  (8th Main),13.00715,77.56423
13326,Malleshwaram 18th Cross,13.01,77.56254
13327,Kirloskar Company,13.0145,77.55994
13328,Yeshawanthapura Market,13.01991,77.55553
13329,Mantri Green Apartment Sampige Talkies,12.99319,77.57045
13330,Mysore Lamp,13.01558,77.5595
13331,Malleshwara 18th Cross,13.01005,77.56255
13332,Malleshwara 15th Cross(8th Main),13.00718,77.56424
13333,Malleshwara 13th Cross (8th Main Road),13.00333,77.56531
13334,Malleshwara 8th Cross (8th Main KBS),13.00008,77.56546
13335,Mohankumar Nagara,13.03065,77.54934
13336,Gudde Devastana Kamalanagara,12.99527,77.53327
13337,Kamalanagara Market,12.99605,77.53071
13338,Shankarnagh Bus Stand,12.99472,77.52677
13339,Kamalanagara,12.99272,77.53063
13340,Havanur Circle,12.98789,77.53807
13341,Dasarahalli Kere,12.98517,77.54417
13342,Industrial Town Rajajinagara,12.98453,77.54819
13343,Dhobi Ghat Rajajinagara,12.98721,77.55089
13344,Maruthi Temple Kamalanagara,12.99492,77.53549
13345,Kamalanagara,12.99676,77.52737
13346,Sharada Colony,12.9922,77.53454
13347,Kamalanagara,12.99675,77.52732
13348,Maruthi Temple Kamalanagara,12.99497,77.53545
13349,Kanteerava Studio,13.02175,77.53196
13350,Sanjay Gandhi Nagara,13.01886,77.52627
13351,Mohankumar Nagara,13.0307,77.54939
13352,CS-Aspire bee School,12.87932,77.72381
13353,CS-Sompura Gate,12.86216,77.77194
13354,CS-Kachamaranahalli,12.91285,77.73385
13355,CS-Malya Adithi School,13.1022,77.58288
13356,CS-Indiranagara 12th Main,12.9702,77.64128
13357,CS-Sadashivanagara ING Vysya Bank,13.00565,77.58043
13358,CS-HP Petrol Bunk Coles Road,12.99667,77.6118
13359,Anjanamurthy,13.04511,77.57437
13360,Alphine Apartment,13.06649,77.5765
13361,Cambridge Public School Yalahanka,13.09417,77.58942
13362,CS-Active Public School Hommadevanahalli,12.84029,77.59439
13363,CS-Depot-34,12.87149,77.5855
13364,CS-Army Public School Kamaraja Road,12.97867,77.60941
13365,CS-Nagavarapalya,12.98949,77.66389
13366,CS-Nethravathi Block,12.94593,77.62266
13367,CS-Ejipura,12.94678,77.62871
13368,CS-Ganapathi Enclave,12.94738,77.64094
13369,CS-Tarapura Officer Colony,12.99015,77.61575
13370,CS-MEG Center,12.98759,77.62236
13371,CS-Domlur Marriad Accomadation,12.96205,77.63381
13372,CS-CMP Centre and School,12.95906,77.61229
13373,CS-Tin Factory,12.99692,77.66919
13374,CS-TC Palya,13.02143,77.70038
13375,Manipal Centre,12.97585,77.61452
13376,CS-GM Palya,12.97512,77.66587
13377,CS-ARMY PUBLIC SCHOOL (Parachute Regiment),13.01671,77.58643
13378,CS-Chowdary Line,13.00521,77.63881
13379,CS-ARMY Public School ASC Center,12.96439,77.6182
13380,CS-NGV Koramangala,12.94477,77.62338
13381,CS-Sony World 80ft Road Koramangala,12.93745,77.6266
13382,CS-ADMC Quarters Office,13.0044,77.64132
13383,CS-Parachute,13.01184,77.59594
13384,CS-Vasanth Enclave,13.01167,77.59351
13385,CS-Kalkere,13.03366,77.67471
13386,CS-Byrathi Bande,13.07796,77.6535
13387,Ashwathnagara,13.02696,77.57971
13388,CS-Sri Rakum School,13.19525,77.58944
13389,CS-Tharahunise,13.17873,77.58864
13390,CS-Avasarala Factory Kanakapura Road,12.782,77.49287
13391,CS-Banashankari,12.91761,77.57381
13392,CS-Uttamasagar Hotel Banasawadi,13.00931,77.64337
13393,Depot-23 Kalyana Nagara,13.02655,77.63895
13394,Kadabagere Cross,12.98901,77.44915
13395,8th Mile Dasarahalli,13.04547,77.50553
13396,Siddartha School Cross,13.02611,77.48905
13397,Kari Obanahalli,13.02493,77.48658
13398,Thunga Nagara,12.99192,77.48526
13399,Kari Obanahalli,13.02495,77.48656
13400,Siddartha School Cross,13.02607,77.48893
13401,Indiranagara,13.02772,77.4937
13402,Ganga International School,13.02831,77.49627
13403,Gruhalakshmi Layout,13.02992,77.50026
13404,Nelagadarenahalli,13.03149,77.50346
13405,Rukmini Nagara,13.04099,77.50482
13406,Manjushree Garments PSS,13.01393,77.49938
13407,Thippenahalli Anjaneya Temple,13.03571,77.48451
13408,Nagasandra Metro Staiton,13.04817,77.49961
13409,Thippenahalli Anjaneya Temple,13.03574,77.4845
13410,Thippennahalli Cross,13.02943,77.48362
13411,Siddartha International School,13.02854,77.48842
13412,HMT Layout 8th Mile,13.03369,77.50412
13413,Shanthinagara,13.02631,77.47336
13414,Mestripalya,13.06056,77.6195
13415,Rachenahalli Cross,13.05913,77.61929
13416,Bhartiya City Chokkanahalli,13.08341,77.64253
13417,CS-Bishop Coton Girls High School,12.96916,77.60157
13418,CS-Depot-24 Gate,13.00328,77.68252
13419,CS-CBI,13.02624,77.58563
13420,CS-Gubbi Cross,13.06491,77.65192
13421,CS-80 Feet Road Kalyananagara,13.02554,77.64084
13422,CS-Thanisandra,13.05642,77.63297
13423,CS-Shivanahalli 4th Main,12.98891,77.54702
13424,CS-Gowdanapalya,12.91167,77.55644
13425,CS-BEL Factory,13.04887,77.55902
13426,CS-Hosakote KEB Circle,13.07202,77.78704
13427,CS-Bommasandra Canara Bank,12.82162,77.68772
13428,CS-Munnekolalu,12.94859,77.708
13429,CS-BEML Factory,12.97154,77.65928
13430,CS-Viva Toyota Hunasamaranahalli,13.14944,77.61937
13431,CS-Kittanahalli,13.00908,77.42024
13432,CS-Kalyana Mantapa Koramangala,12.93802,77.61858
13433,CS-Bhattarahalli Bank Of India,13.01497,77.70945
13434,CS-Gruhalakshmi Layout,13.02998,77.5007
13435,CS-B Channasandra Bridge,13.0132,77.66241
13436,CS-GKW Layout,12.96827,77.52879
13437,CS-Ramaswamipalya,13.00979,77.63534
13438,CS-Vinayakanagara Indira Canteen,12.89309,77.5431
13439,CS-JP Nagara 15th Cross,12.90625,77.58737
13440,CS-1st Cross Magadi Road,12.97577,77.56265
13441,CS-Poornaprajna Layout,12.9088,77.53588
13442,CS-RV College,12.92619,77.50096
13443,CS-Vignananagara,12.9727,77.67807
13444,CS-Aluru,13.08474,77.46538
13445,CS-CV Raman Nagara Railway Gate,12.98364,77.67975
13446,CS-Kadugodi Bus Stand,12.99542,77.75912
13447,CS-Raghavendra Swamy Temple,12.92944,77.53477
13448,CS-Karekal Cross,13.06922,77.36141
13449,CS-Syndicate Bank Colony Andraha,12.99775,77.48961
13450,CS-Rajanukunte,13.17329,77.5643
13451,CS-Girinagara Extension,12.94103,77.53887
13452,CS-Depot-10 Gate,13.02548,77.63098
13453,CS-Chinnappa Garden,13.00337,77.60352
13454,CS-Kempegowda Swimming Pool,12.94852,77.55908
13455,CS-Kannamangala Railway Gollahalli,13.19626,77.41037
13456,CS-Kamakya Talkies,12.92384,77.55335
13457,CS-Sri Mata Amritanandamayi Ashram,12.94598,77.48651
13458,CS-NP Medical Store RPC Layout,12.95883,77.53579
13459,CS-Gangondanahalli Chandra Layout,12.94973,77.52679
13460,CS-Muttanallur Cross,12.88736,77.73827
13461,CS-Bannerughatta Circle,12.81379,77.58123
13462,CS-Havanur Circle,12.98791,77.53725
13463,CS-Hegganahalli,13.00334,77.50445
13464,CS-Kamalanagara,12.99269,77.53084
13465,CS-Beereshwaranagara,12.88205,77.5654
13466,CS-Brigade Millenium,12.8924,77.58191
13467,CS-Gunjuru,12.92104,77.73657
13468,CS-Deepanjalinagara,12.95239,77.5368
13469,CS-Vidyaranyapura,13.08396,77.56027
13470,CS-Bidarahalli,13.062,77.71588
13471,CS-Arehalli Taja Cake,12.91252,77.54017
13472,CS-5th Phase Yelahanka,13.10413,77.57254
13473,CS-RK Hegde Nagara,13.07134,77.63371
13474,CS-KR Puram Railway Station,13.00021,77.6771
13475,Madarasa School 1,12.88017,77.45942
13476,Jandemara,12.87479,77.46123
13477,CS-Makali,13.06604,77.45335
13478,CS-Arakere Gate,12.89051,77.59802
13479,CS-Anjaneya Temple Beguru,12.87285,77.62465
13480,CS-Chikkabanavara,13.0805,77.50257
13481,CS-Bone Mill,13.06366,77.5051
13482,CS-BUC Quarters,12.95241,77.49998
13483,CS-Marappa Garden,13.00467,77.59987
13484,CS-5th Block HBR Layout,13.03545,77.6319
13485,CS-Channasandra,12.9833,77.76801
13486,CS-Bhodhana Hosahalli,12.97932,77.80271
13487,CS-BEML Layout JVS,12.99289,77.52914
13488,CS-BMSIT College Campous Yelahanka,13.13333,77.56767
13489,CS-Govt Soap Factory,13.0129,77.55438
13490,CS-KR Puram Govt Hospital,13.00817,77.69265
13491,CS-8th Mile,13.04508,77.5075
13492,CS-Indiranagara Police Station/KFC,12.97839,77.64087
13493,CS-Ramakrishna Ashrama,12.949,77.56765
13494,CS-Shanthinagara Bus Station,12.95558,77.59223
13495,CS-Nanjappa Circle VRP,13.06847,77.56031
13496,Basava Gangotri Samsthe,12.88359,77.45044
13497,Vinayakanagara Indira Canteen Gubbala  Road,12.89314,77.54312
13498,CS-Bagmane Tech Park,12.97947,77.6641
13499,CS-Ajmeer Apartment Neeladri Road,12.84188,77.64646
13500,CS-Swamy Vivekanada Metro Station,12.9859,77.64532
13501,CS-Sarjapura Police Station,12.86063,77.78326
13502,CS-MS Palya,13.08161,77.54819
13503,CS-ESHA HOSPITAL ATTUR LAYOUT,13.09795,77.56724
13504,CS-Gottigere,12.85618,77.58881
13505,CS-Kengeri Work Shop,12.90143,77.47526
13506,CS-Goraguntepalya (Towards Yashwanthapura TTMC),13.02855,77.54071
13507,CS-Kempegowda Bus Station,12.97816,77.57068
13508,CS-Maruthi Mandira,12.96771,77.53615
13509,CS-RR Medical College,12.89659,77.46092
13510,CS-6th Block Rajajinagara,12.9798,77.55367
13511,CS-Centre for Learning School Varadenahalli,12.95907,77.3089
13512,CS-Mount Carmel College,12.99299,77.58886
13513,Honnasandra Cross,13.11056,77.44347
13514,Mid City,13.14527,77.54386
13515,Nitte International School,13.14794,77.55091
13516,Mylappanahalli Cross,13.1486,77.55193
13517,RTO Office Yelahanka,13.15119,77.55615
13518,Yadiyurappa Nagara,13.1512,77.55896
13519,Singanayakanahalli,13.14765,77.56529
13520,Nitte International School,13.14794,77.55096
13521,Mid City,13.1452,77.54386
13522,Nandaramaiahna Palya,13.08949,77.42519
13523,Nagaruru,13.09115,77.4346
13524,Honnasandra Cross,13.11049,77.44347
13525,Bommashettyhalli Cross,13.12581,77.41664
13526,CS-Christal House Learning School,13.05637,77.64447
13527,CS-Narendra Tent Nagawara,13.02693,77.62032
13528,CS-Old Baiyappanahalli,12.99465,77.64401
13529,CS-Kaval Byrasandra,13.0198,77.60739
13530,CS-Baiyappanahalli Metro Station,12.99026,77.65496
13531,CS-Jai Bharath Nagar,13.00135,77.62958
13532,CS-Kacharakanahalli,13.02108,77.62899
13533,Balavikas International School,12.96696,77.51453
13534,Gangondanahalli Masjid,12.94965,77.52684
13535,Subbanna Garden,12.96464,77.53225
13536,Attiguppe,12.95783,77.53435
13537,Anubhavanagara,12.96778,77.5238
13538,Kalyananagara,12.96843,77.52054
13539,Shakthi Garden,12.96897,77.51884
13540,Vinayaka Nagara Old Gudadahalli,12.96088,77.55062
13541,Classic Archid Apartment Kothanuru,12.87476,77.59214
13542,CS-Yashwanthapura TTMC,13.01789,77.55704
13543,CS-CWS-3,12.90393,77.44992
13544,CS-Depot-31,12.99279,77.52135
13545,CS-Bagalagunte Cross,13.05665,77.50727
13546,DSC HAL GM Palya,12.97659,77.66824
13547,HAL Market/SBI Bank,12.96036,77.66621
13548,MEG Centre,12.98701,77.62255
13549,Lake Side Hospital,12.98833,77.61736
13550,Sivanchetty Gardens,12.98966,77.61539
13551,ISRO Quarters Jalahalli,13.04513,77.5349
13552,Depot-09 Peenya,13.02039,77.50022
13553,Depot-10 Hennuru,13.02568,77.63233
13554,Depot-11 Puttenahalli,13.11061,77.57947
13555,Depot-12 Kengeri,12.90424,77.4727
13556,Maruthi Nagara,12.93992,77.47956
13557,1st Block Vishweshwaraiah Layout,12.93752,77.4789
13558,RR Medical College,12.8969,77.46185
13559,Good Earth Villas Cross,12.89036,77.46685
13560,Good Earth Malhar,12.88563,77.46453
13561,Depot-13 Kathriguppe,12.92493,77.55434
13562,Depot-14 RT Nagara,13.02868,77.59328
13563,Renaissance prosperio apartment,13.06426,77.59362
13564,Depot-15 Koramangala,12.9414,77.62487
13565,Depot-16 Deepanajalinagara,12.95136,77.53703
13566,Depot-17 Chandra Layout,12.95897,77.52733
13567,Depot-18 White Field,12.97686,77.72596
13568,DEPOT-19 Gate,12.84691,77.67192
13569,Depot-19 Electronic City,12.8474,77.67229
13570,PES College Hostel Kasavanahalli,12.89485,77.67327
13571,Depot-02 Shanthinagara,12.95442,77.59488
13572,Depot-20 Banashankari,12.91871,77.57086
13573,Depot-21 BEML Layout,12.90673,77.52042
13574,Depot-24 ITI Layout,13.00163,77.68359
13575,Graphite Junction,12.98502,77.70833
13576,HRBR 1st Stage,13.02217,77.64744
13577,Depot-25 Gate,12.91956,77.64495
13578,Depot-25 HSR Layout,12.91986,77.64457
13579,Parangipalya Cross,12.9084,77.65182
13580,Depot-26 Yeshawanthapura,13.0186,77.55537
13581,Depot-27 Jigani,12.78019,77.63446
13582,Sriramapura OMEX,12.80323,77.66592
13583,Yarandahalli,12.80844,77.66552
13584,Naidu Layout,12.809,77.66867
13585,RK Township,12.80608,77.6701
13586,Depot-28 Hebbala,13.04355,77.59335
13587,Depot-29 KR Puram,13.00444,77.69175
13588,Depot-03 Shanthinagara,12.95532,77.596
13589,Depot-30 Puttenahalli,13.11009,77.57762
13590,Depot-31 Summanahalli,12.99285,77.52221
13591,AGS Layout,12.95163,77.47921
13592,Manganahalli,12.95415,77.46935
13593,2nd Stage 11th Block Nagarabhavi,12.97758,77.51336
13594,Depot-33 Poornapragna layout,12.90974,77.53606
13595,Depot-34 Kottanur,12.87168,77.58616
13596,Kodichikkanahalli,12.89823,77.61801
13597,1st Main Kodichikkanahalli,12.89847,77.6155
13598,Depot-35 Kannalli,12.97253,77.44263
13599,Depot-36 Bidadi,12.76888,77.41428
13600,Bosch Main Gate Bidadi,12.80023,77.42076
13601,KIADB Area,12.79546,77.42353
13602,Abbanakuppe KEB,12.78762,77.42868
13603,Abbanakuppe Colony,12.77123,77.41632
13604,Depot-37 Kengeri,12.91344,77.48793
13605,PES College Kasavanahalli,12.89534,77.67249
13606,Karnataka Slum Board Development Apartment,12.87595,77.67227
13607,Dodda Nagamangala Tirumala Bekary,12.8623,77.67814
13608,Heelalige,12.81784,77.70901
13609,Kudlu Slum Board,12.88957,77.65635
13610,Birla Haralur Road,12.8942,77.6571
13611,Haralur Junction,12.89824,77.65824
13612,Kudlu Gate,12.88931,77.64046
13613,Depot-39 Hoskote,13.06832,77.78173
13614,Depot-04 Jayanagara,12.92489,77.59346
13615,Depot-40 Dasanapura,13.07402,77.44491
13616,Depot-41 Gunjuru,12.92231,77.7433
13617,Vinayaka Nagara,12.96466,77.75514
13618,Hagaduru,12.96581,77.75681
13619,Depot-42 Kodathi,12.89596,77.7041
13620,Amrutha Engineering College,12.89566,77.67471
13621,Depot-43 Shivanapura,13.0668,77.42575
13622,Thimmabhovipalya Shivanapura,13.05961,77.41928
13623,Anjanapura 10 Block,12.85601,77.569
13624,Depot-44 Anjanapura,12.85538,77.56969
13625,Atturu Layout,13.09789,77.56707
13626,Depot-45 MS Palya,13.08431,77.55046
13627,Lakshmipura Cross,13.09212,77.5333
13628,Somashettyhalli Cross,13.09282,77.52357
13629,Kebbepalya Gate,13.09008,77.51395
13630,Ganigarahalli,13.08911,77.51
13631,Depot-46 Sadenahalli,13.18393,77.56681
13632,Depot-47 Gate,13.08467,77.73201
13633,Depot-47 Manduru,13.08535,77.73146
13634,Kammasandra Gate,13.08165,77.71591
13635,Depot-48 Byrathibande,13.07668,77.65422
13636,Depot-49 Bidadi,12.80177,77.39285
13637,Depot-50 Devanahalli,13.24698,77.71744
13638,Depot-51 Sadaramangala,12.99672,77.72654
13639,K Dommasandra,13.00821,77.74073
13640,Skylark Arcadia Sadaramangala,13.00637,77.73549
13641,Kadugodi Govt Hospital,12.99692,77.76167
13642,Skylark Arcadia Sadaramangala,13.00641,77.73551
13643,Sadaramangala,12.99927,77.73675
13644,K Dommasandra,13.0082,77.74076
13645,Depot-52 Huttanahalli,13.15723,77.65873
13646,Depot-06 Indiranagara,12.98189,77.63446
13647,Dodda Nekkundi Junction,12.95607,77.69166
13648,GBJ Colony Gate Doddanekkundi,12.95753,77.69134
13649,RBI Quarters Cunningham Road,12.98947,77.5959
13650,Senior Officers Quaters,12.96812,77.65477
13651,Depot-07 Subhashnagara,12.97901,77.57186
13652,Depot-08 Yashawanthapura,13.01777,77.55551
13653,Peenya 14th Cross,13.0166,77.50539
13654,Depot-9,13.02036,77.50051
13655,Timber Yard Layout,12.94832,77.5433
13656,Nagarabhavi,12.95704,77.51579
13657,Nrupathunganagara Chandana Hospital,12.9583,77.50939
13658,CS-Dayanand Sagar College Kanakapura Road,12.82509,77.51368
13659,CS-Dayananda Sagar College Banashankari,12.90949,77.56573
13660,Mayasandra Gate,13.30994,77.65983
13661,Thilagere,13.32262,77.68114
13662,Karahalli,13.32713,77.69202
13663,Kotalammana Devasthana,13.31899,77.69459
13664,Yamarahalli Nagara,13.30799,77.69782
13665,Kodalagurki,13.29925,77.70112
13666,Kaatumariyammana Devasthana,13.29772,77.70162
13667,Malligenahalli Cross,13.28758,77.70576
13668,Chikka Nagamangala,12.86,77.69495
13669,Dodda Thoguru,12.85063,77.65506
13670,Channakeshavanagara,12.8781,77.65481
13671,CS-Featherlite Factory Hejjala,12.85352,77.4265
13672,CS-Fetherlite Factory Guddadahalli,12.95018,77.54642
13673,St Johns School Thamos Cafe,12.99165,77.61155
13674,Coles Park,12.99301,77.60927
13675,Pottery Town,12.99917,77.60852
13676,Shoolay Circle Brigade Road,12.96584,77.60687
13677,MICO Factory Junction,12.94428,77.60286
13678,Chandrappanagara,12.9413,77.60255
13679,Gottigere,12.85747,77.58888
13680,CS-Gnana Bodhini High School,12.92689,77.49488
13681,CS-Doddabele,12.88897,77.47745
13682,CS-Depot-42 Gate,12.89509,77.7055
13683,CS-Genius Global School Kodathi,12.87829,77.71695
13684,CS-Belenus Hospital Near Carmelram Gate,12.9022,77.7085
13685,CS-Kodathi Gate,12.8965,77.72033
13686,CS-Vidyamanyanagara,13.00466,77.48737
13687,CS-HAL LCA,12.96327,77.68226
13688,CS-HAL Main Gate,12.95852,77.66605
13689,CS-Nelamangala Bus Stand,13.09814,77.39404
13690,CS-HAL ARDC,12.96235,77.68876
13691,CS-Budigere,13.13517,77.74753
13692,CS-Gongatipura,12.96232,77.47196
13693,CS-Bande Mutt Arch,12.91903,77.4775
13694,CS-HAL Hospital,12.96247,77.66609
13695,CS-GBJ Colony Gate Doddanekkundi,12.95746,77.69136
13696,CS-HAL New Public School,12.95649,77.68224
13697,CS-Bristol Quarters,12.98855,77.66256
13698,CS-Andhrahalli Govt School,13.00957,77.4828
13699,CS-Arishinakunte,13.07961,77.42448
13700,CS-Chowdeshwarinagara ORR,13.00053,77.52498
13701,CS-Annapoorneshwarinagara,12.98075,77.507
13702,CS-Kommaghatta,12.93025,77.46481
13703,CS-Patalamma Temple,12.90461,77.53026
13704,CS-Ramasandra,12.94537,77.46782
13705,CS-Thataguni Sai Garden,12.84329,77.51185
13706,Vapasandra,12.82667,77.63999
13707,Jayasandrahalli,12.83055,77.64101
13708,CS-Hasanath College Dickenson Road,12.97925,77.61488
13709,CS-Nagavara Junction,13.0402,77.62433
13710,The HSR Club,12.90905,77.64467
13711,Amruth Sweets,12.90921,77.64153
13712,Born Babies,12.90929,77.63804
13713,MC Donald,12.91231,77.63761
13714,Mangammanapalya,12.90725,77.63505
13715,Salarpuria Apartment,12.90692,77.63254
13716,Vasudev Adigas Hotel,12.91066,77.63244
13717,Srirangam Silk House HSR Layout,12.91245,77.63521
13718,MC Donald,12.91237,77.63752
13719,Swabiman Park,12.91229,77.6414
13720,Nandini Cool Joint,12.91264,77.64461
13721,MTR Hotel,12.91696,77.64477
13722,Thirumala Theatre,12.91946,77.64899
13723,HSR Lay Out Police Station,12.92014,77.65158
13724,Agara Junction,12.92417,77.65075
13725,Nandas Hotel,12.92173,77.64503
13726,MTR Hotel,12.91703,77.64485
13727,Nandini Cool Joint,12.91267,77.64466
13728,Swabhiman Park,12.9122,77.64151
13729,Vasudev Adigas Hotel,12.91069,77.63247
13730,Salarpuria Apartment,12.90696,77.63256
13731,Born Babies,12.90929,77.63806
13732,Amruth Sweets,12.90926,77.64147
13733,The HSR Club,12.90907,77.64464
13734,CS-Head Start School Kommasandra,12.86047,77.73498
13735,CS-Koramangala TTMC,12.94053,77.62488
13736,CS-People Tree Hospital Girinagara,12.9408,77.54305
13737,CS-Depot-06 Gate,12.98255,77.63448
13738,CS-Wilson Garden 10th Cross,12.948,77.597
13739,CS-National Games Village Gate,12.94905,77.62029
13740,CS-Ravi Tent,12.95186,77.62108
13741,CS-Electronic City,12.84829,77.67081
13742,CS-HAL Museum,12.95461,77.6807
13743,CS-St Johns Wood Apartment Tavarekere,12.93016,77.60971
13744,Kommasandra,12.86132,77.74405
13745,CS-IIHS Sadashivanagara,13.00514,77.58126
13746,CS-Mariyannapalya,13.04943,77.61183
13747,IIHS Sadashivanagara,13.00544,77.58069
13748,Sadashivanagara,13.00864,77.58029
13749,CS-ISRO Karthik Nagara,12.96605,77.69507
13750,CS-ISRO Quarters Jalahalli,13.04416,77.53506
13751,CS-ISRO Murugeshpalya,12.95959,77.65423
13752,CS-ITPL,12.98597,77.74669
13753,CS-Uttarahalli,12.9051,77.54325
13754,CS-Ambedkar Institute of Technology,12.96352,77.50519
13755,CS-Indiranagara KFC,12.98391,77.64048
13756,CS-Yelahanka Satellite Town,13.09595,77.57902
13757,CS-Mayohall,12.97365,77.61075
13758,CS-Sultanpalya,13.0263,77.60402
13759,CS-Hosakerehalli Cross,12.93032,77.54355
13760,CS-Koli Farm Gate,12.84146,77.58858
13761,CS-Konanakunte Cross,12.88974,77.56351
13762,CS-Jambu Savari Dinne,12.86581,77.58105
13763,CS-Marathahalli Bridge,12.95697,77.70107
13764,CS-Indian Airforce Yelahanka,13.13151,77.61551
13765,CS-Heritage Estate,13.11811,77.57793
13766,CS-Juggat Pharma,12.89093,77.45496
13767,CS-Depot-14 Gate,13.02857,77.59349
13768,CS-JP Nagara 6th Phase,12.90633,77.57809
13769,CS-Vijayanagara,12.97179,77.53758
13770,CS-JINDAL,13.22022,77.25403
13771,CS-Jnanakshi Vidyaniketan School,12.9123,77.5138
13772,CS-Jnanakshi Vidyaniketan School,12.91204,77.51353
13773,Glass House Halage Vaderahalli,12.90695,77.51215
13774,Bengaluru Children Hospital,12.90986,77.51342
13775,CS-Kangovi PVT LTD Kukkanahalli,13.15437,77.43828
13776,CS-Kongovi PVT LTD Peenya,13.02156,77.51097
13777,CV Raman Nagara Railway Gate,12.98344,77.67973
13778,Kaggadasapura Main Road,12.98549,77.67236
13779,Senior Officers Quaters,12.96816,77.65469
13780,HAL Museum,12.95468,77.68096
13781,Jayanagar 6th block,12.9309,77.57878
13782,Kendriya Vidyalaya Malleshwara,13.00907,77.56913
13783,Kuduregere Gate,13.18972,77.60057
13784,Navayuga Toll  (Military Dairy Farm),13.05,77.59272
13785,Allalasandra Gate,13.08534,77.59437
13786,Trumpet (KIA),13.19762,77.65547
13787,Kempegowda International Airport,13.19916,77.70774
13788,Royal Meenakshi Mall,12.87642,77.59564
13789,Kempegowda International Airport,13.19904,77.70871
13790,KIA Terminal 2,13.19877,77.71539
13791,Kempegowda International Airport Back Gate,13.19806,77.68058
13792,Trumpet (KIA),13.19655,77.65464
13793,Navayuga Toll (KIA),13.19332,77.65018
13794,MEG Centre,12.98736,77.62262
13795,Millers Road,12.99538,77.60218
13796,Navayuga Toll (KIA),13.19369,77.64945
13797,R V Dental College,12.91046,77.58547
13798,Indiragandhi Circle,12.91088,77.57862
13799,MEG Centre (KIA),12.98847,77.6172
13800,ESI Hospital White Field,12.99076,77.70641
13801,Navayuga Toll (Military Dairy Farm),13.05037,77.593
13802,Forum City Apartment,12.99688,77.58754
13803,Electronic City KIA,12.85049,77.66201
13804,CS-KIMS Makkalakoota,12.9564,77.5741
13805,CS-Kempegowda Institute Nursing Hostel,12.90391,77.52977
13806,CS-KLE Society College,12.96829,77.48136
13807,CS-KLE Hostel Goraguntepalya,13.03121,77.5356
13808,1st Stage HBR Layout,13.02116,77.6263
13809,Hilal Nagara Cross HBR Layout,13.02151,77.62219
13810,Narendra Tent Nagawara,13.02682,77.62062
13811,BDA Complex HBR Layout,13.02589,77.62809
13812,Vaddarapalya (Anugraha Meadows),13.03881,77.6447
13813,Sir M Vishweshwaraiah Railway Station,12.99835,77.64109
13814,Kempapura,12.94653,77.67303
13815,Yamalur,12.94846,77.68069
13816,Hasanath College,12.97962,77.61384
13817,KR Circle,12.97529,77.58598
13818,City Civil Court,12.97334,77.58243
13819,Badrapura,12.87177,77.42746
13820,CS-Kendriya Vidyalaya DRDO Quarters,12.98693,77.66389
13821,CS-HAL Gnanajyothi School,12.96033,77.69336
13822,CS-Kendriya Vidyalaya ASC Center,12.96701,77.61232
13823,CS-CPWD HSR Layout,12.91417,77.65226
13824,CS-HAL Market/SBI Bank,12.96036,77.66622
13825,CS-DSC HAL GM Palya,12.97664,77.66825
13826,CS-Kendriya Vidyalaya Malleshwara,13.0093,77.569
13827,CS-Deepa Complex,12.96659,77.50506
13828,CS-Shirke KHB Quarters,12.93192,77.48811
13829,CS-Ashoka Pillar,12.94312,77.58529
13830,CS-Munnekolalu Cross,12.95637,77.70854
13831,CS-Hosa Road,12.8702,77.65336
13832,CS-Kendriya Vidyalaya Halasuru (MEGC),12.98572,77.62529
13833,CS-Ayyappa Temple Banasawadi,13.00756,77.64077
13834,CS-Muneshwar Temple BMD,12.93646,77.60663
13835,CS-Peenya 2nd Stage,13.01064,77.50676
13836,CS-East End Jayanagara,12.91703,77.59681
13837,CS-Pottery Town,12.99919,77.60854
13838,CS-Kannur Circle,13.09408,77.6547
13839,CS-Bamboo Bazaar,12.99196,77.60368
13840,CS-The Light House International Academy,13.13359,77.72208
13841,St Josephine School Annapoorneshwarinagara,12.9778,77.50574
13842,3rd Main Road Annapoorneshwarinagara,12.97811,77.50446
13843,Srigandhada Kaval,12.97871,77.50174
13844,Bharathnagara Sunkadakatte,12.97958,77.50203
13845,Muneshwara Temple,12.98343,77.50259
13846,Kendriya Vidyalaya Halasuru (MEGC),12.9858,77.62529
13847,Bharathnagara Sunkadakatte,12.97957,77.50205
13848,Aralimara Ullalu,12.95768,77.48731
13849,5th Block Vishweshwaraiah Layout,12.95838,77.4816
13850,3rd Block Jn Banashankari 6th Phase,12.87818,77.51651
13851,MRB Grand Hotel,12.88835,77.51601
13852,Srinivasapura Cross,12.90405,77.5107
13853,Pattanagere Jayanna Circle,12.92633,77.51434
13854,Inchara Hotel/Zaitoon,12.90057,77.58582
13855,Brigade Palm Springs,12.89508,77.58628
13856,BOB Colony,12.89299,77.5864
13857,RBI Layout,12.89004,77.58191
13858,Brigade Millenium,12.89217,77.58329
13859,Brigade Palm Springs,12.89514,77.58613
13860,Puttenahalli,12.89685,77.58588
13861,Shobha Tulip JP Nagara,12.89801,77.58589
13862,JP Nagara 24th Main 9th Cross,12.91052,77.58315
13863,JP Nagara 1st Phase,12.91125,77.57452
13864,Vaddarapalya JP Nagara 8th Phase,12.87463,77.57658
13865,Brook Haven JP Nagara 8th Phase,12.87155,77.57624
13866,Rayal Layout,12.86934,77.57589
13867,R V Metro Station,12.92179,77.58018
13868,Jayanagara Metro Station,12.92877,77.5803
13869,Jayanagara Bus Station,12.92881,77.58381
13870,ITPL Metro Station,12.98774,77.7373
13871,ITPL Metro Station,12.98754,77.7373
13872,RV Dental College,12.91054,77.5863
13873,Milk Booth JP Nagara,12.90998,77.59526
13874,JP Nagara 3rd Phase,12.90712,77.59976
13875,Mallasandra Poorvankara Apartment,12.85307,77.54488
13876,KSSEM College,12.8598,77.54219
13877,Holiday Village Apartment,12.86697,77.54371
13878,Concorde Napa Valley,12.78852,77.5121
13879,Judicial Layout,12.86837,77.53933
13880,Mallasandra Bus Stand (Charging Point),13.05925,77.50719
13881,Jalahalli Cross,13.04017,77.51843
13882,Jalahalli Cross Metro Station Arrival,13.03971,77.5191
13883,Chikka Banavara,13.08057,77.5026
13884,Kebbepalya Gate,13.09012,77.51389
13885,Somashettyhalli Cross,13.09288,77.52358
13886,Doddabidarakallu,13.03594,77.49368
13887,Thippennahalli,13.03662,77.48706
13888,Shreeram Public School,13.04625,77.49143
13889,Chirayu Pali Clinic,13.04424,77.49068
13890,Muniswamappa Layout,13.044,77.49058
13891,Muneshwara Swamy Temple,13.04015,77.48859
13892,Suvarna Nagara,13.03324,77.49491
13893,Venugopala Nagara,13.03969,77.49403
13894,Rock Line Studio,13.0406,77.49634
13895,Nagasandra,13.03946,77.49999
13896,Chowdeshwarinagara Bus Stand,13.00135,77.52087
13897,Achyuthanagara Gate,13.08418,77.48655
13898,Bloom Field Garden,13.06573,77.55331
13899,Jalahalli Village,13.04518,77.54791
13900,Peenya Metro Station,13.03293,77.53336
13901,CMTI,13.03293,77.53395
13902,Bone Mill,13.06383,77.50494
13903,Govt School Thotada Guddadahalli,13.07006,77.48688
13904,BIES Kuduregere,13.06249,77.46974
13905,Madanayakanahalli,13.06132,77.46153
13906,Medarahalli Railway Gate,13.06735,77.51589
13907,Shettyhalli Cross,13.05019,77.52561
13908,Stone Factory,12.84427,77.4977
13909,Agara,12.84479,77.48713
13910,Sri Swananda Ashrama,12.84396,77.49423
13911,Rajarajeshwari nagara Metro Station,12.93689,77.5196
13912,Udaya Badavane,12.9617,77.467
13913,Jnanabharathi Metro Station,12.93596,77.51278
13914,Kadugodi Bus Station Arrival,12.99596,77.7585
13915,Chikkammanapalya,12.95049,77.42292
13916,Gulaganjahalli Cross,12.94152,77.42525
13917,Krishnasagara,12.93612,77.42869
13918,Maragondanahalli Cross,12.93493,77.4314
13919,Nursery Maragondanahalli,12.93632,77.43844
13920,Balaji Badavane Sulikere,12.93569,77.44328
13921,Sulikere Cross,12.93484,77.44647
13922,Srinivasapura Uttarahalli Road,12.90129,77.51091
13923,Kariyanapalya,12.89276,77.52181
13924,Srinivasapura Uttarahalli Road,12.90086,77.51092
13925,Dalmia Circle,12.90618,77.59504
13926,JP Nagara 5th Phase,12.90626,77.59037
13927,JP Nagara 15th Cross 1,12.90626,77.58764
13928,Sarakki Signal,12.90639,77.57373
13929,Ilyas Nagara,12.90838,77.5704
13930,Mysore Road Bus Station,12.95366,77.54391
13931,Ramakrishna Layout,12.97808,77.51653
13932,Domlur Bridge,12.96356,77.63834
13933,Hoysalanagara Vinayaka Circle,13.01992,77.66603
13934,Kanakagiri Horamavu,13.04132,77.6685
13935,Bhagwan Mahaveer Jain Hospital,12.99059,77.59596
13936,Ganesha Temple Vasanthanagara,12.99516,77.59216
13937,Mount Carmel College,12.99315,77.58893
13938,Raj Bhavan,12.98437,77.59287
13939,Cubbon Park Metro Station,12.98068,77.59831
13940,Hoodi,12.9923,77.7161
13941,Sri Mata Amritanandamayi Ashram,12.94607,77.48666
13942,CS-Mahathma Vidhyalaya Muttanalluru,12.83189,77.73495
13943,CS-Dodda Nagamangala Tirumala Bekary,12.86232,77.67769
13944,CS-Hado Siddapura,12.89456,77.70111
13945,Nyaya Degula,12.95419,77.59038
13946,NICE Road Tumkur Road Junction,13.05351,77.47678
13947,NICE Road 1St Stone,13.04239,77.47538
13948,NICE Road 2nd Stone,13.03235,77.47578
13949,NICE Road 3rd Stone,13.0228,77.47563
13950,4th Stone NICE Road,13.009,77.47509
13951,NICE Road Magadi Road Junction,12.99008,77.47252
13952,5th Stone NICE Road,12.97116,77.47145
13953,NICE Road 6th Stone,12.94602,77.4701
13954,NICE Road 7th Stone,12.93791,77.46959
13955,NICE Road 8th Stone,12.92684,77.46953
13956,NICE Road Mysore Road Junction,12.90245,77.47062
13957,9th Stone NICE Road,12.88789,77.48532
13958,NICE Office,12.88111,77.49329
13959,10th Stone NICE Road,12.87273,77.4986
13960,NICE Road 11th Stone,12.86449,77.51125
13961,NICE Road 12th Stone,12.86008,77.52223
13962,NICE Road Kanakapura Road Junction,12.85849,77.52611
13963,Poorvankara Apartment,12.85356,77.54207
13964,NICE Road 13th Stone,12.84954,77.55846
13965,NICE Road 14th Stone,12.84866,77.57206
13966,NICE Road Bannerughatta Road Junction,12.85032,77.58619
13967,NICE Road 15th Stone,12.85499,77.60959
13968,NICE Road 16th Stone,12.86416,77.6253
13969,NICE Road 17th Stone,12.86481,77.64383
13970,ELC NICE Road,12.85824,77.6588
13971,ELC NICE Road,12.85806,77.65885
13972,NICE Road 17th Stone,12.8646,77.64375
13973,NICE Road 16th Stone,12.864,77.62551
13974,NICE Road 15th Stone,12.85483,77.61009
13975,NICE Road Bannerughatta Road Junction,12.85004,77.58986
13976,NICE Road 14th Stone,12.84843,77.57191
13977,NICE Road 13th Stone,12.84933,77.55834
13978,Poorvankara Apartment,12.85334,77.54208
13979,NICE Road Kanakapura Road Junction,12.85828,77.52614
13980,NICE Road 12th Stone,12.85989,77.52208
13981,NICE Road 11th Stone,12.86431,77.51118
13982,10th Stone NICE Road,12.87242,77.49865
13983,NICE Office,12.88089,77.49311
13984,NICE Road 9th Stone,12.88753,77.48528
13985,NICE Road Mysore Road Junction,12.90175,77.47068
13986,NICE Road 8th Stone,12.92682,77.46936
13987,NICE Road 7th Stone,12.93789,77.46943
13988,NICE Road 6th Stone,12.94599,77.46993
13989,NICE Road 5th Stone,12.97116,77.47127
13990,NICE Road Magadi Road Junction,12.9901,77.47227
13991,NICE Road 4th Stone,13.00933,77.47494
13992,NICE Road 3rd Stone,13.02279,77.4754
13993,NICE Road 2nd Stone,13.03242,77.47554
13994,NICE Road 1st Stone,13.04219,77.47506
13995,NICE Road Tumkur Road Junction,13.05403,77.47667
13996,NICE Toll Electronic City,12.85879,77.65603
13997,NICE Office,12.87908,77.49359
13998,BME-2 NICE Road,12.89345,77.51346
13999,BME-1 NICE Road,12.91943,77.53179
14000,NICE Road Veerabhadranagara,12.94054,77.53121
14001,Nagaresh Nagenahalli,13.07027,77.64265
14002,CS-Senior Officers Quaters,12.96814,77.65479
14003,CS-Oasis School,13.08918,77.66602
14004,CS-V CARE HOSPITAL,13.01589,77.5976
14005,CS-Sheshadripuram Fortis Hospital,12.98523,77.58115
14006,CS-PESIT College Electronic City,12.86114,77.66431
14007,CS-PES College Hostel Kasavanahalli,12.89483,77.67326
14008,Kempegowda Institute Nursing Hostel,12.90393,77.52969
14009,Sunkadakatte,12.98989,77.50154
14010,Shubha Ultima Club House,13.08458,77.59914
14011,CS-PAPAS Trading PVT LTD,12.89131,77.59408
14012,CS-Kothnoor Dinne JP Nagara 8th Phase,12.87514,77.58413
14013,CS-BPL Arekere,12.88755,77.59714
14014,CS-Shanthinikethana Layout,12.88296,77.60325
14015,CS-RBI Nrupatunga Road,12.97203,77.58692
14016,CS-RBI Quarters Cunningham Road,12.98943,77.59587
14017,Reserve Bank Of India Nrupatunga Road,12.97214,77.58689
14018,Razakpalya Cross,13.14965,77.65882
14019,Ganesh Mantapa,13.01818,77.64734
14020,Parachute,13.01183,77.59603
14021,YMC Nandhidurga Road,12.99596,77.60178
14022,Commercial Street,12.98163,77.60822
14023,Kamaraja Road,12.98424,77.61165
14024,Thomas Cafe,12.99065,77.61371
14025,JC Nagara,13.00952,77.59463
14026,V CARE HOSPITAL,13.01594,77.5976
14027,CS-St Clare School,12.91469,77.44763
14028,CS-Mylasandra Cross,12.91814,77.4908
14029,CS-Anchepalya,12.89273,77.45782
14030,CS-Depot-12 Gate,12.90465,77.47084
14031,CS-NICE Jn Kengeri,12.90179,77.46856
14032,CS-Kengeri Bus Stand,12.91372,77.48663
14033,CS-Chandrappa Circle,12.9105,77.36986
14034,CS-Muneshwara Layout,12.87435,77.47074
14035,CS-Basava Gangotri Samste,12.88364,77.45005
14036,CS-Kengeri Railway Station,12.9169,77.4824
14037,CS-Maligondanahalli,12.91587,77.41527
14038,Archakara Badavane,12.91876,77.45237
14039,Ittige Factory,12.92002,77.46114
14040,Beedi Karmikara Colony,12.91906,77.471
14041,CS-Shahi Ex PVT Ltd U-7 Bellanduru,12.92286,77.67434
14042,CS-Kudlu Slum Quaters,12.88971,77.65649
14043,CS-Shahi Exports PVT Ltd Unit-7,12.91939,77.66765
14044,CS-Garuda Mall Magrath Road,12.97026,77.61079
14045,CS-Sanabil Educational Trust,12.84408,77.60353
14046,Sheshadripuram Fortis Hospital,12.98529,77.58126
14047,CS-Sacred Heart Girls' High School,12.97055,77.60412
14048,Sacred Heart Girls' High School,12.97048,77.60416
14049,CS-K Narayanapura,13.06312,77.64222
14050,CS-Sophiya School,12.98587,77.58941
14051,CS-Vidyaranyapura Bus Stand,13.08377,77.56096
14052,CS-Miranda School,12.96813,77.6515
14053,CS-Sophiya School,12.98601,77.58863
14054,CS-Nagarabhavi Circle,12.95849,77.51892
14055,CS-Bagmane Tech Park (Graphite India),12.97025,77.70702
14056,CS-Seetharampalya Metro Station,12.98013,77.7089
14057,CS-St Joseph Boys High School Musuem Road,12.97169,77.60448
14058,CS-Okalipuram,12.98258,77.56812
14059,CS-Kalyananagara Bus Stand,13.02629,77.63902
14060,CS-JP Nagara Metro Station,12.90743,77.57305
14061,CS-SJS CBSE Gate-2,12.97086,77.5942
14062,CS-Shilp Bekary,13.03779,77.65016
14063,St joseph CBSE Gate-2,12.97164,77.59523
14064,Binny Mill ETA Garden,12.97325,77.56639
14065,National College,12.94865,77.57567
14066,Lalbagh Hopcoms,12.95182,77.59056
14067,CS-K Narayanapura Cross,13.05283,77.64607
14068,CS-St Johns Hospital,12.92875,77.61831
14069,CS-Anjanamurty,13.04518,77.57415
14070,CS-Renaissance prosperio apartment,13.0645,77.59381
14071,CS-Sri Sai Packaging Company,12.99789,77.46336
14072,CS-Jalahalli Cross,13.03983,77.5183
14073,CS-SDM Hospital Anchepalya,12.8939,77.45717
14074,CS-St Benidict School,12.88699,77.45886
14075,CS-Kumbalagodu,12.87822,77.44549
14076,CS-LAKE VIEW appartment near beedi colony,12.92185,77.47579
14077,CS-Basavanagara Kengeri,12.90118,77.46752
14078,CS-St Johns High School Thomas Cafe,12.99477,77.60981
14079,CS-Vaddarapalya (Anugraha Meadows),13.03893,77.64472
14080,CS-FAZ FARMS,13.02555,77.66744
14081,CS-Sapthagiri Vidya Mandir,12.90739,77.70544
14082,CS-Doddakannalli,12.90727,77.69523
14083,CS-Chikka Bellanduru,12.91221,77.71445
14084,CS-St Vincent Palloti School,13.03191,77.65098
14085,CS-Ramamurthy Nagara Church,13.01173,77.67887
14086,CS-Therelek Eng Pvt Limited Avverahalli,13.20153,77.2568
14087,CS-Therelek Engineers PVT LTD Peenya,13.02376,77.51852
14088,CS-Udbhava School Gulaganjanahalli,12.92669,77.41745
14089,CS-Ittamadu Reliance Smart Point,12.91966,77.54229
14090,CS-Chandra Layout,12.95826,77.52649
14091,Balaji Layout,12.96005,77.48932
14092,CS-Ultra Violatt Automotion Jigani,12.76577,77.64073
14093,Wonderla Amusement Park,12.8365,77.40206
14094,YAPB Toll (Volvo),13.21285,77.55423
14095,Navayuga Toll (V-298MN),13.20135,77.66141
14096,Avathi,13.29633,77.72548
14097,Venkatagiri Kote,13.32716,77.72547
14098,Nandi Cross,13.36842,77.72579
14099,RTO Office Chikkaballapura,13.38317,77.72626
14100,BGS College Chikkaballapura,13.39551,77.72662
14101,Govt Junior College Chikkaballapura,13.42953,77.73056
14102,Chikkaballapura,13.43768,77.73199
14103,Hosakote Toll (Volvo),13.05943,77.77099
14104,Hosakote Toll (Volvo),13.05978,77.77072
14105,Bull Temple,12.94269,77.56778
14106,CS-Valley School Kanakapura Road,12.85463,77.50983
14107,CS-Good Earth Malhar,12.88562,77.46454
14108,CS-Janatha Bazar Banashankari,12.92832,77.54603
14109,CS-Shakthi Hills Resort,12.91154,77.52778
14110,CS-Kastruriba Road,12.97323,77.59504
14111,CS Depot-25 HSR Layout,12.92001,77.64334
14112,CS-Classic Archid Apartment Kothanuru,12.87489,77.59224
14113,CS-Shobha Hills View Apartment,12.86497,77.51994
14114,Narasimha Temple,12.77624,77.6361
14115,CS-Vidyaniketan School Hebbala,13.04756,77.59661
14116,CS-Binny Mill ETA Garden,12.97325,77.56642
14117,CS-Mantri Green Apartment Sampige Talkies,12.99326,77.5703
14118,CS-Sanjayanagara Vybhava Talkies,13.03724,77.57447
14119,CS-Adishwara Bombay Dying,13.0212,77.55614
14120,CS-Swastik Sheshadripuram,12.98904,77.5743
14121,CS-Bhuvaneshwari Nagar,13.0322,77.60486
14122,CS-RT Nagara Police Station,13.02495,77.59297
14123,CS-Bhoopasandra,13.04245,77.58099
14124,CS-Dhoopanahalli,12.96351,77.6415
14125,CS-Alphine Apartment,13.06647,77.57655
14126,CS-Jalavayuvihar,13.02083,77.63695
14127,CS-PES College ORR,12.93507,77.53657
14128,CS-Whispering Meadows Patelappa Layout,13.04649,77.57142
14129,CS-Shubha Ultima Club House,13.08484,77.59945
14130,CS-Bhartiya City Chokkanahalli,13.08332,77.64251
14131,CS-Devis Road,13.00329,77.619
14132,CS-Platinum City Apartment,13.03501,77.53308
14133,CS-Park Hotel 1MG,12.97399,77.61998
14134,CS-Vaiyalikaval Police Station,13.00189,77.57848
14135,Vasanth Enclave,13.01161,77.59353
14136,Viva Toyota Hunasamaranahalli,13.14973,77.61946
14137,Platinum City Apartment SRS,13.03492,77.53337
14138,Bashyam Circle,13.00473,77.57848
14139,Malleshwara 18th Cross,13.009,77.57134
